[0.195s] DEBUG:colcon:Command line arguments: ['/usr/bin/colcon', 'build']
[0.195s] DEBUG:colcon:Parsed command line arguments: Namespace(log_base=None, log_level=None, verb_name='build', build_base='build', install_base='install', merge_install=False, symlink_install=False, test_result_base=None, continue_on_error=False, executor='parallel', parallel_workers=8, event_handlers=None, ignore_user_meta=False, metas=['./colcon.meta'], base_paths=['.'], packages_ignore=None, packages_ignore_regex=None, paths=None, packages_up_to=None, packages_up_to_regex=None, packages_above=None, packages_above_and_dependencies=None, packages_above_depth=None, packages_select_by_dep=None, packages_skip_by_dep=None, packages_skip_up_to=None, packages_select_build_failed=False, packages_skip_build_finished=False, packages_select_test_failures=False, packages_skip_test_passed=False, packages_select=None, packages_skip=None, packages_select_regex=None, packages_skip_regex=None, packages_start=None, packages_end=None, allow_overriding=[], cmake_args=None, cmake_target=None, cmake_target_skip_unavailable=False, cmake_clean_cache=False, cmake_clean_first=False, cmake_force_configure=False, ament_cmake_args=None, catkin_cmake_args=None, catkin_skip_building_tests=False, mixin_files=None, mixin=None, verb_parser=<colcon_mixin.mixin.mixin_argument.MixinArgumentDecorator object at 0x7023650ff500>, verb_extension=<colcon_core.verb.build.BuildVerb object at 0x702365013c80>, main=<bound method BuildVerb.main of <colcon_core.verb.build.BuildVerb object at 0x702365013c80>>, mixin_verb=('build',))
[0.248s] Level 1:colcon.colcon_core.package_discovery:discover_packages(colcon_meta) check parameters
[0.248s] Level 1:colcon.colcon_core.package_discovery:discover_packages(recursive) check parameters
[0.248s] Level 1:colcon.colcon_core.package_discovery:discover_packages(ignore) check parameters
[0.248s] Level 1:colcon.colcon_core.package_discovery:discover_packages(path) check parameters
[0.248s] Level 1:colcon.colcon_core.package_discovery:discover_packages(colcon_meta) discover
[0.248s] Level 1:colcon.colcon_core.package_discovery:discover_packages(recursive) discover
[0.248s] INFO:colcon.colcon_core.package_discovery:Crawling recursively for packages in '/home/joel/vsC/Self-Driving-and-ROS-2-Learn-by-Doing-Plan-Navigation/Section3_Introduction_to_ROS_2/bumperbot_ws'
[0.248s] Level 1:colcon.colcon_core.package_identification:_identify(.) by extensions ['ignore', 'ignore_ament_install']
[0.248s] Level 1:colcon.colcon_core.package_identification:_identify(.) by extension 'ignore'
[0.248s] Level 1:colcon.colcon_core.package_identification:_identify(.) by extension 'ignore_ament_install'
[0.249s] Level 1:colcon.colcon_core.package_identification:_identify(.) by extensions ['colcon_pkg']
[0.249s] Level 1:colcon.colcon_core.package_identification:_identify(.) by extension 'colcon_pkg'
[0.249s] Level 1:colcon.colcon_core.package_identification:_identify(.) by extensions ['colcon_meta']
[0.249s] Level 1:colcon.colcon_core.package_identification:_identify(.) by extension 'colcon_meta'
[0.249s] Level 1:colcon.colcon_core.package_identification:_identify(.) by extensions ['ros']
[0.249s] Level 1:colcon.colcon_core.package_identification:_identify(.) by extension 'ros'
[0.280s] Level 1:colcon.colcon_core.package_identification:_identify(.) by extensions ['cmake', 'python']
[0.280s] Level 1:colcon.colcon_core.package_identification:_identify(.) by extension 'cmake'
[0.280s] Level 1:colcon.colcon_core.package_identification:_identify(.) by extension 'python'
[0.280s] Level 1:colcon.colcon_core.package_identification:_identify(.) by extensions ['python_setup_py']
[0.280s] Level 1:colcon.colcon_core.package_identification:_identify(.) by extension 'python_setup_py'
[0.281s] Level 1:colcon.colcon_core.package_identification:_identify(build) by extensions ['ignore', 'ignore_ament_install']
[0.281s] Level 1:colcon.colcon_core.package_identification:_identify(build) by extension 'ignore'
[0.281s] Level 1:colcon.colcon_core.package_identification:_identify(build) ignored
[0.281s] Level 1:colcon.colcon_core.package_identification:_identify(install) by extensions ['ignore', 'ignore_ament_install']
[0.281s] Level 1:colcon.colcon_core.package_identification:_identify(install) by extension 'ignore'
[0.281s] Level 1:colcon.colcon_core.package_identification:_identify(install) ignored
[0.281s] Level 1:colcon.colcon_core.package_identification:_identify(log) by extensions ['ignore', 'ignore_ament_install']
[0.281s] Level 1:colcon.colcon_core.package_identification:_identify(log) by extension 'ignore'
[0.281s] Level 1:colcon.colcon_core.package_identification:_identify(log) ignored
[0.281s] Level 1:colcon.colcon_core.package_identification:_identify(src) by extensions ['ignore', 'ignore_ament_install']
[0.281s] Level 1:colcon.colcon_core.package_identification:_identify(src) by extension 'ignore'
[0.281s] Level 1:colcon.colcon_core.package_identification:_identify(src) by extension 'ignore_ament_install'
[0.281s] Level 1:colcon.colcon_core.package_identification:_identify(src) by extensions ['colcon_pkg']
[0.281s] Level 1:colcon.colcon_core.package_identification:_identify(src) by extension 'colcon_pkg'
[0.281s] Level 1:colcon.colcon_core.package_identification:_identify(src) by extensions ['colcon_meta']
[0.281s] Level 1:colcon.colcon_core.package_identification:_identify(src) by extension 'colcon_meta'
[0.281s] Level 1:colcon.colcon_core.package_identification:_identify(src) by extensions ['ros']
[0.281s] Level 1:colcon.colcon_core.package_identification:_identify(src) by extension 'ros'
[0.282s] Level 1:colcon.colcon_core.package_identification:_identify(src) by extensions ['cmake', 'python']
[0.282s] Level 1:colcon.colcon_core.package_identification:_identify(src) by extension 'cmake'
[0.282s] Level 1:colcon.colcon_core.package_identification:_identify(src) by extension 'python'
[0.282s] Level 1:colcon.colcon_core.package_identification:_identify(src) by extensions ['python_setup_py']
[0.282s] Level 1:colcon.colcon_core.package_identification:_identify(src) by extension 'python_setup_py'
[0.282s] Level 1:colcon.colcon_core.package_identification:_identify(src/bumperbot_bringup) by extensions ['ignore', 'ignore_ament_install']
[0.282s] Level 1:colcon.colcon_core.package_identification:_identify(src/bumperbot_bringup) by extension 'ignore'
[0.282s] Level 1:colcon.colcon_core.package_identification:_identify(src/bumperbot_bringup) by extension 'ignore_ament_install'
[0.282s] Level 1:colcon.colcon_core.package_identification:_identify(src/bumperbot_bringup) by extensions ['colcon_pkg']
[0.282s] Level 1:colcon.colcon_core.package_identification:_identify(src/bumperbot_bringup) by extension 'colcon_pkg'
[0.282s] Level 1:colcon.colcon_core.package_identification:_identify(src/bumperbot_bringup) by extensions ['colcon_meta']
[0.282s] Level 1:colcon.colcon_core.package_identification:_identify(src/bumperbot_bringup) by extension 'colcon_meta'
[0.282s] Level 1:colcon.colcon_core.package_identification:_identify(src/bumperbot_bringup) by extensions ['ros']
[0.282s] Level 1:colcon.colcon_core.package_identification:_identify(src/bumperbot_bringup) by extension 'ros'
[0.285s] DEBUG:colcon.colcon_core.package_identification:Package 'src/bumperbot_bringup' with type 'ros.ament_cmake' and name 'bumperbot_bringup'
[0.285s] Level 1:colcon.colcon_core.package_identification:_identify(src/bumperbot_controller) by extensions ['ignore', 'ignore_ament_install']
[0.285s] Level 1:colcon.colcon_core.package_identification:_identify(src/bumperbot_controller) by extension 'ignore'
[0.285s] Level 1:colcon.colcon_core.package_identification:_identify(src/bumperbot_controller) by extension 'ignore_ament_install'
[0.285s] Level 1:colcon.colcon_core.package_identification:_identify(src/bumperbot_controller) by extensions ['colcon_pkg']
[0.285s] Level 1:colcon.colcon_core.package_identification:_identify(src/bumperbot_controller) by extension 'colcon_pkg'
[0.285s] Level 1:colcon.colcon_core.package_identification:_identify(src/bumperbot_controller) by extensions ['colcon_meta']
[0.285s] Level 1:colcon.colcon_core.package_identification:_identify(src/bumperbot_controller) by extension 'colcon_meta'
[0.285s] Level 1:colcon.colcon_core.package_identification:_identify(src/bumperbot_controller) by extensions ['ros']
[0.285s] Level 1:colcon.colcon_core.package_identification:_identify(src/bumperbot_controller) by extension 'ros'
[0.286s] DEBUG:colcon.colcon_core.package_identification:Package 'src/bumperbot_controller' with type 'ros.ament_cmake' and name 'bumperbot_controller'
[0.286s] Level 1:colcon.colcon_core.package_identification:_identify(src/bumperbot_cpp_examples) by extensions ['ignore', 'ignore_ament_install']
[0.286s] Level 1:colcon.colcon_core.package_identification:_identify(src/bumperbot_cpp_examples) by extension 'ignore'
[0.286s] Level 1:colcon.colcon_core.package_identification:_identify(src/bumperbot_cpp_examples) by extension 'ignore_ament_install'
[0.287s] Level 1:colcon.colcon_core.package_identification:_identify(src/bumperbot_cpp_examples) by extensions ['colcon_pkg']
[0.287s] Level 1:colcon.colcon_core.package_identification:_identify(src/bumperbot_cpp_examples) by extension 'colcon_pkg'
[0.287s] Level 1:colcon.colcon_core.package_identification:_identify(src/bumperbot_cpp_examples) by extensions ['colcon_meta']
[0.287s] Level 1:colcon.colcon_core.package_identification:_identify(src/bumperbot_cpp_examples) by extension 'colcon_meta'
[0.287s] Level 1:colcon.colcon_core.package_identification:_identify(src/bumperbot_cpp_examples) by extensions ['ros']
[0.287s] Level 1:colcon.colcon_core.package_identification:_identify(src/bumperbot_cpp_examples) by extension 'ros'
[0.288s] DEBUG:colcon.colcon_core.package_identification:Package 'src/bumperbot_cpp_examples' with type 'ros.ament_cmake' and name 'bumperbot_cpp_examples'
[0.288s] Level 1:colcon.colcon_core.package_identification:_identify(src/bumperbot_description) by extensions ['ignore', 'ignore_ament_install']
[0.288s] Level 1:colcon.colcon_core.package_identification:_identify(src/bumperbot_description) by extension 'ignore'
[0.288s] Level 1:colcon.colcon_core.package_identification:_identify(src/bumperbot_description) by extension 'ignore_ament_install'
[0.289s] Level 1:colcon.colcon_core.package_identification:_identify(src/bumperbot_description) by extensions ['colcon_pkg']
[0.289s] Level 1:colcon.colcon_core.package_identification:_identify(src/bumperbot_description) by extension 'colcon_pkg'
[0.289s] Level 1:colcon.colcon_core.package_identification:_identify(src/bumperbot_description) by extensions ['colcon_meta']
[0.289s] Level 1:colcon.colcon_core.package_identification:_identify(src/bumperbot_description) by extension 'colcon_meta'
[0.289s] Level 1:colcon.colcon_core.package_identification:_identify(src/bumperbot_description) by extensions ['ros']
[0.289s] Level 1:colcon.colcon_core.package_identification:_identify(src/bumperbot_description) by extension 'ros'
[0.291s] DEBUG:colcon.colcon_core.package_identification:Package 'src/bumperbot_description' with type 'ros.ament_cmake' and name 'bumperbot_description'
[0.291s] Level 1:colcon.colcon_core.package_identification:_identify(src/bumperbot_firmware) by extensions ['ignore', 'ignore_ament_install']
[0.291s] Level 1:colcon.colcon_core.package_identification:_identify(src/bumperbot_firmware) by extension 'ignore'
[0.291s] Level 1:colcon.colcon_core.package_identification:_identify(src/bumperbot_firmware) by extension 'ignore_ament_install'
[0.292s] Level 1:colcon.colcon_core.package_identification:_identify(src/bumperbot_firmware) by extensions ['colcon_pkg']
[0.292s] Level 1:colcon.colcon_core.package_identification:_identify(src/bumperbot_firmware) by extension 'colcon_pkg'
[0.292s] Level 1:colcon.colcon_core.package_identification:_identify(src/bumperbot_firmware) by extensions ['colcon_meta']
[0.292s] Level 1:colcon.colcon_core.package_identification:_identify(src/bumperbot_firmware) by extension 'colcon_meta'
[0.292s] Level 1:colcon.colcon_core.package_identification:_identify(src/bumperbot_firmware) by extensions ['ros']
[0.292s] Level 1:colcon.colcon_core.package_identification:_identify(src/bumperbot_firmware) by extension 'ros'
[0.292s] DEBUG:colcon.colcon_core.package_identification:Package 'src/bumperbot_firmware' with type 'ros.ament_cmake' and name 'bumperbot_firmware'
[0.293s] Level 1:colcon.colcon_core.package_identification:_identify(src/bumperbot_localization) by extensions ['ignore', 'ignore_ament_install']
[0.293s] Level 1:colcon.colcon_core.package_identification:_identify(src/bumperbot_localization) by extension 'ignore'
[0.293s] Level 1:colcon.colcon_core.package_identification:_identify(src/bumperbot_localization) by extension 'ignore_ament_install'
[0.293s] Level 1:colcon.colcon_core.package_identification:_identify(src/bumperbot_localization) by extensions ['colcon_pkg']
[0.293s] Level 1:colcon.colcon_core.package_identification:_identify(src/bumperbot_localization) by extension 'colcon_pkg'
[0.293s] Level 1:colcon.colcon_core.package_identification:_identify(src/bumperbot_localization) by extensions ['colcon_meta']
[0.293s] Level 1:colcon.colcon_core.package_identification:_identify(src/bumperbot_localization) by extension 'colcon_meta'
[0.293s] Level 1:colcon.colcon_core.package_identification:_identify(src/bumperbot_localization) by extensions ['ros']
[0.293s] Level 1:colcon.colcon_core.package_identification:_identify(src/bumperbot_localization) by extension 'ros'
[0.294s] DEBUG:colcon.colcon_core.package_identification:Package 'src/bumperbot_localization' with type 'ros.ament_cmake' and name 'bumperbot_localization'
[0.294s] Level 1:colcon.colcon_core.package_identification:_identify(src/bumperbot_mapping) by extensions ['ignore', 'ignore_ament_install']
[0.294s] Level 1:colcon.colcon_core.package_identification:_identify(src/bumperbot_mapping) by extension 'ignore'
[0.294s] Level 1:colcon.colcon_core.package_identification:_identify(src/bumperbot_mapping) by extension 'ignore_ament_install'
[0.294s] Level 1:colcon.colcon_core.package_identification:_identify(src/bumperbot_mapping) by extensions ['colcon_pkg']
[0.294s] Level 1:colcon.colcon_core.package_identification:_identify(src/bumperbot_mapping) by extension 'colcon_pkg'
[0.294s] Level 1:colcon.colcon_core.package_identification:_identify(src/bumperbot_mapping) by extensions ['colcon_meta']
[0.294s] Level 1:colcon.colcon_core.package_identification:_identify(src/bumperbot_mapping) by extension 'colcon_meta'
[0.294s] Level 1:colcon.colcon_core.package_identification:_identify(src/bumperbot_mapping) by extensions ['ros']
[0.294s] Level 1:colcon.colcon_core.package_identification:_identify(src/bumperbot_mapping) by extension 'ros'
[0.295s] DEBUG:colcon.colcon_core.package_identification:Package 'src/bumperbot_mapping' with type 'ros.ament_cmake' and name 'bumperbot_mapping'
[0.295s] Level 1:colcon.colcon_core.package_identification:_identify(src/bumperbot_msgs) by extensions ['ignore', 'ignore_ament_install']
[0.295s] Level 1:colcon.colcon_core.package_identification:_identify(src/bumperbot_msgs) by extension 'ignore'
[0.295s] Level 1:colcon.colcon_core.package_identification:_identify(src/bumperbot_msgs) by extension 'ignore_ament_install'
[0.295s] Level 1:colcon.colcon_core.package_identification:_identify(src/bumperbot_msgs) by extensions ['colcon_pkg']
[0.295s] Level 1:colcon.colcon_core.package_identification:_identify(src/bumperbot_msgs) by extension 'colcon_pkg'
[0.295s] Level 1:colcon.colcon_core.package_identification:_identify(src/bumperbot_msgs) by extensions ['colcon_meta']
[0.295s] Level 1:colcon.colcon_core.package_identification:_identify(src/bumperbot_msgs) by extension 'colcon_meta'
[0.295s] Level 1:colcon.colcon_core.package_identification:_identify(src/bumperbot_msgs) by extensions ['ros']
[0.295s] Level 1:colcon.colcon_core.package_identification:_identify(src/bumperbot_msgs) by extension 'ros'
[0.296s] DEBUG:colcon.colcon_core.package_identification:Package 'src/bumperbot_msgs' with type 'ros.ament_cmake' and name 'bumperbot_msgs'
[0.296s] Level 1:colcon.colcon_core.package_identification:_identify(src/bumperbot_py_examples) by extensions ['ignore', 'ignore_ament_install']
[0.296s] Level 1:colcon.colcon_core.package_identification:_identify(src/bumperbot_py_examples) by extension 'ignore'
[0.296s] Level 1:colcon.colcon_core.package_identification:_identify(src/bumperbot_py_examples) by extension 'ignore_ament_install'
[0.296s] Level 1:colcon.colcon_core.package_identification:_identify(src/bumperbot_py_examples) by extensions ['colcon_pkg']
[0.296s] Level 1:colcon.colcon_core.package_identification:_identify(src/bumperbot_py_examples) by extension 'colcon_pkg'
[0.296s] Level 1:colcon.colcon_core.package_identification:_identify(src/bumperbot_py_examples) by extensions ['colcon_meta']
[0.296s] Level 1:colcon.colcon_core.package_identification:_identify(src/bumperbot_py_examples) by extension 'colcon_meta'
[0.296s] Level 1:colcon.colcon_core.package_identification:_identify(src/bumperbot_py_examples) by extensions ['ros']
[0.296s] Level 1:colcon.colcon_core.package_identification:_identify(src/bumperbot_py_examples) by extension 'ros'
[0.297s] DEBUG:colcon.colcon_core.package_identification:Package 'src/bumperbot_py_examples' with type 'ros.ament_python' and name 'bumperbot_py_examples'
[0.297s] Level 1:colcon.colcon_core.package_identification:_identify(src/bumperbot_utils) by extensions ['ignore', 'ignore_ament_install']
[0.297s] Level 1:colcon.colcon_core.package_identification:_identify(src/bumperbot_utils) by extension 'ignore'
[0.297s] Level 1:colcon.colcon_core.package_identification:_identify(src/bumperbot_utils) by extension 'ignore_ament_install'
[0.297s] Level 1:colcon.colcon_core.package_identification:_identify(src/bumperbot_utils) by extensions ['colcon_pkg']
[0.297s] Level 1:colcon.colcon_core.package_identification:_identify(src/bumperbot_utils) by extension 'colcon_pkg'
[0.297s] Level 1:colcon.colcon_core.package_identification:_identify(src/bumperbot_utils) by extensions ['colcon_meta']
[0.297s] Level 1:colcon.colcon_core.package_identification:_identify(src/bumperbot_utils) by extension 'colcon_meta'
[0.297s] Level 1:colcon.colcon_core.package_identification:_identify(src/bumperbot_utils) by extensions ['ros']
[0.297s] Level 1:colcon.colcon_core.package_identification:_identify(src/bumperbot_utils) by extension 'ros'
[0.298s] DEBUG:colcon.colcon_core.package_identification:Package 'src/bumperbot_utils' with type 'ros.ament_cmake' and name 'bumperbot_utils'
[0.298s] Level 1:colcon.colcon_core.package_discovery:discover_packages(recursive) using defaults
[0.298s] Level 1:colcon.colcon_core.package_discovery:discover_packages(ignore) discover
[0.298s] Level 1:colcon.colcon_core.package_discovery:discover_packages(ignore) using defaults
[0.298s] Level 1:colcon.colcon_core.package_discovery:discover_packages(path) discover
[0.298s] Level 1:colcon.colcon_core.package_discovery:discover_packages(path) using defaults
[0.331s] Level 1:colcon.colcon_core.package_discovery:discover_packages(prefix_path) check parameters
[0.331s] Level 1:colcon.colcon_core.package_discovery:discover_packages(prefix_path) discover
[0.357s] DEBUG:colcon.colcon_installed_package_information.package_discovery:Found 365 installed packages in /home/joel/ros2_jazzy/install
[0.370s] DEBUG:colcon.colcon_installed_package_information.package_discovery:Found 302 installed packages in /opt/ros/jazzy
[0.377s] Level 1:colcon.colcon_core.package_discovery:discover_packages(prefix_path) using defaults
[0.710s] Level 5:colcon.colcon_core.verb:set package 'bumperbot_controller' build argument 'cmake_args' from command line to 'None'
[0.710s] Level 5:colcon.colcon_core.verb:set package 'bumperbot_controller' build argument 'cmake_target' from command line to 'None'
[0.711s] Level 5:colcon.colcon_core.verb:set package 'bumperbot_controller' build argument 'cmake_target_skip_unavailable' from command line to 'False'
[0.711s] Level 5:colcon.colcon_core.verb:set package 'bumperbot_controller' build argument 'cmake_clean_cache' from command line to 'False'
[0.711s] Level 5:colcon.colcon_core.verb:set package 'bumperbot_controller' build argument 'cmake_clean_first' from command line to 'False'
[0.711s] Level 5:colcon.colcon_core.verb:set package 'bumperbot_controller' build argument 'cmake_force_configure' from command line to 'False'
[0.711s] Level 5:colcon.colcon_core.verb:set package 'bumperbot_controller' build argument 'ament_cmake_args' from command line to 'None'
[0.711s] Level 5:colcon.colcon_core.verb:set package 'bumperbot_controller' build argument 'catkin_cmake_args' from command line to 'None'
[0.711s] Level 5:colcon.colcon_core.verb:set package 'bumperbot_controller' build argument 'catkin_skip_building_tests' from command line to 'False'
[0.711s] DEBUG:colcon.colcon_core.verb:Building package 'bumperbot_controller' with the following arguments: {'ament_cmake_args': None, 'build_base': '/home/joel/vsC/Self-Driving-and-ROS-2-Learn-by-Doing-Plan-Navigation/Section3_Introduction_to_ROS_2/bumperbot_ws/build/bumperbot_controller', 'catkin_cmake_args': None, 'catkin_skip_building_tests': False, 'cmake_args': None, 'cmake_clean_cache': False, 'cmake_clean_first': False, 'cmake_force_configure': False, 'cmake_target': None, 'cmake_target_skip_unavailable': False, 'install_base': '/home/joel/vsC/Self-Driving-and-ROS-2-Learn-by-Doing-Plan-Navigation/Section3_Introduction_to_ROS_2/bumperbot_ws/install/bumperbot_controller', 'merge_install': False, 'path': '/home/joel/vsC/Self-Driving-and-ROS-2-Learn-by-Doing-Plan-Navigation/Section3_Introduction_to_ROS_2/bumperbot_ws/src/bumperbot_controller', 'symlink_install': False, 'test_result_base': None}
[0.711s] Level 5:colcon.colcon_core.verb:set package 'bumperbot_description' build argument 'cmake_args' from command line to 'None'
[0.711s] Level 5:colcon.colcon_core.verb:set package 'bumperbot_description' build argument 'cmake_target' from command line to 'None'
[0.711s] Level 5:colcon.colcon_core.verb:set package 'bumperbot_description' build argument 'cmake_target_skip_unavailable' from command line to 'False'
[0.711s] Level 5:colcon.colcon_core.verb:set package 'bumperbot_description' build argument 'cmake_clean_cache' from command line to 'False'
[0.711s] Level 5:colcon.colcon_core.verb:set package 'bumperbot_description' build argument 'cmake_clean_first' from command line to 'False'
[0.711s] Level 5:colcon.colcon_core.verb:set package 'bumperbot_description' build argument 'cmake_force_configure' from command line to 'False'
[0.711s] Level 5:colcon.colcon_core.verb:set package 'bumperbot_description' build argument 'ament_cmake_args' from command line to 'None'
[0.711s] Level 5:colcon.colcon_core.verb:set package 'bumperbot_description' build argument 'catkin_cmake_args' from command line to 'None'
[0.711s] Level 5:colcon.colcon_core.verb:set package 'bumperbot_description' build argument 'catkin_skip_building_tests' from command line to 'False'
[0.711s] DEBUG:colcon.colcon_core.verb:Building package 'bumperbot_description' with the following arguments: {'ament_cmake_args': None, 'build_base': '/home/joel/vsC/Self-Driving-and-ROS-2-Learn-by-Doing-Plan-Navigation/Section3_Introduction_to_ROS_2/bumperbot_ws/build/bumperbot_description', 'catkin_cmake_args': None, 'catkin_skip_building_tests': False, 'cmake_args': None, 'cmake_clean_cache': False, 'cmake_clean_first': False, 'cmake_force_configure': False, 'cmake_target': None, 'cmake_target_skip_unavailable': False, 'install_base': '/home/joel/vsC/Self-Driving-and-ROS-2-Learn-by-Doing-Plan-Navigation/Section3_Introduction_to_ROS_2/bumperbot_ws/install/bumperbot_description', 'merge_install': False, 'path': '/home/joel/vsC/Self-Driving-and-ROS-2-Learn-by-Doing-Plan-Navigation/Section3_Introduction_to_ROS_2/bumperbot_ws/src/bumperbot_description', 'symlink_install': False, 'test_result_base': None}
[0.711s] Level 5:colcon.colcon_core.verb:set package 'bumperbot_firmware' build argument 'cmake_args' from command line to 'None'
[0.711s] Level 5:colcon.colcon_core.verb:set package 'bumperbot_firmware' build argument 'cmake_target' from command line to 'None'
[0.711s] Level 5:colcon.colcon_core.verb:set package 'bumperbot_firmware' build argument 'cmake_target_skip_unavailable' from command line to 'False'
[0.711s] Level 5:colcon.colcon_core.verb:set package 'bumperbot_firmware' build argument 'cmake_clean_cache' from command line to 'False'
[0.711s] Level 5:colcon.colcon_core.verb:set package 'bumperbot_firmware' build argument 'cmake_clean_first' from command line to 'False'
[0.711s] Level 5:colcon.colcon_core.verb:set package 'bumperbot_firmware' build argument 'cmake_force_configure' from command line to 'False'
[0.712s] Level 5:colcon.colcon_core.verb:set package 'bumperbot_firmware' build argument 'ament_cmake_args' from command line to 'None'
[0.712s] Level 5:colcon.colcon_core.verb:set package 'bumperbot_firmware' build argument 'catkin_cmake_args' from command line to 'None'
[0.712s] Level 5:colcon.colcon_core.verb:set package 'bumperbot_firmware' build argument 'catkin_skip_building_tests' from command line to 'False'
[0.712s] DEBUG:colcon.colcon_core.verb:Building package 'bumperbot_firmware' with the following arguments: {'ament_cmake_args': None, 'build_base': '/home/joel/vsC/Self-Driving-and-ROS-2-Learn-by-Doing-Plan-Navigation/Section3_Introduction_to_ROS_2/bumperbot_ws/build/bumperbot_firmware', 'catkin_cmake_args': None, 'catkin_skip_building_tests': False, 'cmake_args': None, 'cmake_clean_cache': False, 'cmake_clean_first': False, 'cmake_force_configure': False, 'cmake_target': None, 'cmake_target_skip_unavailable': False, 'install_base': '/home/joel/vsC/Self-Driving-and-ROS-2-Learn-by-Doing-Plan-Navigation/Section3_Introduction_to_ROS_2/bumperbot_ws/install/bumperbot_firmware', 'merge_install': False, 'path': '/home/joel/vsC/Self-Driving-and-ROS-2-Learn-by-Doing-Plan-Navigation/Section3_Introduction_to_ROS_2/bumperbot_ws/src/bumperbot_firmware', 'symlink_install': False, 'test_result_base': None}
[0.712s] Level 5:colcon.colcon_core.verb:set package 'bumperbot_localization' build argument 'cmake_args' from command line to 'None'
[0.712s] Level 5:colcon.colcon_core.verb:set package 'bumperbot_localization' build argument 'cmake_target' from command line to 'None'
[0.712s] Level 5:colcon.colcon_core.verb:set package 'bumperbot_localization' build argument 'cmake_target_skip_unavailable' from command line to 'False'
[0.712s] Level 5:colcon.colcon_core.verb:set package 'bumperbot_localization' build argument 'cmake_clean_cache' from command line to 'False'
[0.712s] Level 5:colcon.colcon_core.verb:set package 'bumperbot_localization' build argument 'cmake_clean_first' from command line to 'False'
[0.712s] Level 5:colcon.colcon_core.verb:set package 'bumperbot_localization' build argument 'cmake_force_configure' from command line to 'False'
[0.712s] Level 5:colcon.colcon_core.verb:set package 'bumperbot_localization' build argument 'ament_cmake_args' from command line to 'None'
[0.712s] Level 5:colcon.colcon_core.verb:set package 'bumperbot_localization' build argument 'catkin_cmake_args' from command line to 'None'
[0.712s] Level 5:colcon.colcon_core.verb:set package 'bumperbot_localization' build argument 'catkin_skip_building_tests' from command line to 'False'
[0.712s] DEBUG:colcon.colcon_core.verb:Building package 'bumperbot_localization' with the following arguments: {'ament_cmake_args': None, 'build_base': '/home/joel/vsC/Self-Driving-and-ROS-2-Learn-by-Doing-Plan-Navigation/Section3_Introduction_to_ROS_2/bumperbot_ws/build/bumperbot_localization', 'catkin_cmake_args': None, 'catkin_skip_building_tests': False, 'cmake_args': None, 'cmake_clean_cache': False, 'cmake_clean_first': False, 'cmake_force_configure': False, 'cmake_target': None, 'cmake_target_skip_unavailable': False, 'install_base': '/home/joel/vsC/Self-Driving-and-ROS-2-Learn-by-Doing-Plan-Navigation/Section3_Introduction_to_ROS_2/bumperbot_ws/install/bumperbot_localization', 'merge_install': False, 'path': '/home/joel/vsC/Self-Driving-and-ROS-2-Learn-by-Doing-Plan-Navigation/Section3_Introduction_to_ROS_2/bumperbot_ws/src/bumperbot_localization', 'symlink_install': False, 'test_result_base': None}
[0.712s] Level 5:colcon.colcon_core.verb:set package 'bumperbot_mapping' build argument 'cmake_args' from command line to 'None'
[0.712s] Level 5:colcon.colcon_core.verb:set package 'bumperbot_mapping' build argument 'cmake_target' from command line to 'None'
[0.712s] Level 5:colcon.colcon_core.verb:set package 'bumperbot_mapping' build argument 'cmake_target_skip_unavailable' from command line to 'False'
[0.712s] Level 5:colcon.colcon_core.verb:set package 'bumperbot_mapping' build argument 'cmake_clean_cache' from command line to 'False'
[0.712s] Level 5:colcon.colcon_core.verb:set package 'bumperbot_mapping' build argument 'cmake_clean_first' from command line to 'False'
[0.712s] Level 5:colcon.colcon_core.verb:set package 'bumperbot_mapping' build argument 'cmake_force_configure' from command line to 'False'
[0.712s] Level 5:colcon.colcon_core.verb:set package 'bumperbot_mapping' build argument 'ament_cmake_args' from command line to 'None'
[0.712s] Level 5:colcon.colcon_core.verb:set package 'bumperbot_mapping' build argument 'catkin_cmake_args' from command line to 'None'
[0.712s] Level 5:colcon.colcon_core.verb:set package 'bumperbot_mapping' build argument 'catkin_skip_building_tests' from command line to 'False'
[0.712s] DEBUG:colcon.colcon_core.verb:Building package 'bumperbot_mapping' with the following arguments: {'ament_cmake_args': None, 'build_base': '/home/joel/vsC/Self-Driving-and-ROS-2-Learn-by-Doing-Plan-Navigation/Section3_Introduction_to_ROS_2/bumperbot_ws/build/bumperbot_mapping', 'catkin_cmake_args': None, 'catkin_skip_building_tests': False, 'cmake_args': None, 'cmake_clean_cache': False, 'cmake_clean_first': False, 'cmake_force_configure': False, 'cmake_target': None, 'cmake_target_skip_unavailable': False, 'install_base': '/home/joel/vsC/Self-Driving-and-ROS-2-Learn-by-Doing-Plan-Navigation/Section3_Introduction_to_ROS_2/bumperbot_ws/install/bumperbot_mapping', 'merge_install': False, 'path': '/home/joel/vsC/Self-Driving-and-ROS-2-Learn-by-Doing-Plan-Navigation/Section3_Introduction_to_ROS_2/bumperbot_ws/src/bumperbot_mapping', 'symlink_install': False, 'test_result_base': None}
[0.713s] Level 5:colcon.colcon_core.verb:set package 'bumperbot_msgs' build argument 'cmake_args' from command line to 'None'
[0.713s] Level 5:colcon.colcon_core.verb:set package 'bumperbot_msgs' build argument 'cmake_target' from command line to 'None'
[0.713s] Level 5:colcon.colcon_core.verb:set package 'bumperbot_msgs' build argument 'cmake_target_skip_unavailable' from command line to 'False'
[0.713s] Level 5:colcon.colcon_core.verb:set package 'bumperbot_msgs' build argument 'cmake_clean_cache' from command line to 'False'
[0.713s] Level 5:colcon.colcon_core.verb:set package 'bumperbot_msgs' build argument 'cmake_clean_first' from command line to 'False'
[0.713s] Level 5:colcon.colcon_core.verb:set package 'bumperbot_msgs' build argument 'cmake_force_configure' from command line to 'False'
[0.713s] Level 5:colcon.colcon_core.verb:set package 'bumperbot_msgs' build argument 'ament_cmake_args' from command line to 'None'
[0.713s] Level 5:colcon.colcon_core.verb:set package 'bumperbot_msgs' build argument 'catkin_cmake_args' from command line to 'None'
[0.713s] Level 5:colcon.colcon_core.verb:set package 'bumperbot_msgs' build argument 'catkin_skip_building_tests' from command line to 'False'
[0.713s] DEBUG:colcon.colcon_core.verb:Building package 'bumperbot_msgs' with the following arguments: {'ament_cmake_args': None, 'build_base': '/home/joel/vsC/Self-Driving-and-ROS-2-Learn-by-Doing-Plan-Navigation/Section3_Introduction_to_ROS_2/bumperbot_ws/build/bumperbot_msgs', 'catkin_cmake_args': None, 'catkin_skip_building_tests': False, 'cmake_args': None, 'cmake_clean_cache': False, 'cmake_clean_first': False, 'cmake_force_configure': False, 'cmake_target': None, 'cmake_target_skip_unavailable': False, 'install_base': '/home/joel/vsC/Self-Driving-and-ROS-2-Learn-by-Doing-Plan-Navigation/Section3_Introduction_to_ROS_2/bumperbot_ws/install/bumperbot_msgs', 'merge_install': False, 'path': '/home/joel/vsC/Self-Driving-and-ROS-2-Learn-by-Doing-Plan-Navigation/Section3_Introduction_to_ROS_2/bumperbot_ws/src/bumperbot_msgs', 'symlink_install': False, 'test_result_base': None}
[0.713s] Level 5:colcon.colcon_core.verb:set package 'bumperbot_utils' build argument 'cmake_args' from command line to 'None'
[0.713s] Level 5:colcon.colcon_core.verb:set package 'bumperbot_utils' build argument 'cmake_target' from command line to 'None'
[0.713s] Level 5:colcon.colcon_core.verb:set package 'bumperbot_utils' build argument 'cmake_target_skip_unavailable' from command line to 'False'
[0.713s] Level 5:colcon.colcon_core.verb:set package 'bumperbot_utils' build argument 'cmake_clean_cache' from command line to 'False'
[0.713s] Level 5:colcon.colcon_core.verb:set package 'bumperbot_utils' build argument 'cmake_clean_first' from command line to 'False'
[0.713s] Level 5:colcon.colcon_core.verb:set package 'bumperbot_utils' build argument 'cmake_force_configure' from command line to 'False'
[0.713s] Level 5:colcon.colcon_core.verb:set package 'bumperbot_utils' build argument 'ament_cmake_args' from command line to 'None'
[0.713s] Level 5:colcon.colcon_core.verb:set package 'bumperbot_utils' build argument 'catkin_cmake_args' from command line to 'None'
[0.713s] Level 5:colcon.colcon_core.verb:set package 'bumperbot_utils' build argument 'catkin_skip_building_tests' from command line to 'False'
[0.713s] DEBUG:colcon.colcon_core.verb:Building package 'bumperbot_utils' with the following arguments: {'ament_cmake_args': None, 'build_base': '/home/joel/vsC/Self-Driving-and-ROS-2-Learn-by-Doing-Plan-Navigation/Section3_Introduction_to_ROS_2/bumperbot_ws/build/bumperbot_utils', 'catkin_cmake_args': None, 'catkin_skip_building_tests': False, 'cmake_args': None, 'cmake_clean_cache': False, 'cmake_clean_first': False, 'cmake_force_configure': False, 'cmake_target': None, 'cmake_target_skip_unavailable': False, 'install_base': '/home/joel/vsC/Self-Driving-and-ROS-2-Learn-by-Doing-Plan-Navigation/Section3_Introduction_to_ROS_2/bumperbot_ws/install/bumperbot_utils', 'merge_install': False, 'path': '/home/joel/vsC/Self-Driving-and-ROS-2-Learn-by-Doing-Plan-Navigation/Section3_Introduction_to_ROS_2/bumperbot_ws/src/bumperbot_utils', 'symlink_install': False, 'test_result_base': None}
[0.713s] Level 5:colcon.colcon_core.verb:set package 'bumperbot_bringup' build argument 'cmake_args' from command line to 'None'
[0.713s] Level 5:colcon.colcon_core.verb:set package 'bumperbot_bringup' build argument 'cmake_target' from command line to 'None'
[0.713s] Level 5:colcon.colcon_core.verb:set package 'bumperbot_bringup' build argument 'cmake_target_skip_unavailable' from command line to 'False'
[0.714s] Level 5:colcon.colcon_core.verb:set package 'bumperbot_bringup' build argument 'cmake_clean_cache' from command line to 'False'
[0.714s] Level 5:colcon.colcon_core.verb:set package 'bumperbot_bringup' build argument 'cmake_clean_first' from command line to 'False'
[0.714s] Level 5:colcon.colcon_core.verb:set package 'bumperbot_bringup' build argument 'cmake_force_configure' from command line to 'False'
[0.714s] Level 5:colcon.colcon_core.verb:set package 'bumperbot_bringup' build argument 'ament_cmake_args' from command line to 'None'
[0.714s] Level 5:colcon.colcon_core.verb:set package 'bumperbot_bringup' build argument 'catkin_cmake_args' from command line to 'None'
[0.714s] Level 5:colcon.colcon_core.verb:set package 'bumperbot_bringup' build argument 'catkin_skip_building_tests' from command line to 'False'
[0.714s] DEBUG:colcon.colcon_core.verb:Building package 'bumperbot_bringup' with the following arguments: {'ament_cmake_args': None, 'build_base': '/home/joel/vsC/Self-Driving-and-ROS-2-Learn-by-Doing-Plan-Navigation/Section3_Introduction_to_ROS_2/bumperbot_ws/build/bumperbot_bringup', 'catkin_cmake_args': None, 'catkin_skip_building_tests': False, 'cmake_args': None, 'cmake_clean_cache': False, 'cmake_clean_first': False, 'cmake_force_configure': False, 'cmake_target': None, 'cmake_target_skip_unavailable': False, 'install_base': '/home/joel/vsC/Self-Driving-and-ROS-2-Learn-by-Doing-Plan-Navigation/Section3_Introduction_to_ROS_2/bumperbot_ws/install/bumperbot_bringup', 'merge_install': False, 'path': '/home/joel/vsC/Self-Driving-and-ROS-2-Learn-by-Doing-Plan-Navigation/Section3_Introduction_to_ROS_2/bumperbot_ws/src/bumperbot_bringup', 'symlink_install': False, 'test_result_base': None}
[0.714s] Level 5:colcon.colcon_core.verb:set package 'bumperbot_cpp_examples' build argument 'cmake_args' from command line to 'None'
[0.714s] Level 5:colcon.colcon_core.verb:set package 'bumperbot_cpp_examples' build argument 'cmake_target' from command line to 'None'
[0.714s] Level 5:colcon.colcon_core.verb:set package 'bumperbot_cpp_examples' build argument 'cmake_target_skip_unavailable' from command line to 'False'
[0.714s] Level 5:colcon.colcon_core.verb:set package 'bumperbot_cpp_examples' build argument 'cmake_clean_cache' from command line to 'False'
[0.714s] Level 5:colcon.colcon_core.verb:set package 'bumperbot_cpp_examples' build argument 'cmake_clean_first' from command line to 'False'
[0.714s] Level 5:colcon.colcon_core.verb:set package 'bumperbot_cpp_examples' build argument 'cmake_force_configure' from command line to 'False'
[0.714s] Level 5:colcon.colcon_core.verb:set package 'bumperbot_cpp_examples' build argument 'ament_cmake_args' from command line to 'None'
[0.714s] Level 5:colcon.colcon_core.verb:set package 'bumperbot_cpp_examples' build argument 'catkin_cmake_args' from command line to 'None'
[0.714s] Level 5:colcon.colcon_core.verb:set package 'bumperbot_cpp_examples' build argument 'catkin_skip_building_tests' from command line to 'False'
[0.714s] DEBUG:colcon.colcon_core.verb:Building package 'bumperbot_cpp_examples' with the following arguments: {'ament_cmake_args': None, 'build_base': '/home/joel/vsC/Self-Driving-and-ROS-2-Learn-by-Doing-Plan-Navigation/Section3_Introduction_to_ROS_2/bumperbot_ws/build/bumperbot_cpp_examples', 'catkin_cmake_args': None, 'catkin_skip_building_tests': False, 'cmake_args': None, 'cmake_clean_cache': False, 'cmake_clean_first': False, 'cmake_force_configure': False, 'cmake_target': None, 'cmake_target_skip_unavailable': False, 'install_base': '/home/joel/vsC/Self-Driving-and-ROS-2-Learn-by-Doing-Plan-Navigation/Section3_Introduction_to_ROS_2/bumperbot_ws/install/bumperbot_cpp_examples', 'merge_install': False, 'path': '/home/joel/vsC/Self-Driving-and-ROS-2-Learn-by-Doing-Plan-Navigation/Section3_Introduction_to_ROS_2/bumperbot_ws/src/bumperbot_cpp_examples', 'symlink_install': False, 'test_result_base': None}
[0.714s] Level 5:colcon.colcon_core.verb:set package 'bumperbot_py_examples' build argument 'cmake_args' from command line to 'None'
[0.714s] Level 5:colcon.colcon_core.verb:set package 'bumperbot_py_examples' build argument 'cmake_target' from command line to 'None'
[0.714s] Level 5:colcon.colcon_core.verb:set package 'bumperbot_py_examples' build argument 'cmake_target_skip_unavailable' from command line to 'False'
[0.714s] Level 5:colcon.colcon_core.verb:set package 'bumperbot_py_examples' build argument 'cmake_clean_cache' from command line to 'False'
[0.714s] Level 5:colcon.colcon_core.verb:set package 'bumperbot_py_examples' build argument 'cmake_clean_first' from command line to 'False'
[0.714s] Level 5:colcon.colcon_core.verb:set package 'bumperbot_py_examples' build argument 'cmake_force_configure' from command line to 'False'
[0.714s] Level 5:colcon.colcon_core.verb:set package 'bumperbot_py_examples' build argument 'ament_cmake_args' from command line to 'None'
[0.714s] Level 5:colcon.colcon_core.verb:set package 'bumperbot_py_examples' build argument 'catkin_cmake_args' from command line to 'None'
[0.714s] Level 5:colcon.colcon_core.verb:set package 'bumperbot_py_examples' build argument 'catkin_skip_building_tests' from command line to 'False'
[0.714s] DEBUG:colcon.colcon_core.verb:Building package 'bumperbot_py_examples' with the following arguments: {'ament_cmake_args': None, 'build_base': '/home/joel/vsC/Self-Driving-and-ROS-2-Learn-by-Doing-Plan-Navigation/Section3_Introduction_to_ROS_2/bumperbot_ws/build/bumperbot_py_examples', 'catkin_cmake_args': None, 'catkin_skip_building_tests': False, 'cmake_args': None, 'cmake_clean_cache': False, 'cmake_clean_first': False, 'cmake_force_configure': False, 'cmake_target': None, 'cmake_target_skip_unavailable': False, 'install_base': '/home/joel/vsC/Self-Driving-and-ROS-2-Learn-by-Doing-Plan-Navigation/Section3_Introduction_to_ROS_2/bumperbot_ws/install/bumperbot_py_examples', 'merge_install': False, 'path': '/home/joel/vsC/Self-Driving-and-ROS-2-Learn-by-Doing-Plan-Navigation/Section3_Introduction_to_ROS_2/bumperbot_ws/src/bumperbot_py_examples', 'symlink_install': False, 'test_result_base': None}
[0.715s] INFO:colcon.colcon_core.executor:Executing jobs using 'parallel' executor
[0.715s] DEBUG:colcon.colcon_parallel_executor.executor.parallel:run_until_complete
[0.715s] INFO:colcon.colcon_ros.task.ament_cmake.build:Building ROS package in '/home/joel/vsC/Self-Driving-and-ROS-2-Learn-by-Doing-Plan-Navigation/Section3_Introduction_to_ROS_2/bumperbot_ws/src/bumperbot_msgs' with build type 'ament_cmake'
[0.716s] INFO:colcon.colcon_cmake.task.cmake.build:Building CMake package in '/home/joel/vsC/Self-Driving-and-ROS-2-Learn-by-Doing-Plan-Navigation/Section3_Introduction_to_ROS_2/bumperbot_ws/src/bumperbot_msgs'
[0.724s] INFO:colcon.colcon_core.plugin_system:Skipping extension 'colcon_core.shell.bat': Not used on non-Windows systems
[0.724s] INFO:colcon.colcon_core.shell:Skip shell extension 'powershell' for command environment: Not usable outside of PowerShell
[0.724s] DEBUG:colcon.colcon_core.shell:Skip shell extension 'dsv' for command environment
[0.749s] INFO:colcon.colcon_ros.task.ament_cmake.build:Building ROS package in '/home/joel/vsC/Self-Driving-and-ROS-2-Learn-by-Doing-Plan-Navigation/Section3_Introduction_to_ROS_2/bumperbot_ws/src/bumperbot_controller' with build type 'ament_cmake'
[0.750s] INFO:colcon.colcon_cmake.task.cmake.build:Building CMake package in '/home/joel/vsC/Self-Driving-and-ROS-2-Learn-by-Doing-Plan-Navigation/Section3_Introduction_to_ROS_2/bumperbot_ws/src/bumperbot_controller'
[0.750s] INFO:colcon.colcon_core.shell:Skip shell extension 'powershell' for command environment: Not usable outside of PowerShell
[0.750s] DEBUG:colcon.colcon_core.shell:Skip shell extension 'dsv' for command environment
[0.777s] INFO:colcon.colcon_ros.task.ament_cmake.build:Building ROS package in '/home/joel/vsC/Self-Driving-and-ROS-2-Learn-by-Doing-Plan-Navigation/Section3_Introduction_to_ROS_2/bumperbot_ws/src/bumperbot_description' with build type 'ament_cmake'
[0.777s] INFO:colcon.colcon_cmake.task.cmake.build:Building CMake package in '/home/joel/vsC/Self-Driving-and-ROS-2-Learn-by-Doing-Plan-Navigation/Section3_Introduction_to_ROS_2/bumperbot_ws/src/bumperbot_description'
[0.777s] INFO:colcon.colcon_core.shell:Skip shell extension 'powershell' for command environment: Not usable outside of PowerShell
[0.777s] DEBUG:colcon.colcon_core.shell:Skip shell extension 'dsv' for command environment
[0.805s] INFO:colcon.colcon_ros.task.ament_cmake.build:Building ROS package in '/home/joel/vsC/Self-Driving-and-ROS-2-Learn-by-Doing-Plan-Navigation/Section3_Introduction_to_ROS_2/bumperbot_ws/src/bumperbot_firmware' with build type 'ament_cmake'
[0.805s] INFO:colcon.colcon_cmake.task.cmake.build:Building CMake package in '/home/joel/vsC/Self-Driving-and-ROS-2-Learn-by-Doing-Plan-Navigation/Section3_Introduction_to_ROS_2/bumperbot_ws/src/bumperbot_firmware'
[0.806s] INFO:colcon.colcon_core.shell:Skip shell extension 'powershell' for command environment: Not usable outside of PowerShell
[0.806s] DEBUG:colcon.colcon_core.shell:Skip shell extension 'dsv' for command environment
[0.835s] INFO:colcon.colcon_ros.task.ament_cmake.build:Building ROS package in '/home/joel/vsC/Self-Driving-and-ROS-2-Learn-by-Doing-Plan-Navigation/Section3_Introduction_to_ROS_2/bumperbot_ws/src/bumperbot_localization' with build type 'ament_cmake'
[0.835s] INFO:colcon.colcon_cmake.task.cmake.build:Building CMake package in '/home/joel/vsC/Self-Driving-and-ROS-2-Learn-by-Doing-Plan-Navigation/Section3_Introduction_to_ROS_2/bumperbot_ws/src/bumperbot_localization'
[0.836s] INFO:colcon.colcon_core.shell:Skip shell extension 'powershell' for command environment: Not usable outside of PowerShell
[0.836s] DEBUG:colcon.colcon_core.shell:Skip shell extension 'dsv' for command environment
[0.865s] INFO:colcon.colcon_ros.task.ament_cmake.build:Building ROS package in '/home/joel/vsC/Self-Driving-and-ROS-2-Learn-by-Doing-Plan-Navigation/Section3_Introduction_to_ROS_2/bumperbot_ws/src/bumperbot_mapping' with build type 'ament_cmake'
[0.865s] INFO:colcon.colcon_cmake.task.cmake.build:Building CMake package in '/home/joel/vsC/Self-Driving-and-ROS-2-Learn-by-Doing-Plan-Navigation/Section3_Introduction_to_ROS_2/bumperbot_ws/src/bumperbot_mapping'
[0.865s] INFO:colcon.colcon_core.shell:Skip shell extension 'powershell' for command environment: Not usable outside of PowerShell
[0.865s] DEBUG:colcon.colcon_core.shell:Skip shell extension 'dsv' for command environment
[0.896s] INFO:colcon.colcon_ros.task.ament_cmake.build:Building ROS package in '/home/joel/vsC/Self-Driving-and-ROS-2-Learn-by-Doing-Plan-Navigation/Section3_Introduction_to_ROS_2/bumperbot_ws/src/bumperbot_utils' with build type 'ament_cmake'
[0.896s] INFO:colcon.colcon_cmake.task.cmake.build:Building CMake package in '/home/joel/vsC/Self-Driving-and-ROS-2-Learn-by-Doing-Plan-Navigation/Section3_Introduction_to_ROS_2/bumperbot_ws/src/bumperbot_utils'
[0.896s] INFO:colcon.colcon_core.shell:Skip shell extension 'powershell' for command environment: Not usable outside of PowerShell
[0.896s] DEBUG:colcon.colcon_core.shell:Skip shell extension 'dsv' for command environment
[0.929s] DEBUG:colcon.colcon_core.event_handler.log_command:Invoking command in '/home/joel/vsC/Self-Driving-and-ROS-2-Learn-by-Doing-Plan-Navigation/Section3_Introduction_to_ROS_2/bumperbot_ws/build/bumperbot_msgs': CMAKE_PREFIX_PATH=${CMAKE_PREFIX_PATH}:/home/joel/ros2_jazzy/install/rqt_bag_plugins:/home/joel/ros2_jazzy/install/rqt_bag:/home/joel/ros2_jazzy/install/rosbag2_examples_py:/home/joel/ros2_jazzy/install/launch_testing_examples:/home/joel/ros2_jazzy/install/ros2bag:/home/joel/ros2_jazzy/install/tracetools_test:/home/joel/ros2_jazzy/install/tracetools_launch:/home/joel/ros2_jazzy/install/topic_monitor:/home/joel/ros2_jazzy/install/tf2_tools:/home/joel/ros2_jazzy/install/examples_tf2_py:/home/joel/ros2_jazzy/install/tf2_ros_py:/home/joel/ros2_jazzy/install/examples_rclpy_pointcloud_publisher:/home/joel/ros2_jazzy/install/sensor_msgs_py:/home/joel/ros2_jazzy/install/quality_of_service_demo_py:/home/joel/ros2_jazzy/install/camera_info_manager_py:/home/joel/ros2_jazzy/install/rqt_plot:/home/joel/ros2_jazzy/install/ros2doctor:/home/joel/ros2_jazzy/install/lifecycle_py:/home/joel/ros2_jazzy/install/examples_rclpy_minimal_subscriber:/home/joel/ros2_jazzy/install/examples_rclpy_minimal_service:/home/joel/ros2_jazzy/install/examples_rclpy_minimal_publisher:/home/joel/ros2_jazzy/install/examples_rclpy_minimal_client:/home/joel/ros2_jazzy/install/examples_rclpy_executors:/home/joel/ros2_jazzy/install/demo_nodes_py:/home/joel/ros2_jazzy/install/rqt:/home/joel/ros2_jazzy/install/ros2component:/home/joel/ros2_jazzy/install/sros2:/home/joel/ros2_jazzy/install/rqt_topic:/home/joel/ros2_jazzy/install/rqt_srv:/home/joel/ros2_jazzy/install/rqt_shell:/home/joel/ros2_jazzy/install/rqt_service_caller:/home/joel/ros2_jazzy/install/rqt_reconfigure:/home/joel/ros2_jazzy/install/rqt_py_console:/home/joel/ros2_jazzy/install/rqt_publisher:/home/joel/ros2_jazzy/install/rqt_action:/home/joel/ros2_jazzy/install/rqt_msg:/home/joel/ros2_jazzy/install/rqt_console:/home/joel/ros2_jazzy/install/rqt_graph:/home/joel/ros2_jazzy/install/rqt_gui_py:/home/joel/ros2_jazzy/install/rqt_gui:/home/joel/ros2_jazzy/install/ros2trace:/home/joel/ros2_jazzy/install/ros2topic:/home/joel/ros2_jazzy/install/ros2test:/home/joel/ros2_jazzy/install/ros2param:/home/joel/ros2_jazzy/install/ros2lifecycle:/home/joel/ros2_jazzy/install/ros2service:/home/joel/ros2_jazzy/install/ros2run:/home/joel/ros2_jazzy/install/ros2launch:/home/joel/ros2_jazzy/install/ros2pkg:/home/joel/ros2_jazzy/install/ros2node:/home/joel/ros2_jazzy/install/ros2multicast:/home/joel/ros2_jazzy/install/ros2interface:/home/joel/ros2_jazzy/install/ros2action:/home/joel/ros2_jazzy/install/ros2cli:/home/joel/ros2_jazzy/install/launch_testing_ros:/home/joel/ros2_jazzy/install/launch_ros:/home/joel/ros2_jazzy/install/examples_rclpy_minimal_action_server:/home/joel/ros2_jazzy/install/examples_rclpy_minimal_action_client:/home/joel/ros2_jazzy/install/examples_rclpy_guard_conditions:/home/joel/ros2_jazzy/install/action_tutorials_py:/home/joel/ros2_jazzy/install/ament_uncrustify:/home/joel/ros2_jazzy/install/tracetools_trace:/home/joel/ros2_jazzy/install/tracetools_read:/home/joel/ros2_jazzy/install/test_tracetools_launch:/home/joel/ros2_jazzy/install/test_ros2trace:/home/joel/ros2_jazzy/install/test_launch_ros:/home/joel/ros2_jazzy/install/rpyutils:/home/joel/ros2_jazzy/install/rosidl_runtime_py:/home/joel/ros2_jazzy/install/rosidl_pycommon:/home/joel/ros2_jazzy/install/rosidl_cli:/home/joel/ros2_jazzy/install/launch_pytest:/home/joel/ros2_jazzy/install/launch_testing:/home/joel/ros2_jazzy/install/launch_yaml:/home/joel/ros2_jazzy/install/launch_xml:/home/joel/ros2_jazzy/install/launch:/home/joel/ros2_jazzy/install/osrf_pycommon:/home/joel/ros2_jazzy/install/domain_coordinator:/home/joel/ros2_jazzy/install/ament_xmllint:/home/joel/ros2_jazzy/install/ament_pyflakes:/home/joel/ros2_jazzy/install/ament_pycodestyle:/home/joel/ros2_jazzy/install/ament_pep257:/home/joel/ros2_jazzy/install/ament_pclint:/home/joel/ros2_jazzy/install/ament_package:/home/joel/ros2_jazzy/install/ament_mypy:/home/joel/ros2_jazzy/install/ament_lint_cmake:/home/joel/ros2_jazzy/install/ament_flake8:/home/joel/ros2_jazzy/install/ament_copyright:/home/joel/ros2_jazzy/install/ament_lint:/home/joel/ros2_jazzy/install/ament_index_python:/home/joel/ros2_jazzy/install/ament_cpplint:/home/joel/ros2_jazzy/install/ament_cppcheck:/home/joel/ros2_jazzy/install/ament_clang_tidy:/home/joel/ros2_jazzy/install/ament_clang_format:/opt/ros/jazzy DEBUGINFOD_URLS=https://debuginfod.ubuntu.com /usr/bin/cmake /home/joel/vsC/Self-Driving-and-ROS-2-Learn-by-Doing-Plan-Navigation/Section3_Introduction_to_ROS_2/bumperbot_ws/src/bumperbot_msgs -DCMAKE_INSTALL_PREFIX=/home/joel/vsC/Self-Driving-and-ROS-2-Learn-by-Doing-Plan-Navigation/Section3_Introduction_to_ROS_2/bumperbot_ws/install/bumperbot_msgs
[0.961s] DEBUG:colcon.colcon_core.event_handler.log_command:Invoking command in '/home/joel/vsC/Self-Driving-and-ROS-2-Learn-by-Doing-Plan-Navigation/Section3_Introduction_to_ROS_2/bumperbot_ws/build/bumperbot_controller': CMAKE_PREFIX_PATH=${CMAKE_PREFIX_PATH}:/home/joel/ros2_jazzy/install/rqt_bag_plugins:/home/joel/ros2_jazzy/install/rqt_bag:/home/joel/ros2_jazzy/install/rosbag2_examples_py:/home/joel/ros2_jazzy/install/launch_testing_examples:/home/joel/ros2_jazzy/install/ros2bag:/home/joel/ros2_jazzy/install/tracetools_test:/home/joel/ros2_jazzy/install/tracetools_launch:/home/joel/ros2_jazzy/install/topic_monitor:/home/joel/ros2_jazzy/install/tf2_tools:/home/joel/ros2_jazzy/install/examples_tf2_py:/home/joel/ros2_jazzy/install/tf2_ros_py:/home/joel/ros2_jazzy/install/examples_rclpy_pointcloud_publisher:/home/joel/ros2_jazzy/install/sensor_msgs_py:/home/joel/ros2_jazzy/install/quality_of_service_demo_py:/home/joel/ros2_jazzy/install/camera_info_manager_py:/home/joel/ros2_jazzy/install/rqt_plot:/home/joel/ros2_jazzy/install/ros2doctor:/home/joel/ros2_jazzy/install/lifecycle_py:/home/joel/ros2_jazzy/install/examples_rclpy_minimal_subscriber:/home/joel/ros2_jazzy/install/examples_rclpy_minimal_service:/home/joel/ros2_jazzy/install/examples_rclpy_minimal_publisher:/home/joel/ros2_jazzy/install/examples_rclpy_minimal_client:/home/joel/ros2_jazzy/install/examples_rclpy_executors:/home/joel/ros2_jazzy/install/demo_nodes_py:/home/joel/ros2_jazzy/install/rqt:/home/joel/ros2_jazzy/install/ros2component:/home/joel/ros2_jazzy/install/sros2:/home/joel/ros2_jazzy/install/rqt_topic:/home/joel/ros2_jazzy/install/rqt_srv:/home/joel/ros2_jazzy/install/rqt_shell:/home/joel/ros2_jazzy/install/rqt_service_caller:/home/joel/ros2_jazzy/install/rqt_reconfigure:/home/joel/ros2_jazzy/install/rqt_py_console:/home/joel/ros2_jazzy/install/rqt_publisher:/home/joel/ros2_jazzy/install/rqt_action:/home/joel/ros2_jazzy/install/rqt_msg:/home/joel/ros2_jazzy/install/rqt_console:/home/joel/ros2_jazzy/install/rqt_graph:/home/joel/ros2_jazzy/install/rqt_gui_py:/home/joel/ros2_jazzy/install/rqt_gui:/home/joel/ros2_jazzy/install/ros2trace:/home/joel/ros2_jazzy/install/ros2topic:/home/joel/ros2_jazzy/install/ros2test:/home/joel/ros2_jazzy/install/ros2param:/home/joel/ros2_jazzy/install/ros2lifecycle:/home/joel/ros2_jazzy/install/ros2service:/home/joel/ros2_jazzy/install/ros2run:/home/joel/ros2_jazzy/install/ros2launch:/home/joel/ros2_jazzy/install/ros2pkg:/home/joel/ros2_jazzy/install/ros2node:/home/joel/ros2_jazzy/install/ros2multicast:/home/joel/ros2_jazzy/install/ros2interface:/home/joel/ros2_jazzy/install/ros2action:/home/joel/ros2_jazzy/install/ros2cli:/home/joel/ros2_jazzy/install/launch_testing_ros:/home/joel/ros2_jazzy/install/launch_ros:/home/joel/ros2_jazzy/install/examples_rclpy_minimal_action_server:/home/joel/ros2_jazzy/install/examples_rclpy_minimal_action_client:/home/joel/ros2_jazzy/install/examples_rclpy_guard_conditions:/home/joel/ros2_jazzy/install/action_tutorials_py:/home/joel/ros2_jazzy/install/ament_uncrustify:/home/joel/ros2_jazzy/install/tracetools_trace:/home/joel/ros2_jazzy/install/tracetools_read:/home/joel/ros2_jazzy/install/test_tracetools_launch:/home/joel/ros2_jazzy/install/test_ros2trace:/home/joel/ros2_jazzy/install/test_launch_ros:/home/joel/ros2_jazzy/install/rpyutils:/home/joel/ros2_jazzy/install/rosidl_runtime_py:/home/joel/ros2_jazzy/install/rosidl_pycommon:/home/joel/ros2_jazzy/install/rosidl_cli:/home/joel/ros2_jazzy/install/launch_pytest:/home/joel/ros2_jazzy/install/launch_testing:/home/joel/ros2_jazzy/install/launch_yaml:/home/joel/ros2_jazzy/install/launch_xml:/home/joel/ros2_jazzy/install/launch:/home/joel/ros2_jazzy/install/osrf_pycommon:/home/joel/ros2_jazzy/install/domain_coordinator:/home/joel/ros2_jazzy/install/ament_xmllint:/home/joel/ros2_jazzy/install/ament_pyflakes:/home/joel/ros2_jazzy/install/ament_pycodestyle:/home/joel/ros2_jazzy/install/ament_pep257:/home/joel/ros2_jazzy/install/ament_pclint:/home/joel/ros2_jazzy/install/ament_package:/home/joel/ros2_jazzy/install/ament_mypy:/home/joel/ros2_jazzy/install/ament_lint_cmake:/home/joel/ros2_jazzy/install/ament_flake8:/home/joel/ros2_jazzy/install/ament_copyright:/home/joel/ros2_jazzy/install/ament_lint:/home/joel/ros2_jazzy/install/ament_index_python:/home/joel/ros2_jazzy/install/ament_cpplint:/home/joel/ros2_jazzy/install/ament_cppcheck:/home/joel/ros2_jazzy/install/ament_clang_tidy:/home/joel/ros2_jazzy/install/ament_clang_format:/opt/ros/jazzy DEBUGINFOD_URLS=https://debuginfod.ubuntu.com /usr/bin/cmake /home/joel/vsC/Self-Driving-and-ROS-2-Learn-by-Doing-Plan-Navigation/Section3_Introduction_to_ROS_2/bumperbot_ws/src/bumperbot_controller -DCMAKE_INSTALL_PREFIX=/home/joel/vsC/Self-Driving-and-ROS-2-Learn-by-Doing-Plan-Navigation/Section3_Introduction_to_ROS_2/bumperbot_ws/install/bumperbot_controller
[0.968s] DEBUG:colcon.colcon_core.event_handler.log_command:Invoking command in '/home/joel/vsC/Self-Driving-and-ROS-2-Learn-by-Doing-Plan-Navigation/Section3_Introduction_to_ROS_2/bumperbot_ws/build/bumperbot_description': CMAKE_PREFIX_PATH=${CMAKE_PREFIX_PATH}:/home/joel/ros2_jazzy/install/rqt_bag_plugins:/home/joel/ros2_jazzy/install/rqt_bag:/home/joel/ros2_jazzy/install/rosbag2_examples_py:/home/joel/ros2_jazzy/install/launch_testing_examples:/home/joel/ros2_jazzy/install/ros2bag:/home/joel/ros2_jazzy/install/tracetools_test:/home/joel/ros2_jazzy/install/tracetools_launch:/home/joel/ros2_jazzy/install/topic_monitor:/home/joel/ros2_jazzy/install/tf2_tools:/home/joel/ros2_jazzy/install/examples_tf2_py:/home/joel/ros2_jazzy/install/tf2_ros_py:/home/joel/ros2_jazzy/install/examples_rclpy_pointcloud_publisher:/home/joel/ros2_jazzy/install/sensor_msgs_py:/home/joel/ros2_jazzy/install/quality_of_service_demo_py:/home/joel/ros2_jazzy/install/camera_info_manager_py:/home/joel/ros2_jazzy/install/rqt_plot:/home/joel/ros2_jazzy/install/ros2doctor:/home/joel/ros2_jazzy/install/lifecycle_py:/home/joel/ros2_jazzy/install/examples_rclpy_minimal_subscriber:/home/joel/ros2_jazzy/install/examples_rclpy_minimal_service:/home/joel/ros2_jazzy/install/examples_rclpy_minimal_publisher:/home/joel/ros2_jazzy/install/examples_rclpy_minimal_client:/home/joel/ros2_jazzy/install/examples_rclpy_executors:/home/joel/ros2_jazzy/install/demo_nodes_py:/home/joel/ros2_jazzy/install/rqt:/home/joel/ros2_jazzy/install/ros2component:/home/joel/ros2_jazzy/install/sros2:/home/joel/ros2_jazzy/install/rqt_topic:/home/joel/ros2_jazzy/install/rqt_srv:/home/joel/ros2_jazzy/install/rqt_shell:/home/joel/ros2_jazzy/install/rqt_service_caller:/home/joel/ros2_jazzy/install/rqt_reconfigure:/home/joel/ros2_jazzy/install/rqt_py_console:/home/joel/ros2_jazzy/install/rqt_publisher:/home/joel/ros2_jazzy/install/rqt_action:/home/joel/ros2_jazzy/install/rqt_msg:/home/joel/ros2_jazzy/install/rqt_console:/home/joel/ros2_jazzy/install/rqt_graph:/home/joel/ros2_jazzy/install/rqt_gui_py:/home/joel/ros2_jazzy/install/rqt_gui:/home/joel/ros2_jazzy/install/ros2trace:/home/joel/ros2_jazzy/install/ros2topic:/home/joel/ros2_jazzy/install/ros2test:/home/joel/ros2_jazzy/install/ros2param:/home/joel/ros2_jazzy/install/ros2lifecycle:/home/joel/ros2_jazzy/install/ros2service:/home/joel/ros2_jazzy/install/ros2run:/home/joel/ros2_jazzy/install/ros2launch:/home/joel/ros2_jazzy/install/ros2pkg:/home/joel/ros2_jazzy/install/ros2node:/home/joel/ros2_jazzy/install/ros2multicast:/home/joel/ros2_jazzy/install/ros2interface:/home/joel/ros2_jazzy/install/ros2action:/home/joel/ros2_jazzy/install/ros2cli:/home/joel/ros2_jazzy/install/launch_testing_ros:/home/joel/ros2_jazzy/install/launch_ros:/home/joel/ros2_jazzy/install/examples_rclpy_minimal_action_server:/home/joel/ros2_jazzy/install/examples_rclpy_minimal_action_client:/home/joel/ros2_jazzy/install/examples_rclpy_guard_conditions:/home/joel/ros2_jazzy/install/action_tutorials_py:/home/joel/ros2_jazzy/install/ament_uncrustify:/home/joel/ros2_jazzy/install/tracetools_trace:/home/joel/ros2_jazzy/install/tracetools_read:/home/joel/ros2_jazzy/install/test_tracetools_launch:/home/joel/ros2_jazzy/install/test_ros2trace:/home/joel/ros2_jazzy/install/test_launch_ros:/home/joel/ros2_jazzy/install/rpyutils:/home/joel/ros2_jazzy/install/rosidl_runtime_py:/home/joel/ros2_jazzy/install/rosidl_pycommon:/home/joel/ros2_jazzy/install/rosidl_cli:/home/joel/ros2_jazzy/install/launch_pytest:/home/joel/ros2_jazzy/install/launch_testing:/home/joel/ros2_jazzy/install/launch_yaml:/home/joel/ros2_jazzy/install/launch_xml:/home/joel/ros2_jazzy/install/launch:/home/joel/ros2_jazzy/install/osrf_pycommon:/home/joel/ros2_jazzy/install/domain_coordinator:/home/joel/ros2_jazzy/install/ament_xmllint:/home/joel/ros2_jazzy/install/ament_pyflakes:/home/joel/ros2_jazzy/install/ament_pycodestyle:/home/joel/ros2_jazzy/install/ament_pep257:/home/joel/ros2_jazzy/install/ament_pclint:/home/joel/ros2_jazzy/install/ament_package:/home/joel/ros2_jazzy/install/ament_mypy:/home/joel/ros2_jazzy/install/ament_lint_cmake:/home/joel/ros2_jazzy/install/ament_flake8:/home/joel/ros2_jazzy/install/ament_copyright:/home/joel/ros2_jazzy/install/ament_lint:/home/joel/ros2_jazzy/install/ament_index_python:/home/joel/ros2_jazzy/install/ament_cpplint:/home/joel/ros2_jazzy/install/ament_cppcheck:/home/joel/ros2_jazzy/install/ament_clang_tidy:/home/joel/ros2_jazzy/install/ament_clang_format:/opt/ros/jazzy DEBUGINFOD_URLS=https://debuginfod.ubuntu.com /usr/bin/cmake /home/joel/vsC/Self-Driving-and-ROS-2-Learn-by-Doing-Plan-Navigation/Section3_Introduction_to_ROS_2/bumperbot_ws/src/bumperbot_description -DCMAKE_INSTALL_PREFIX=/home/joel/vsC/Self-Driving-and-ROS-2-Learn-by-Doing-Plan-Navigation/Section3_Introduction_to_ROS_2/bumperbot_ws/install/bumperbot_description
[0.977s] DEBUG:colcon.colcon_core.event_handler.log_command:Invoking command in '/home/joel/vsC/Self-Driving-and-ROS-2-Learn-by-Doing-Plan-Navigation/Section3_Introduction_to_ROS_2/bumperbot_ws/build/bumperbot_firmware': CMAKE_PREFIX_PATH=${CMAKE_PREFIX_PATH}:/home/joel/ros2_jazzy/install/rqt_bag_plugins:/home/joel/ros2_jazzy/install/rqt_bag:/home/joel/ros2_jazzy/install/rosbag2_examples_py:/home/joel/ros2_jazzy/install/launch_testing_examples:/home/joel/ros2_jazzy/install/ros2bag:/home/joel/ros2_jazzy/install/tracetools_test:/home/joel/ros2_jazzy/install/tracetools_launch:/home/joel/ros2_jazzy/install/topic_monitor:/home/joel/ros2_jazzy/install/tf2_tools:/home/joel/ros2_jazzy/install/examples_tf2_py:/home/joel/ros2_jazzy/install/tf2_ros_py:/home/joel/ros2_jazzy/install/examples_rclpy_pointcloud_publisher:/home/joel/ros2_jazzy/install/sensor_msgs_py:/home/joel/ros2_jazzy/install/quality_of_service_demo_py:/home/joel/ros2_jazzy/install/camera_info_manager_py:/home/joel/ros2_jazzy/install/rqt_plot:/home/joel/ros2_jazzy/install/ros2doctor:/home/joel/ros2_jazzy/install/lifecycle_py:/home/joel/ros2_jazzy/install/examples_rclpy_minimal_subscriber:/home/joel/ros2_jazzy/install/examples_rclpy_minimal_service:/home/joel/ros2_jazzy/install/examples_rclpy_minimal_publisher:/home/joel/ros2_jazzy/install/examples_rclpy_minimal_client:/home/joel/ros2_jazzy/install/examples_rclpy_executors:/home/joel/ros2_jazzy/install/demo_nodes_py:/home/joel/ros2_jazzy/install/rqt:/home/joel/ros2_jazzy/install/ros2component:/home/joel/ros2_jazzy/install/sros2:/home/joel/ros2_jazzy/install/rqt_topic:/home/joel/ros2_jazzy/install/rqt_srv:/home/joel/ros2_jazzy/install/rqt_shell:/home/joel/ros2_jazzy/install/rqt_service_caller:/home/joel/ros2_jazzy/install/rqt_reconfigure:/home/joel/ros2_jazzy/install/rqt_py_console:/home/joel/ros2_jazzy/install/rqt_publisher:/home/joel/ros2_jazzy/install/rqt_action:/home/joel/ros2_jazzy/install/rqt_msg:/home/joel/ros2_jazzy/install/rqt_console:/home/joel/ros2_jazzy/install/rqt_graph:/home/joel/ros2_jazzy/install/rqt_gui_py:/home/joel/ros2_jazzy/install/rqt_gui:/home/joel/ros2_jazzy/install/ros2trace:/home/joel/ros2_jazzy/install/ros2topic:/home/joel/ros2_jazzy/install/ros2test:/home/joel/ros2_jazzy/install/ros2param:/home/joel/ros2_jazzy/install/ros2lifecycle:/home/joel/ros2_jazzy/install/ros2service:/home/joel/ros2_jazzy/install/ros2run:/home/joel/ros2_jazzy/install/ros2launch:/home/joel/ros2_jazzy/install/ros2pkg:/home/joel/ros2_jazzy/install/ros2node:/home/joel/ros2_jazzy/install/ros2multicast:/home/joel/ros2_jazzy/install/ros2interface:/home/joel/ros2_jazzy/install/ros2action:/home/joel/ros2_jazzy/install/ros2cli:/home/joel/ros2_jazzy/install/launch_testing_ros:/home/joel/ros2_jazzy/install/launch_ros:/home/joel/ros2_jazzy/install/examples_rclpy_minimal_action_server:/home/joel/ros2_jazzy/install/examples_rclpy_minimal_action_client:/home/joel/ros2_jazzy/install/examples_rclpy_guard_conditions:/home/joel/ros2_jazzy/install/action_tutorials_py:/home/joel/ros2_jazzy/install/ament_uncrustify:/home/joel/ros2_jazzy/install/tracetools_trace:/home/joel/ros2_jazzy/install/tracetools_read:/home/joel/ros2_jazzy/install/test_tracetools_launch:/home/joel/ros2_jazzy/install/test_ros2trace:/home/joel/ros2_jazzy/install/test_launch_ros:/home/joel/ros2_jazzy/install/rpyutils:/home/joel/ros2_jazzy/install/rosidl_runtime_py:/home/joel/ros2_jazzy/install/rosidl_pycommon:/home/joel/ros2_jazzy/install/rosidl_cli:/home/joel/ros2_jazzy/install/launch_pytest:/home/joel/ros2_jazzy/install/launch_testing:/home/joel/ros2_jazzy/install/launch_yaml:/home/joel/ros2_jazzy/install/launch_xml:/home/joel/ros2_jazzy/install/launch:/home/joel/ros2_jazzy/install/osrf_pycommon:/home/joel/ros2_jazzy/install/domain_coordinator:/home/joel/ros2_jazzy/install/ament_xmllint:/home/joel/ros2_jazzy/install/ament_pyflakes:/home/joel/ros2_jazzy/install/ament_pycodestyle:/home/joel/ros2_jazzy/install/ament_pep257:/home/joel/ros2_jazzy/install/ament_pclint:/home/joel/ros2_jazzy/install/ament_package:/home/joel/ros2_jazzy/install/ament_mypy:/home/joel/ros2_jazzy/install/ament_lint_cmake:/home/joel/ros2_jazzy/install/ament_flake8:/home/joel/ros2_jazzy/install/ament_copyright:/home/joel/ros2_jazzy/install/ament_lint:/home/joel/ros2_jazzy/install/ament_index_python:/home/joel/ros2_jazzy/install/ament_cpplint:/home/joel/ros2_jazzy/install/ament_cppcheck:/home/joel/ros2_jazzy/install/ament_clang_tidy:/home/joel/ros2_jazzy/install/ament_clang_format:/opt/ros/jazzy DEBUGINFOD_URLS=https://debuginfod.ubuntu.com /usr/bin/cmake /home/joel/vsC/Self-Driving-and-ROS-2-Learn-by-Doing-Plan-Navigation/Section3_Introduction_to_ROS_2/bumperbot_ws/src/bumperbot_firmware -DCMAKE_INSTALL_PREFIX=/home/joel/vsC/Self-Driving-and-ROS-2-Learn-by-Doing-Plan-Navigation/Section3_Introduction_to_ROS_2/bumperbot_ws/install/bumperbot_firmware
[0.985s] DEBUG:colcon.colcon_core.event_handler.log_command:Invoking command in '/home/joel/vsC/Self-Driving-and-ROS-2-Learn-by-Doing-Plan-Navigation/Section3_Introduction_to_ROS_2/bumperbot_ws/build/bumperbot_localization': CMAKE_PREFIX_PATH=${CMAKE_PREFIX_PATH}:/home/joel/ros2_jazzy/install/rqt_bag_plugins:/home/joel/ros2_jazzy/install/rqt_bag:/home/joel/ros2_jazzy/install/rosbag2_examples_py:/home/joel/ros2_jazzy/install/launch_testing_examples:/home/joel/ros2_jazzy/install/ros2bag:/home/joel/ros2_jazzy/install/tracetools_test:/home/joel/ros2_jazzy/install/tracetools_launch:/home/joel/ros2_jazzy/install/topic_monitor:/home/joel/ros2_jazzy/install/tf2_tools:/home/joel/ros2_jazzy/install/examples_tf2_py:/home/joel/ros2_jazzy/install/tf2_ros_py:/home/joel/ros2_jazzy/install/examples_rclpy_pointcloud_publisher:/home/joel/ros2_jazzy/install/sensor_msgs_py:/home/joel/ros2_jazzy/install/quality_of_service_demo_py:/home/joel/ros2_jazzy/install/camera_info_manager_py:/home/joel/ros2_jazzy/install/rqt_plot:/home/joel/ros2_jazzy/install/ros2doctor:/home/joel/ros2_jazzy/install/lifecycle_py:/home/joel/ros2_jazzy/install/examples_rclpy_minimal_subscriber:/home/joel/ros2_jazzy/install/examples_rclpy_minimal_service:/home/joel/ros2_jazzy/install/examples_rclpy_minimal_publisher:/home/joel/ros2_jazzy/install/examples_rclpy_minimal_client:/home/joel/ros2_jazzy/install/examples_rclpy_executors:/home/joel/ros2_jazzy/install/demo_nodes_py:/home/joel/ros2_jazzy/install/rqt:/home/joel/ros2_jazzy/install/ros2component:/home/joel/ros2_jazzy/install/sros2:/home/joel/ros2_jazzy/install/rqt_topic:/home/joel/ros2_jazzy/install/rqt_srv:/home/joel/ros2_jazzy/install/rqt_shell:/home/joel/ros2_jazzy/install/rqt_service_caller:/home/joel/ros2_jazzy/install/rqt_reconfigure:/home/joel/ros2_jazzy/install/rqt_py_console:/home/joel/ros2_jazzy/install/rqt_publisher:/home/joel/ros2_jazzy/install/rqt_action:/home/joel/ros2_jazzy/install/rqt_msg:/home/joel/ros2_jazzy/install/rqt_console:/home/joel/ros2_jazzy/install/rqt_graph:/home/joel/ros2_jazzy/install/rqt_gui_py:/home/joel/ros2_jazzy/install/rqt_gui:/home/joel/ros2_jazzy/install/ros2trace:/home/joel/ros2_jazzy/install/ros2topic:/home/joel/ros2_jazzy/install/ros2test:/home/joel/ros2_jazzy/install/ros2param:/home/joel/ros2_jazzy/install/ros2lifecycle:/home/joel/ros2_jazzy/install/ros2service:/home/joel/ros2_jazzy/install/ros2run:/home/joel/ros2_jazzy/install/ros2launch:/home/joel/ros2_jazzy/install/ros2pkg:/home/joel/ros2_jazzy/install/ros2node:/home/joel/ros2_jazzy/install/ros2multicast:/home/joel/ros2_jazzy/install/ros2interface:/home/joel/ros2_jazzy/install/ros2action:/home/joel/ros2_jazzy/install/ros2cli:/home/joel/ros2_jazzy/install/launch_testing_ros:/home/joel/ros2_jazzy/install/launch_ros:/home/joel/ros2_jazzy/install/examples_rclpy_minimal_action_server:/home/joel/ros2_jazzy/install/examples_rclpy_minimal_action_client:/home/joel/ros2_jazzy/install/examples_rclpy_guard_conditions:/home/joel/ros2_jazzy/install/action_tutorials_py:/home/joel/ros2_jazzy/install/ament_uncrustify:/home/joel/ros2_jazzy/install/tracetools_trace:/home/joel/ros2_jazzy/install/tracetools_read:/home/joel/ros2_jazzy/install/test_tracetools_launch:/home/joel/ros2_jazzy/install/test_ros2trace:/home/joel/ros2_jazzy/install/test_launch_ros:/home/joel/ros2_jazzy/install/rpyutils:/home/joel/ros2_jazzy/install/rosidl_runtime_py:/home/joel/ros2_jazzy/install/rosidl_pycommon:/home/joel/ros2_jazzy/install/rosidl_cli:/home/joel/ros2_jazzy/install/launch_pytest:/home/joel/ros2_jazzy/install/launch_testing:/home/joel/ros2_jazzy/install/launch_yaml:/home/joel/ros2_jazzy/install/launch_xml:/home/joel/ros2_jazzy/install/launch:/home/joel/ros2_jazzy/install/osrf_pycommon:/home/joel/ros2_jazzy/install/domain_coordinator:/home/joel/ros2_jazzy/install/ament_xmllint:/home/joel/ros2_jazzy/install/ament_pyflakes:/home/joel/ros2_jazzy/install/ament_pycodestyle:/home/joel/ros2_jazzy/install/ament_pep257:/home/joel/ros2_jazzy/install/ament_pclint:/home/joel/ros2_jazzy/install/ament_package:/home/joel/ros2_jazzy/install/ament_mypy:/home/joel/ros2_jazzy/install/ament_lint_cmake:/home/joel/ros2_jazzy/install/ament_flake8:/home/joel/ros2_jazzy/install/ament_copyright:/home/joel/ros2_jazzy/install/ament_lint:/home/joel/ros2_jazzy/install/ament_index_python:/home/joel/ros2_jazzy/install/ament_cpplint:/home/joel/ros2_jazzy/install/ament_cppcheck:/home/joel/ros2_jazzy/install/ament_clang_tidy:/home/joel/ros2_jazzy/install/ament_clang_format:/opt/ros/jazzy DEBUGINFOD_URLS=https://debuginfod.ubuntu.com /usr/bin/cmake /home/joel/vsC/Self-Driving-and-ROS-2-Learn-by-Doing-Plan-Navigation/Section3_Introduction_to_ROS_2/bumperbot_ws/src/bumperbot_localization -DCMAKE_INSTALL_PREFIX=/home/joel/vsC/Self-Driving-and-ROS-2-Learn-by-Doing-Plan-Navigation/Section3_Introduction_to_ROS_2/bumperbot_ws/install/bumperbot_localization
[0.993s] DEBUG:colcon.colcon_core.event_handler.log_command:Invoking command in '/home/joel/vsC/Self-Driving-and-ROS-2-Learn-by-Doing-Plan-Navigation/Section3_Introduction_to_ROS_2/bumperbot_ws/build/bumperbot_mapping': CMAKE_PREFIX_PATH=${CMAKE_PREFIX_PATH}:/home/joel/ros2_jazzy/install/rqt_bag_plugins:/home/joel/ros2_jazzy/install/rqt_bag:/home/joel/ros2_jazzy/install/rosbag2_examples_py:/home/joel/ros2_jazzy/install/launch_testing_examples:/home/joel/ros2_jazzy/install/ros2bag:/home/joel/ros2_jazzy/install/tracetools_test:/home/joel/ros2_jazzy/install/tracetools_launch:/home/joel/ros2_jazzy/install/topic_monitor:/home/joel/ros2_jazzy/install/tf2_tools:/home/joel/ros2_jazzy/install/examples_tf2_py:/home/joel/ros2_jazzy/install/tf2_ros_py:/home/joel/ros2_jazzy/install/examples_rclpy_pointcloud_publisher:/home/joel/ros2_jazzy/install/sensor_msgs_py:/home/joel/ros2_jazzy/install/quality_of_service_demo_py:/home/joel/ros2_jazzy/install/camera_info_manager_py:/home/joel/ros2_jazzy/install/rqt_plot:/home/joel/ros2_jazzy/install/ros2doctor:/home/joel/ros2_jazzy/install/lifecycle_py:/home/joel/ros2_jazzy/install/examples_rclpy_minimal_subscriber:/home/joel/ros2_jazzy/install/examples_rclpy_minimal_service:/home/joel/ros2_jazzy/install/examples_rclpy_minimal_publisher:/home/joel/ros2_jazzy/install/examples_rclpy_minimal_client:/home/joel/ros2_jazzy/install/examples_rclpy_executors:/home/joel/ros2_jazzy/install/demo_nodes_py:/home/joel/ros2_jazzy/install/rqt:/home/joel/ros2_jazzy/install/ros2component:/home/joel/ros2_jazzy/install/sros2:/home/joel/ros2_jazzy/install/rqt_topic:/home/joel/ros2_jazzy/install/rqt_srv:/home/joel/ros2_jazzy/install/rqt_shell:/home/joel/ros2_jazzy/install/rqt_service_caller:/home/joel/ros2_jazzy/install/rqt_reconfigure:/home/joel/ros2_jazzy/install/rqt_py_console:/home/joel/ros2_jazzy/install/rqt_publisher:/home/joel/ros2_jazzy/install/rqt_action:/home/joel/ros2_jazzy/install/rqt_msg:/home/joel/ros2_jazzy/install/rqt_console:/home/joel/ros2_jazzy/install/rqt_graph:/home/joel/ros2_jazzy/install/rqt_gui_py:/home/joel/ros2_jazzy/install/rqt_gui:/home/joel/ros2_jazzy/install/ros2trace:/home/joel/ros2_jazzy/install/ros2topic:/home/joel/ros2_jazzy/install/ros2test:/home/joel/ros2_jazzy/install/ros2param:/home/joel/ros2_jazzy/install/ros2lifecycle:/home/joel/ros2_jazzy/install/ros2service:/home/joel/ros2_jazzy/install/ros2run:/home/joel/ros2_jazzy/install/ros2launch:/home/joel/ros2_jazzy/install/ros2pkg:/home/joel/ros2_jazzy/install/ros2node:/home/joel/ros2_jazzy/install/ros2multicast:/home/joel/ros2_jazzy/install/ros2interface:/home/joel/ros2_jazzy/install/ros2action:/home/joel/ros2_jazzy/install/ros2cli:/home/joel/ros2_jazzy/install/launch_testing_ros:/home/joel/ros2_jazzy/install/launch_ros:/home/joel/ros2_jazzy/install/examples_rclpy_minimal_action_server:/home/joel/ros2_jazzy/install/examples_rclpy_minimal_action_client:/home/joel/ros2_jazzy/install/examples_rclpy_guard_conditions:/home/joel/ros2_jazzy/install/action_tutorials_py:/home/joel/ros2_jazzy/install/ament_uncrustify:/home/joel/ros2_jazzy/install/tracetools_trace:/home/joel/ros2_jazzy/install/tracetools_read:/home/joel/ros2_jazzy/install/test_tracetools_launch:/home/joel/ros2_jazzy/install/test_ros2trace:/home/joel/ros2_jazzy/install/test_launch_ros:/home/joel/ros2_jazzy/install/rpyutils:/home/joel/ros2_jazzy/install/rosidl_runtime_py:/home/joel/ros2_jazzy/install/rosidl_pycommon:/home/joel/ros2_jazzy/install/rosidl_cli:/home/joel/ros2_jazzy/install/launch_pytest:/home/joel/ros2_jazzy/install/launch_testing:/home/joel/ros2_jazzy/install/launch_yaml:/home/joel/ros2_jazzy/install/launch_xml:/home/joel/ros2_jazzy/install/launch:/home/joel/ros2_jazzy/install/osrf_pycommon:/home/joel/ros2_jazzy/install/domain_coordinator:/home/joel/ros2_jazzy/install/ament_xmllint:/home/joel/ros2_jazzy/install/ament_pyflakes:/home/joel/ros2_jazzy/install/ament_pycodestyle:/home/joel/ros2_jazzy/install/ament_pep257:/home/joel/ros2_jazzy/install/ament_pclint:/home/joel/ros2_jazzy/install/ament_package:/home/joel/ros2_jazzy/install/ament_mypy:/home/joel/ros2_jazzy/install/ament_lint_cmake:/home/joel/ros2_jazzy/install/ament_flake8:/home/joel/ros2_jazzy/install/ament_copyright:/home/joel/ros2_jazzy/install/ament_lint:/home/joel/ros2_jazzy/install/ament_index_python:/home/joel/ros2_jazzy/install/ament_cpplint:/home/joel/ros2_jazzy/install/ament_cppcheck:/home/joel/ros2_jazzy/install/ament_clang_tidy:/home/joel/ros2_jazzy/install/ament_clang_format:/opt/ros/jazzy DEBUGINFOD_URLS=https://debuginfod.ubuntu.com /usr/bin/cmake /home/joel/vsC/Self-Driving-and-ROS-2-Learn-by-Doing-Plan-Navigation/Section3_Introduction_to_ROS_2/bumperbot_ws/src/bumperbot_mapping -DCMAKE_INSTALL_PREFIX=/home/joel/vsC/Self-Driving-and-ROS-2-Learn-by-Doing-Plan-Navigation/Section3_Introduction_to_ROS_2/bumperbot_ws/install/bumperbot_mapping
[1.004s] DEBUG:colcon.colcon_core.event_handler.log_command:Invoking command in '/home/joel/vsC/Self-Driving-and-ROS-2-Learn-by-Doing-Plan-Navigation/Section3_Introduction_to_ROS_2/bumperbot_ws/build/bumperbot_utils': CMAKE_PREFIX_PATH=${CMAKE_PREFIX_PATH}:/home/joel/ros2_jazzy/install/rqt_bag_plugins:/home/joel/ros2_jazzy/install/rqt_bag:/home/joel/ros2_jazzy/install/rosbag2_examples_py:/home/joel/ros2_jazzy/install/launch_testing_examples:/home/joel/ros2_jazzy/install/ros2bag:/home/joel/ros2_jazzy/install/tracetools_test:/home/joel/ros2_jazzy/install/tracetools_launch:/home/joel/ros2_jazzy/install/topic_monitor:/home/joel/ros2_jazzy/install/tf2_tools:/home/joel/ros2_jazzy/install/examples_tf2_py:/home/joel/ros2_jazzy/install/tf2_ros_py:/home/joel/ros2_jazzy/install/examples_rclpy_pointcloud_publisher:/home/joel/ros2_jazzy/install/sensor_msgs_py:/home/joel/ros2_jazzy/install/quality_of_service_demo_py:/home/joel/ros2_jazzy/install/camera_info_manager_py:/home/joel/ros2_jazzy/install/rqt_plot:/home/joel/ros2_jazzy/install/ros2doctor:/home/joel/ros2_jazzy/install/lifecycle_py:/home/joel/ros2_jazzy/install/examples_rclpy_minimal_subscriber:/home/joel/ros2_jazzy/install/examples_rclpy_minimal_service:/home/joel/ros2_jazzy/install/examples_rclpy_minimal_publisher:/home/joel/ros2_jazzy/install/examples_rclpy_minimal_client:/home/joel/ros2_jazzy/install/examples_rclpy_executors:/home/joel/ros2_jazzy/install/demo_nodes_py:/home/joel/ros2_jazzy/install/rqt:/home/joel/ros2_jazzy/install/ros2component:/home/joel/ros2_jazzy/install/sros2:/home/joel/ros2_jazzy/install/rqt_topic:/home/joel/ros2_jazzy/install/rqt_srv:/home/joel/ros2_jazzy/install/rqt_shell:/home/joel/ros2_jazzy/install/rqt_service_caller:/home/joel/ros2_jazzy/install/rqt_reconfigure:/home/joel/ros2_jazzy/install/rqt_py_console:/home/joel/ros2_jazzy/install/rqt_publisher:/home/joel/ros2_jazzy/install/rqt_action:/home/joel/ros2_jazzy/install/rqt_msg:/home/joel/ros2_jazzy/install/rqt_console:/home/joel/ros2_jazzy/install/rqt_graph:/home/joel/ros2_jazzy/install/rqt_gui_py:/home/joel/ros2_jazzy/install/rqt_gui:/home/joel/ros2_jazzy/install/ros2trace:/home/joel/ros2_jazzy/install/ros2topic:/home/joel/ros2_jazzy/install/ros2test:/home/joel/ros2_jazzy/install/ros2param:/home/joel/ros2_jazzy/install/ros2lifecycle:/home/joel/ros2_jazzy/install/ros2service:/home/joel/ros2_jazzy/install/ros2run:/home/joel/ros2_jazzy/install/ros2launch:/home/joel/ros2_jazzy/install/ros2pkg:/home/joel/ros2_jazzy/install/ros2node:/home/joel/ros2_jazzy/install/ros2multicast:/home/joel/ros2_jazzy/install/ros2interface:/home/joel/ros2_jazzy/install/ros2action:/home/joel/ros2_jazzy/install/ros2cli:/home/joel/ros2_jazzy/install/launch_testing_ros:/home/joel/ros2_jazzy/install/launch_ros:/home/joel/ros2_jazzy/install/examples_rclpy_minimal_action_server:/home/joel/ros2_jazzy/install/examples_rclpy_minimal_action_client:/home/joel/ros2_jazzy/install/examples_rclpy_guard_conditions:/home/joel/ros2_jazzy/install/action_tutorials_py:/home/joel/ros2_jazzy/install/ament_uncrustify:/home/joel/ros2_jazzy/install/tracetools_trace:/home/joel/ros2_jazzy/install/tracetools_read:/home/joel/ros2_jazzy/install/test_tracetools_launch:/home/joel/ros2_jazzy/install/test_ros2trace:/home/joel/ros2_jazzy/install/test_launch_ros:/home/joel/ros2_jazzy/install/rpyutils:/home/joel/ros2_jazzy/install/rosidl_runtime_py:/home/joel/ros2_jazzy/install/rosidl_pycommon:/home/joel/ros2_jazzy/install/rosidl_cli:/home/joel/ros2_jazzy/install/launch_pytest:/home/joel/ros2_jazzy/install/launch_testing:/home/joel/ros2_jazzy/install/launch_yaml:/home/joel/ros2_jazzy/install/launch_xml:/home/joel/ros2_jazzy/install/launch:/home/joel/ros2_jazzy/install/osrf_pycommon:/home/joel/ros2_jazzy/install/domain_coordinator:/home/joel/ros2_jazzy/install/ament_xmllint:/home/joel/ros2_jazzy/install/ament_pyflakes:/home/joel/ros2_jazzy/install/ament_pycodestyle:/home/joel/ros2_jazzy/install/ament_pep257:/home/joel/ros2_jazzy/install/ament_pclint:/home/joel/ros2_jazzy/install/ament_package:/home/joel/ros2_jazzy/install/ament_mypy:/home/joel/ros2_jazzy/install/ament_lint_cmake:/home/joel/ros2_jazzy/install/ament_flake8:/home/joel/ros2_jazzy/install/ament_copyright:/home/joel/ros2_jazzy/install/ament_lint:/home/joel/ros2_jazzy/install/ament_index_python:/home/joel/ros2_jazzy/install/ament_cpplint:/home/joel/ros2_jazzy/install/ament_cppcheck:/home/joel/ros2_jazzy/install/ament_clang_tidy:/home/joel/ros2_jazzy/install/ament_clang_format:/opt/ros/jazzy DEBUGINFOD_URLS=https://debuginfod.ubuntu.com /usr/bin/cmake /home/joel/vsC/Self-Driving-and-ROS-2-Learn-by-Doing-Plan-Navigation/Section3_Introduction_to_ROS_2/bumperbot_ws/src/bumperbot_utils -DCMAKE_INSTALL_PREFIX=/home/joel/vsC/Self-Driving-and-ROS-2-Learn-by-Doing-Plan-Navigation/Section3_Introduction_to_ROS_2/bumperbot_ws/install/bumperbot_utils
[5.893s] DEBUG:colcon.colcon_core.event_handler.log_command:Invoked command in '/home/joel/vsC/Self-Driving-and-ROS-2-Learn-by-Doing-Plan-Navigation/Section3_Introduction_to_ROS_2/bumperbot_ws/build/bumperbot_description' returned '0': CMAKE_PREFIX_PATH=${CMAKE_PREFIX_PATH}:/home/joel/ros2_jazzy/install/rqt_bag_plugins:/home/joel/ros2_jazzy/install/rqt_bag:/home/joel/ros2_jazzy/install/rosbag2_examples_py:/home/joel/ros2_jazzy/install/launch_testing_examples:/home/joel/ros2_jazzy/install/ros2bag:/home/joel/ros2_jazzy/install/tracetools_test:/home/joel/ros2_jazzy/install/tracetools_launch:/home/joel/ros2_jazzy/install/topic_monitor:/home/joel/ros2_jazzy/install/tf2_tools:/home/joel/ros2_jazzy/install/examples_tf2_py:/home/joel/ros2_jazzy/install/tf2_ros_py:/home/joel/ros2_jazzy/install/examples_rclpy_pointcloud_publisher:/home/joel/ros2_jazzy/install/sensor_msgs_py:/home/joel/ros2_jazzy/install/quality_of_service_demo_py:/home/joel/ros2_jazzy/install/camera_info_manager_py:/home/joel/ros2_jazzy/install/rqt_plot:/home/joel/ros2_jazzy/install/ros2doctor:/home/joel/ros2_jazzy/install/lifecycle_py:/home/joel/ros2_jazzy/install/examples_rclpy_minimal_subscriber:/home/joel/ros2_jazzy/install/examples_rclpy_minimal_service:/home/joel/ros2_jazzy/install/examples_rclpy_minimal_publisher:/home/joel/ros2_jazzy/install/examples_rclpy_minimal_client:/home/joel/ros2_jazzy/install/examples_rclpy_executors:/home/joel/ros2_jazzy/install/demo_nodes_py:/home/joel/ros2_jazzy/install/rqt:/home/joel/ros2_jazzy/install/ros2component:/home/joel/ros2_jazzy/install/sros2:/home/joel/ros2_jazzy/install/rqt_topic:/home/joel/ros2_jazzy/install/rqt_srv:/home/joel/ros2_jazzy/install/rqt_shell:/home/joel/ros2_jazzy/install/rqt_service_caller:/home/joel/ros2_jazzy/install/rqt_reconfigure:/home/joel/ros2_jazzy/install/rqt_py_console:/home/joel/ros2_jazzy/install/rqt_publisher:/home/joel/ros2_jazzy/install/rqt_action:/home/joel/ros2_jazzy/install/rqt_msg:/home/joel/ros2_jazzy/install/rqt_console:/home/joel/ros2_jazzy/install/rqt_graph:/home/joel/ros2_jazzy/install/rqt_gui_py:/home/joel/ros2_jazzy/install/rqt_gui:/home/joel/ros2_jazzy/install/ros2trace:/home/joel/ros2_jazzy/install/ros2topic:/home/joel/ros2_jazzy/install/ros2test:/home/joel/ros2_jazzy/install/ros2param:/home/joel/ros2_jazzy/install/ros2lifecycle:/home/joel/ros2_jazzy/install/ros2service:/home/joel/ros2_jazzy/install/ros2run:/home/joel/ros2_jazzy/install/ros2launch:/home/joel/ros2_jazzy/install/ros2pkg:/home/joel/ros2_jazzy/install/ros2node:/home/joel/ros2_jazzy/install/ros2multicast:/home/joel/ros2_jazzy/install/ros2interface:/home/joel/ros2_jazzy/install/ros2action:/home/joel/ros2_jazzy/install/ros2cli:/home/joel/ros2_jazzy/install/launch_testing_ros:/home/joel/ros2_jazzy/install/launch_ros:/home/joel/ros2_jazzy/install/examples_rclpy_minimal_action_server:/home/joel/ros2_jazzy/install/examples_rclpy_minimal_action_client:/home/joel/ros2_jazzy/install/examples_rclpy_guard_conditions:/home/joel/ros2_jazzy/install/action_tutorials_py:/home/joel/ros2_jazzy/install/ament_uncrustify:/home/joel/ros2_jazzy/install/tracetools_trace:/home/joel/ros2_jazzy/install/tracetools_read:/home/joel/ros2_jazzy/install/test_tracetools_launch:/home/joel/ros2_jazzy/install/test_ros2trace:/home/joel/ros2_jazzy/install/test_launch_ros:/home/joel/ros2_jazzy/install/rpyutils:/home/joel/ros2_jazzy/install/rosidl_runtime_py:/home/joel/ros2_jazzy/install/rosidl_pycommon:/home/joel/ros2_jazzy/install/rosidl_cli:/home/joel/ros2_jazzy/install/launch_pytest:/home/joel/ros2_jazzy/install/launch_testing:/home/joel/ros2_jazzy/install/launch_yaml:/home/joel/ros2_jazzy/install/launch_xml:/home/joel/ros2_jazzy/install/launch:/home/joel/ros2_jazzy/install/osrf_pycommon:/home/joel/ros2_jazzy/install/domain_coordinator:/home/joel/ros2_jazzy/install/ament_xmllint:/home/joel/ros2_jazzy/install/ament_pyflakes:/home/joel/ros2_jazzy/install/ament_pycodestyle:/home/joel/ros2_jazzy/install/ament_pep257:/home/joel/ros2_jazzy/install/ament_pclint:/home/joel/ros2_jazzy/install/ament_package:/home/joel/ros2_jazzy/install/ament_mypy:/home/joel/ros2_jazzy/install/ament_lint_cmake:/home/joel/ros2_jazzy/install/ament_flake8:/home/joel/ros2_jazzy/install/ament_copyright:/home/joel/ros2_jazzy/install/ament_lint:/home/joel/ros2_jazzy/install/ament_index_python:/home/joel/ros2_jazzy/install/ament_cpplint:/home/joel/ros2_jazzy/install/ament_cppcheck:/home/joel/ros2_jazzy/install/ament_clang_tidy:/home/joel/ros2_jazzy/install/ament_clang_format:/opt/ros/jazzy DEBUGINFOD_URLS=https://debuginfod.ubuntu.com /usr/bin/cmake /home/joel/vsC/Self-Driving-and-ROS-2-Learn-by-Doing-Plan-Navigation/Section3_Introduction_to_ROS_2/bumperbot_ws/src/bumperbot_description -DCMAKE_INSTALL_PREFIX=/home/joel/vsC/Self-Driving-and-ROS-2-Learn-by-Doing-Plan-Navigation/Section3_Introduction_to_ROS_2/bumperbot_ws/install/bumperbot_description
[5.895s] DEBUG:colcon.colcon_core.event_handler.log_command:Invoking command in '/home/joel/vsC/Self-Driving-and-ROS-2-Learn-by-Doing-Plan-Navigation/Section3_Introduction_to_ROS_2/bumperbot_ws/build/bumperbot_description': CMAKE_PREFIX_PATH=${CMAKE_PREFIX_PATH}:/home/joel/ros2_jazzy/install/rqt_bag_plugins:/home/joel/ros2_jazzy/install/rqt_bag:/home/joel/ros2_jazzy/install/rosbag2_examples_py:/home/joel/ros2_jazzy/install/launch_testing_examples:/home/joel/ros2_jazzy/install/ros2bag:/home/joel/ros2_jazzy/install/tracetools_test:/home/joel/ros2_jazzy/install/tracetools_launch:/home/joel/ros2_jazzy/install/topic_monitor:/home/joel/ros2_jazzy/install/tf2_tools:/home/joel/ros2_jazzy/install/examples_tf2_py:/home/joel/ros2_jazzy/install/tf2_ros_py:/home/joel/ros2_jazzy/install/examples_rclpy_pointcloud_publisher:/home/joel/ros2_jazzy/install/sensor_msgs_py:/home/joel/ros2_jazzy/install/quality_of_service_demo_py:/home/joel/ros2_jazzy/install/camera_info_manager_py:/home/joel/ros2_jazzy/install/rqt_plot:/home/joel/ros2_jazzy/install/ros2doctor:/home/joel/ros2_jazzy/install/lifecycle_py:/home/joel/ros2_jazzy/install/examples_rclpy_minimal_subscriber:/home/joel/ros2_jazzy/install/examples_rclpy_minimal_service:/home/joel/ros2_jazzy/install/examples_rclpy_minimal_publisher:/home/joel/ros2_jazzy/install/examples_rclpy_minimal_client:/home/joel/ros2_jazzy/install/examples_rclpy_executors:/home/joel/ros2_jazzy/install/demo_nodes_py:/home/joel/ros2_jazzy/install/rqt:/home/joel/ros2_jazzy/install/ros2component:/home/joel/ros2_jazzy/install/sros2:/home/joel/ros2_jazzy/install/rqt_topic:/home/joel/ros2_jazzy/install/rqt_srv:/home/joel/ros2_jazzy/install/rqt_shell:/home/joel/ros2_jazzy/install/rqt_service_caller:/home/joel/ros2_jazzy/install/rqt_reconfigure:/home/joel/ros2_jazzy/install/rqt_py_console:/home/joel/ros2_jazzy/install/rqt_publisher:/home/joel/ros2_jazzy/install/rqt_action:/home/joel/ros2_jazzy/install/rqt_msg:/home/joel/ros2_jazzy/install/rqt_console:/home/joel/ros2_jazzy/install/rqt_graph:/home/joel/ros2_jazzy/install/rqt_gui_py:/home/joel/ros2_jazzy/install/rqt_gui:/home/joel/ros2_jazzy/install/ros2trace:/home/joel/ros2_jazzy/install/ros2topic:/home/joel/ros2_jazzy/install/ros2test:/home/joel/ros2_jazzy/install/ros2param:/home/joel/ros2_jazzy/install/ros2lifecycle:/home/joel/ros2_jazzy/install/ros2service:/home/joel/ros2_jazzy/install/ros2run:/home/joel/ros2_jazzy/install/ros2launch:/home/joel/ros2_jazzy/install/ros2pkg:/home/joel/ros2_jazzy/install/ros2node:/home/joel/ros2_jazzy/install/ros2multicast:/home/joel/ros2_jazzy/install/ros2interface:/home/joel/ros2_jazzy/install/ros2action:/home/joel/ros2_jazzy/install/ros2cli:/home/joel/ros2_jazzy/install/launch_testing_ros:/home/joel/ros2_jazzy/install/launch_ros:/home/joel/ros2_jazzy/install/examples_rclpy_minimal_action_server:/home/joel/ros2_jazzy/install/examples_rclpy_minimal_action_client:/home/joel/ros2_jazzy/install/examples_rclpy_guard_conditions:/home/joel/ros2_jazzy/install/action_tutorials_py:/home/joel/ros2_jazzy/install/ament_uncrustify:/home/joel/ros2_jazzy/install/tracetools_trace:/home/joel/ros2_jazzy/install/tracetools_read:/home/joel/ros2_jazzy/install/test_tracetools_launch:/home/joel/ros2_jazzy/install/test_ros2trace:/home/joel/ros2_jazzy/install/test_launch_ros:/home/joel/ros2_jazzy/install/rpyutils:/home/joel/ros2_jazzy/install/rosidl_runtime_py:/home/joel/ros2_jazzy/install/rosidl_pycommon:/home/joel/ros2_jazzy/install/rosidl_cli:/home/joel/ros2_jazzy/install/launch_pytest:/home/joel/ros2_jazzy/install/launch_testing:/home/joel/ros2_jazzy/install/launch_yaml:/home/joel/ros2_jazzy/install/launch_xml:/home/joel/ros2_jazzy/install/launch:/home/joel/ros2_jazzy/install/osrf_pycommon:/home/joel/ros2_jazzy/install/domain_coordinator:/home/joel/ros2_jazzy/install/ament_xmllint:/home/joel/ros2_jazzy/install/ament_pyflakes:/home/joel/ros2_jazzy/install/ament_pycodestyle:/home/joel/ros2_jazzy/install/ament_pep257:/home/joel/ros2_jazzy/install/ament_pclint:/home/joel/ros2_jazzy/install/ament_package:/home/joel/ros2_jazzy/install/ament_mypy:/home/joel/ros2_jazzy/install/ament_lint_cmake:/home/joel/ros2_jazzy/install/ament_flake8:/home/joel/ros2_jazzy/install/ament_copyright:/home/joel/ros2_jazzy/install/ament_lint:/home/joel/ros2_jazzy/install/ament_index_python:/home/joel/ros2_jazzy/install/ament_cpplint:/home/joel/ros2_jazzy/install/ament_cppcheck:/home/joel/ros2_jazzy/install/ament_clang_tidy:/home/joel/ros2_jazzy/install/ament_clang_format:/opt/ros/jazzy DEBUGINFOD_URLS=https://debuginfod.ubuntu.com /usr/bin/cmake --build /home/joel/vsC/Self-Driving-and-ROS-2-Learn-by-Doing-Plan-Navigation/Section3_Introduction_to_ROS_2/bumperbot_ws/build/bumperbot_description -- -j8 -l8
[8.211s] DEBUG:colcon.colcon_core.event_handler.log_command:Invoked command in '/home/joel/vsC/Self-Driving-and-ROS-2-Learn-by-Doing-Plan-Navigation/Section3_Introduction_to_ROS_2/bumperbot_ws/build/bumperbot_mapping' returned '0': CMAKE_PREFIX_PATH=${CMAKE_PREFIX_PATH}:/home/joel/ros2_jazzy/install/rqt_bag_plugins:/home/joel/ros2_jazzy/install/rqt_bag:/home/joel/ros2_jazzy/install/rosbag2_examples_py:/home/joel/ros2_jazzy/install/launch_testing_examples:/home/joel/ros2_jazzy/install/ros2bag:/home/joel/ros2_jazzy/install/tracetools_test:/home/joel/ros2_jazzy/install/tracetools_launch:/home/joel/ros2_jazzy/install/topic_monitor:/home/joel/ros2_jazzy/install/tf2_tools:/home/joel/ros2_jazzy/install/examples_tf2_py:/home/joel/ros2_jazzy/install/tf2_ros_py:/home/joel/ros2_jazzy/install/examples_rclpy_pointcloud_publisher:/home/joel/ros2_jazzy/install/sensor_msgs_py:/home/joel/ros2_jazzy/install/quality_of_service_demo_py:/home/joel/ros2_jazzy/install/camera_info_manager_py:/home/joel/ros2_jazzy/install/rqt_plot:/home/joel/ros2_jazzy/install/ros2doctor:/home/joel/ros2_jazzy/install/lifecycle_py:/home/joel/ros2_jazzy/install/examples_rclpy_minimal_subscriber:/home/joel/ros2_jazzy/install/examples_rclpy_minimal_service:/home/joel/ros2_jazzy/install/examples_rclpy_minimal_publisher:/home/joel/ros2_jazzy/install/examples_rclpy_minimal_client:/home/joel/ros2_jazzy/install/examples_rclpy_executors:/home/joel/ros2_jazzy/install/demo_nodes_py:/home/joel/ros2_jazzy/install/rqt:/home/joel/ros2_jazzy/install/ros2component:/home/joel/ros2_jazzy/install/sros2:/home/joel/ros2_jazzy/install/rqt_topic:/home/joel/ros2_jazzy/install/rqt_srv:/home/joel/ros2_jazzy/install/rqt_shell:/home/joel/ros2_jazzy/install/rqt_service_caller:/home/joel/ros2_jazzy/install/rqt_reconfigure:/home/joel/ros2_jazzy/install/rqt_py_console:/home/joel/ros2_jazzy/install/rqt_publisher:/home/joel/ros2_jazzy/install/rqt_action:/home/joel/ros2_jazzy/install/rqt_msg:/home/joel/ros2_jazzy/install/rqt_console:/home/joel/ros2_jazzy/install/rqt_graph:/home/joel/ros2_jazzy/install/rqt_gui_py:/home/joel/ros2_jazzy/install/rqt_gui:/home/joel/ros2_jazzy/install/ros2trace:/home/joel/ros2_jazzy/install/ros2topic:/home/joel/ros2_jazzy/install/ros2test:/home/joel/ros2_jazzy/install/ros2param:/home/joel/ros2_jazzy/install/ros2lifecycle:/home/joel/ros2_jazzy/install/ros2service:/home/joel/ros2_jazzy/install/ros2run:/home/joel/ros2_jazzy/install/ros2launch:/home/joel/ros2_jazzy/install/ros2pkg:/home/joel/ros2_jazzy/install/ros2node:/home/joel/ros2_jazzy/install/ros2multicast:/home/joel/ros2_jazzy/install/ros2interface:/home/joel/ros2_jazzy/install/ros2action:/home/joel/ros2_jazzy/install/ros2cli:/home/joel/ros2_jazzy/install/launch_testing_ros:/home/joel/ros2_jazzy/install/launch_ros:/home/joel/ros2_jazzy/install/examples_rclpy_minimal_action_server:/home/joel/ros2_jazzy/install/examples_rclpy_minimal_action_client:/home/joel/ros2_jazzy/install/examples_rclpy_guard_conditions:/home/joel/ros2_jazzy/install/action_tutorials_py:/home/joel/ros2_jazzy/install/ament_uncrustify:/home/joel/ros2_jazzy/install/tracetools_trace:/home/joel/ros2_jazzy/install/tracetools_read:/home/joel/ros2_jazzy/install/test_tracetools_launch:/home/joel/ros2_jazzy/install/test_ros2trace:/home/joel/ros2_jazzy/install/test_launch_ros:/home/joel/ros2_jazzy/install/rpyutils:/home/joel/ros2_jazzy/install/rosidl_runtime_py:/home/joel/ros2_jazzy/install/rosidl_pycommon:/home/joel/ros2_jazzy/install/rosidl_cli:/home/joel/ros2_jazzy/install/launch_pytest:/home/joel/ros2_jazzy/install/launch_testing:/home/joel/ros2_jazzy/install/launch_yaml:/home/joel/ros2_jazzy/install/launch_xml:/home/joel/ros2_jazzy/install/launch:/home/joel/ros2_jazzy/install/osrf_pycommon:/home/joel/ros2_jazzy/install/domain_coordinator:/home/joel/ros2_jazzy/install/ament_xmllint:/home/joel/ros2_jazzy/install/ament_pyflakes:/home/joel/ros2_jazzy/install/ament_pycodestyle:/home/joel/ros2_jazzy/install/ament_pep257:/home/joel/ros2_jazzy/install/ament_pclint:/home/joel/ros2_jazzy/install/ament_package:/home/joel/ros2_jazzy/install/ament_mypy:/home/joel/ros2_jazzy/install/ament_lint_cmake:/home/joel/ros2_jazzy/install/ament_flake8:/home/joel/ros2_jazzy/install/ament_copyright:/home/joel/ros2_jazzy/install/ament_lint:/home/joel/ros2_jazzy/install/ament_index_python:/home/joel/ros2_jazzy/install/ament_cpplint:/home/joel/ros2_jazzy/install/ament_cppcheck:/home/joel/ros2_jazzy/install/ament_clang_tidy:/home/joel/ros2_jazzy/install/ament_clang_format:/opt/ros/jazzy DEBUGINFOD_URLS=https://debuginfod.ubuntu.com /usr/bin/cmake /home/joel/vsC/Self-Driving-and-ROS-2-Learn-by-Doing-Plan-Navigation/Section3_Introduction_to_ROS_2/bumperbot_ws/src/bumperbot_mapping -DCMAKE_INSTALL_PREFIX=/home/joel/vsC/Self-Driving-and-ROS-2-Learn-by-Doing-Plan-Navigation/Section3_Introduction_to_ROS_2/bumperbot_ws/install/bumperbot_mapping
[8.213s] DEBUG:colcon.colcon_core.event_handler.log_command:Invoking command in '/home/joel/vsC/Self-Driving-and-ROS-2-Learn-by-Doing-Plan-Navigation/Section3_Introduction_to_ROS_2/bumperbot_ws/build/bumperbot_mapping': CMAKE_PREFIX_PATH=${CMAKE_PREFIX_PATH}:/home/joel/ros2_jazzy/install/rqt_bag_plugins:/home/joel/ros2_jazzy/install/rqt_bag:/home/joel/ros2_jazzy/install/rosbag2_examples_py:/home/joel/ros2_jazzy/install/launch_testing_examples:/home/joel/ros2_jazzy/install/ros2bag:/home/joel/ros2_jazzy/install/tracetools_test:/home/joel/ros2_jazzy/install/tracetools_launch:/home/joel/ros2_jazzy/install/topic_monitor:/home/joel/ros2_jazzy/install/tf2_tools:/home/joel/ros2_jazzy/install/examples_tf2_py:/home/joel/ros2_jazzy/install/tf2_ros_py:/home/joel/ros2_jazzy/install/examples_rclpy_pointcloud_publisher:/home/joel/ros2_jazzy/install/sensor_msgs_py:/home/joel/ros2_jazzy/install/quality_of_service_demo_py:/home/joel/ros2_jazzy/install/camera_info_manager_py:/home/joel/ros2_jazzy/install/rqt_plot:/home/joel/ros2_jazzy/install/ros2doctor:/home/joel/ros2_jazzy/install/lifecycle_py:/home/joel/ros2_jazzy/install/examples_rclpy_minimal_subscriber:/home/joel/ros2_jazzy/install/examples_rclpy_minimal_service:/home/joel/ros2_jazzy/install/examples_rclpy_minimal_publisher:/home/joel/ros2_jazzy/install/examples_rclpy_minimal_client:/home/joel/ros2_jazzy/install/examples_rclpy_executors:/home/joel/ros2_jazzy/install/demo_nodes_py:/home/joel/ros2_jazzy/install/rqt:/home/joel/ros2_jazzy/install/ros2component:/home/joel/ros2_jazzy/install/sros2:/home/joel/ros2_jazzy/install/rqt_topic:/home/joel/ros2_jazzy/install/rqt_srv:/home/joel/ros2_jazzy/install/rqt_shell:/home/joel/ros2_jazzy/install/rqt_service_caller:/home/joel/ros2_jazzy/install/rqt_reconfigure:/home/joel/ros2_jazzy/install/rqt_py_console:/home/joel/ros2_jazzy/install/rqt_publisher:/home/joel/ros2_jazzy/install/rqt_action:/home/joel/ros2_jazzy/install/rqt_msg:/home/joel/ros2_jazzy/install/rqt_console:/home/joel/ros2_jazzy/install/rqt_graph:/home/joel/ros2_jazzy/install/rqt_gui_py:/home/joel/ros2_jazzy/install/rqt_gui:/home/joel/ros2_jazzy/install/ros2trace:/home/joel/ros2_jazzy/install/ros2topic:/home/joel/ros2_jazzy/install/ros2test:/home/joel/ros2_jazzy/install/ros2param:/home/joel/ros2_jazzy/install/ros2lifecycle:/home/joel/ros2_jazzy/install/ros2service:/home/joel/ros2_jazzy/install/ros2run:/home/joel/ros2_jazzy/install/ros2launch:/home/joel/ros2_jazzy/install/ros2pkg:/home/joel/ros2_jazzy/install/ros2node:/home/joel/ros2_jazzy/install/ros2multicast:/home/joel/ros2_jazzy/install/ros2interface:/home/joel/ros2_jazzy/install/ros2action:/home/joel/ros2_jazzy/install/ros2cli:/home/joel/ros2_jazzy/install/launch_testing_ros:/home/joel/ros2_jazzy/install/launch_ros:/home/joel/ros2_jazzy/install/examples_rclpy_minimal_action_server:/home/joel/ros2_jazzy/install/examples_rclpy_minimal_action_client:/home/joel/ros2_jazzy/install/examples_rclpy_guard_conditions:/home/joel/ros2_jazzy/install/action_tutorials_py:/home/joel/ros2_jazzy/install/ament_uncrustify:/home/joel/ros2_jazzy/install/tracetools_trace:/home/joel/ros2_jazzy/install/tracetools_read:/home/joel/ros2_jazzy/install/test_tracetools_launch:/home/joel/ros2_jazzy/install/test_ros2trace:/home/joel/ros2_jazzy/install/test_launch_ros:/home/joel/ros2_jazzy/install/rpyutils:/home/joel/ros2_jazzy/install/rosidl_runtime_py:/home/joel/ros2_jazzy/install/rosidl_pycommon:/home/joel/ros2_jazzy/install/rosidl_cli:/home/joel/ros2_jazzy/install/launch_pytest:/home/joel/ros2_jazzy/install/launch_testing:/home/joel/ros2_jazzy/install/launch_yaml:/home/joel/ros2_jazzy/install/launch_xml:/home/joel/ros2_jazzy/install/launch:/home/joel/ros2_jazzy/install/osrf_pycommon:/home/joel/ros2_jazzy/install/domain_coordinator:/home/joel/ros2_jazzy/install/ament_xmllint:/home/joel/ros2_jazzy/install/ament_pyflakes:/home/joel/ros2_jazzy/install/ament_pycodestyle:/home/joel/ros2_jazzy/install/ament_pep257:/home/joel/ros2_jazzy/install/ament_pclint:/home/joel/ros2_jazzy/install/ament_package:/home/joel/ros2_jazzy/install/ament_mypy:/home/joel/ros2_jazzy/install/ament_lint_cmake:/home/joel/ros2_jazzy/install/ament_flake8:/home/joel/ros2_jazzy/install/ament_copyright:/home/joel/ros2_jazzy/install/ament_lint:/home/joel/ros2_jazzy/install/ament_index_python:/home/joel/ros2_jazzy/install/ament_cpplint:/home/joel/ros2_jazzy/install/ament_cppcheck:/home/joel/ros2_jazzy/install/ament_clang_tidy:/home/joel/ros2_jazzy/install/ament_clang_format:/opt/ros/jazzy DEBUGINFOD_URLS=https://debuginfod.ubuntu.com /usr/bin/cmake --build /home/joel/vsC/Self-Driving-and-ROS-2-Learn-by-Doing-Plan-Navigation/Section3_Introduction_to_ROS_2/bumperbot_ws/build/bumperbot_mapping -- -j8 -l8
[8.214s] DEBUG:colcon.colcon_core.event_handler.log_command:Invoked command in '/home/joel/vsC/Self-Driving-and-ROS-2-Learn-by-Doing-Plan-Navigation/Section3_Introduction_to_ROS_2/bumperbot_ws/build/bumperbot_description' returned '0': CMAKE_PREFIX_PATH=${CMAKE_PREFIX_PATH}:/home/joel/ros2_jazzy/install/rqt_bag_plugins:/home/joel/ros2_jazzy/install/rqt_bag:/home/joel/ros2_jazzy/install/rosbag2_examples_py:/home/joel/ros2_jazzy/install/launch_testing_examples:/home/joel/ros2_jazzy/install/ros2bag:/home/joel/ros2_jazzy/install/tracetools_test:/home/joel/ros2_jazzy/install/tracetools_launch:/home/joel/ros2_jazzy/install/topic_monitor:/home/joel/ros2_jazzy/install/tf2_tools:/home/joel/ros2_jazzy/install/examples_tf2_py:/home/joel/ros2_jazzy/install/tf2_ros_py:/home/joel/ros2_jazzy/install/examples_rclpy_pointcloud_publisher:/home/joel/ros2_jazzy/install/sensor_msgs_py:/home/joel/ros2_jazzy/install/quality_of_service_demo_py:/home/joel/ros2_jazzy/install/camera_info_manager_py:/home/joel/ros2_jazzy/install/rqt_plot:/home/joel/ros2_jazzy/install/ros2doctor:/home/joel/ros2_jazzy/install/lifecycle_py:/home/joel/ros2_jazzy/install/examples_rclpy_minimal_subscriber:/home/joel/ros2_jazzy/install/examples_rclpy_minimal_service:/home/joel/ros2_jazzy/install/examples_rclpy_minimal_publisher:/home/joel/ros2_jazzy/install/examples_rclpy_minimal_client:/home/joel/ros2_jazzy/install/examples_rclpy_executors:/home/joel/ros2_jazzy/install/demo_nodes_py:/home/joel/ros2_jazzy/install/rqt:/home/joel/ros2_jazzy/install/ros2component:/home/joel/ros2_jazzy/install/sros2:/home/joel/ros2_jazzy/install/rqt_topic:/home/joel/ros2_jazzy/install/rqt_srv:/home/joel/ros2_jazzy/install/rqt_shell:/home/joel/ros2_jazzy/install/rqt_service_caller:/home/joel/ros2_jazzy/install/rqt_reconfigure:/home/joel/ros2_jazzy/install/rqt_py_console:/home/joel/ros2_jazzy/install/rqt_publisher:/home/joel/ros2_jazzy/install/rqt_action:/home/joel/ros2_jazzy/install/rqt_msg:/home/joel/ros2_jazzy/install/rqt_console:/home/joel/ros2_jazzy/install/rqt_graph:/home/joel/ros2_jazzy/install/rqt_gui_py:/home/joel/ros2_jazzy/install/rqt_gui:/home/joel/ros2_jazzy/install/ros2trace:/home/joel/ros2_jazzy/install/ros2topic:/home/joel/ros2_jazzy/install/ros2test:/home/joel/ros2_jazzy/install/ros2param:/home/joel/ros2_jazzy/install/ros2lifecycle:/home/joel/ros2_jazzy/install/ros2service:/home/joel/ros2_jazzy/install/ros2run:/home/joel/ros2_jazzy/install/ros2launch:/home/joel/ros2_jazzy/install/ros2pkg:/home/joel/ros2_jazzy/install/ros2node:/home/joel/ros2_jazzy/install/ros2multicast:/home/joel/ros2_jazzy/install/ros2interface:/home/joel/ros2_jazzy/install/ros2action:/home/joel/ros2_jazzy/install/ros2cli:/home/joel/ros2_jazzy/install/launch_testing_ros:/home/joel/ros2_jazzy/install/launch_ros:/home/joel/ros2_jazzy/install/examples_rclpy_minimal_action_server:/home/joel/ros2_jazzy/install/examples_rclpy_minimal_action_client:/home/joel/ros2_jazzy/install/examples_rclpy_guard_conditions:/home/joel/ros2_jazzy/install/action_tutorials_py:/home/joel/ros2_jazzy/install/ament_uncrustify:/home/joel/ros2_jazzy/install/tracetools_trace:/home/joel/ros2_jazzy/install/tracetools_read:/home/joel/ros2_jazzy/install/test_tracetools_launch:/home/joel/ros2_jazzy/install/test_ros2trace:/home/joel/ros2_jazzy/install/test_launch_ros:/home/joel/ros2_jazzy/install/rpyutils:/home/joel/ros2_jazzy/install/rosidl_runtime_py:/home/joel/ros2_jazzy/install/rosidl_pycommon:/home/joel/ros2_jazzy/install/rosidl_cli:/home/joel/ros2_jazzy/install/launch_pytest:/home/joel/ros2_jazzy/install/launch_testing:/home/joel/ros2_jazzy/install/launch_yaml:/home/joel/ros2_jazzy/install/launch_xml:/home/joel/ros2_jazzy/install/launch:/home/joel/ros2_jazzy/install/osrf_pycommon:/home/joel/ros2_jazzy/install/domain_coordinator:/home/joel/ros2_jazzy/install/ament_xmllint:/home/joel/ros2_jazzy/install/ament_pyflakes:/home/joel/ros2_jazzy/install/ament_pycodestyle:/home/joel/ros2_jazzy/install/ament_pep257:/home/joel/ros2_jazzy/install/ament_pclint:/home/joel/ros2_jazzy/install/ament_package:/home/joel/ros2_jazzy/install/ament_mypy:/home/joel/ros2_jazzy/install/ament_lint_cmake:/home/joel/ros2_jazzy/install/ament_flake8:/home/joel/ros2_jazzy/install/ament_copyright:/home/joel/ros2_jazzy/install/ament_lint:/home/joel/ros2_jazzy/install/ament_index_python:/home/joel/ros2_jazzy/install/ament_cpplint:/home/joel/ros2_jazzy/install/ament_cppcheck:/home/joel/ros2_jazzy/install/ament_clang_tidy:/home/joel/ros2_jazzy/install/ament_clang_format:/opt/ros/jazzy DEBUGINFOD_URLS=https://debuginfod.ubuntu.com /usr/bin/cmake --build /home/joel/vsC/Self-Driving-and-ROS-2-Learn-by-Doing-Plan-Navigation/Section3_Introduction_to_ROS_2/bumperbot_ws/build/bumperbot_description -- -j8 -l8
[8.252s] DEBUG:colcon.colcon_core.event_handler.log_command:Invoking command in '/home/joel/vsC/Self-Driving-and-ROS-2-Learn-by-Doing-Plan-Navigation/Section3_Introduction_to_ROS_2/bumperbot_ws/build/bumperbot_description': CMAKE_PREFIX_PATH=${CMAKE_PREFIX_PATH}:/home/joel/ros2_jazzy/install/rqt_bag_plugins:/home/joel/ros2_jazzy/install/rqt_bag:/home/joel/ros2_jazzy/install/rosbag2_examples_py:/home/joel/ros2_jazzy/install/launch_testing_examples:/home/joel/ros2_jazzy/install/ros2bag:/home/joel/ros2_jazzy/install/tracetools_test:/home/joel/ros2_jazzy/install/tracetools_launch:/home/joel/ros2_jazzy/install/topic_monitor:/home/joel/ros2_jazzy/install/tf2_tools:/home/joel/ros2_jazzy/install/examples_tf2_py:/home/joel/ros2_jazzy/install/tf2_ros_py:/home/joel/ros2_jazzy/install/examples_rclpy_pointcloud_publisher:/home/joel/ros2_jazzy/install/sensor_msgs_py:/home/joel/ros2_jazzy/install/quality_of_service_demo_py:/home/joel/ros2_jazzy/install/camera_info_manager_py:/home/joel/ros2_jazzy/install/rqt_plot:/home/joel/ros2_jazzy/install/ros2doctor:/home/joel/ros2_jazzy/install/lifecycle_py:/home/joel/ros2_jazzy/install/examples_rclpy_minimal_subscriber:/home/joel/ros2_jazzy/install/examples_rclpy_minimal_service:/home/joel/ros2_jazzy/install/examples_rclpy_minimal_publisher:/home/joel/ros2_jazzy/install/examples_rclpy_minimal_client:/home/joel/ros2_jazzy/install/examples_rclpy_executors:/home/joel/ros2_jazzy/install/demo_nodes_py:/home/joel/ros2_jazzy/install/rqt:/home/joel/ros2_jazzy/install/ros2component:/home/joel/ros2_jazzy/install/sros2:/home/joel/ros2_jazzy/install/rqt_topic:/home/joel/ros2_jazzy/install/rqt_srv:/home/joel/ros2_jazzy/install/rqt_shell:/home/joel/ros2_jazzy/install/rqt_service_caller:/home/joel/ros2_jazzy/install/rqt_reconfigure:/home/joel/ros2_jazzy/install/rqt_py_console:/home/joel/ros2_jazzy/install/rqt_publisher:/home/joel/ros2_jazzy/install/rqt_action:/home/joel/ros2_jazzy/install/rqt_msg:/home/joel/ros2_jazzy/install/rqt_console:/home/joel/ros2_jazzy/install/rqt_graph:/home/joel/ros2_jazzy/install/rqt_gui_py:/home/joel/ros2_jazzy/install/rqt_gui:/home/joel/ros2_jazzy/install/ros2trace:/home/joel/ros2_jazzy/install/ros2topic:/home/joel/ros2_jazzy/install/ros2test:/home/joel/ros2_jazzy/install/ros2param:/home/joel/ros2_jazzy/install/ros2lifecycle:/home/joel/ros2_jazzy/install/ros2service:/home/joel/ros2_jazzy/install/ros2run:/home/joel/ros2_jazzy/install/ros2launch:/home/joel/ros2_jazzy/install/ros2pkg:/home/joel/ros2_jazzy/install/ros2node:/home/joel/ros2_jazzy/install/ros2multicast:/home/joel/ros2_jazzy/install/ros2interface:/home/joel/ros2_jazzy/install/ros2action:/home/joel/ros2_jazzy/install/ros2cli:/home/joel/ros2_jazzy/install/launch_testing_ros:/home/joel/ros2_jazzy/install/launch_ros:/home/joel/ros2_jazzy/install/examples_rclpy_minimal_action_server:/home/joel/ros2_jazzy/install/examples_rclpy_minimal_action_client:/home/joel/ros2_jazzy/install/examples_rclpy_guard_conditions:/home/joel/ros2_jazzy/install/action_tutorials_py:/home/joel/ros2_jazzy/install/ament_uncrustify:/home/joel/ros2_jazzy/install/tracetools_trace:/home/joel/ros2_jazzy/install/tracetools_read:/home/joel/ros2_jazzy/install/test_tracetools_launch:/home/joel/ros2_jazzy/install/test_ros2trace:/home/joel/ros2_jazzy/install/test_launch_ros:/home/joel/ros2_jazzy/install/rpyutils:/home/joel/ros2_jazzy/install/rosidl_runtime_py:/home/joel/ros2_jazzy/install/rosidl_pycommon:/home/joel/ros2_jazzy/install/rosidl_cli:/home/joel/ros2_jazzy/install/launch_pytest:/home/joel/ros2_jazzy/install/launch_testing:/home/joel/ros2_jazzy/install/launch_yaml:/home/joel/ros2_jazzy/install/launch_xml:/home/joel/ros2_jazzy/install/launch:/home/joel/ros2_jazzy/install/osrf_pycommon:/home/joel/ros2_jazzy/install/domain_coordinator:/home/joel/ros2_jazzy/install/ament_xmllint:/home/joel/ros2_jazzy/install/ament_pyflakes:/home/joel/ros2_jazzy/install/ament_pycodestyle:/home/joel/ros2_jazzy/install/ament_pep257:/home/joel/ros2_jazzy/install/ament_pclint:/home/joel/ros2_jazzy/install/ament_package:/home/joel/ros2_jazzy/install/ament_mypy:/home/joel/ros2_jazzy/install/ament_lint_cmake:/home/joel/ros2_jazzy/install/ament_flake8:/home/joel/ros2_jazzy/install/ament_copyright:/home/joel/ros2_jazzy/install/ament_lint:/home/joel/ros2_jazzy/install/ament_index_python:/home/joel/ros2_jazzy/install/ament_cpplint:/home/joel/ros2_jazzy/install/ament_cppcheck:/home/joel/ros2_jazzy/install/ament_clang_tidy:/home/joel/ros2_jazzy/install/ament_clang_format:/opt/ros/jazzy DEBUGINFOD_URLS=https://debuginfod.ubuntu.com /usr/bin/cmake --install /home/joel/vsC/Self-Driving-and-ROS-2-Learn-by-Doing-Plan-Navigation/Section3_Introduction_to_ROS_2/bumperbot_ws/build/bumperbot_description
[8.254s] DEBUG:colcon.colcon_core.event_handler.log_command:Invoked command in '/home/joel/vsC/Self-Driving-and-ROS-2-Learn-by-Doing-Plan-Navigation/Section3_Introduction_to_ROS_2/bumperbot_ws/build/bumperbot_localization' returned '0': CMAKE_PREFIX_PATH=${CMAKE_PREFIX_PATH}:/home/joel/ros2_jazzy/install/rqt_bag_plugins:/home/joel/ros2_jazzy/install/rqt_bag:/home/joel/ros2_jazzy/install/rosbag2_examples_py:/home/joel/ros2_jazzy/install/launch_testing_examples:/home/joel/ros2_jazzy/install/ros2bag:/home/joel/ros2_jazzy/install/tracetools_test:/home/joel/ros2_jazzy/install/tracetools_launch:/home/joel/ros2_jazzy/install/topic_monitor:/home/joel/ros2_jazzy/install/tf2_tools:/home/joel/ros2_jazzy/install/examples_tf2_py:/home/joel/ros2_jazzy/install/tf2_ros_py:/home/joel/ros2_jazzy/install/examples_rclpy_pointcloud_publisher:/home/joel/ros2_jazzy/install/sensor_msgs_py:/home/joel/ros2_jazzy/install/quality_of_service_demo_py:/home/joel/ros2_jazzy/install/camera_info_manager_py:/home/joel/ros2_jazzy/install/rqt_plot:/home/joel/ros2_jazzy/install/ros2doctor:/home/joel/ros2_jazzy/install/lifecycle_py:/home/joel/ros2_jazzy/install/examples_rclpy_minimal_subscriber:/home/joel/ros2_jazzy/install/examples_rclpy_minimal_service:/home/joel/ros2_jazzy/install/examples_rclpy_minimal_publisher:/home/joel/ros2_jazzy/install/examples_rclpy_minimal_client:/home/joel/ros2_jazzy/install/examples_rclpy_executors:/home/joel/ros2_jazzy/install/demo_nodes_py:/home/joel/ros2_jazzy/install/rqt:/home/joel/ros2_jazzy/install/ros2component:/home/joel/ros2_jazzy/install/sros2:/home/joel/ros2_jazzy/install/rqt_topic:/home/joel/ros2_jazzy/install/rqt_srv:/home/joel/ros2_jazzy/install/rqt_shell:/home/joel/ros2_jazzy/install/rqt_service_caller:/home/joel/ros2_jazzy/install/rqt_reconfigure:/home/joel/ros2_jazzy/install/rqt_py_console:/home/joel/ros2_jazzy/install/rqt_publisher:/home/joel/ros2_jazzy/install/rqt_action:/home/joel/ros2_jazzy/install/rqt_msg:/home/joel/ros2_jazzy/install/rqt_console:/home/joel/ros2_jazzy/install/rqt_graph:/home/joel/ros2_jazzy/install/rqt_gui_py:/home/joel/ros2_jazzy/install/rqt_gui:/home/joel/ros2_jazzy/install/ros2trace:/home/joel/ros2_jazzy/install/ros2topic:/home/joel/ros2_jazzy/install/ros2test:/home/joel/ros2_jazzy/install/ros2param:/home/joel/ros2_jazzy/install/ros2lifecycle:/home/joel/ros2_jazzy/install/ros2service:/home/joel/ros2_jazzy/install/ros2run:/home/joel/ros2_jazzy/install/ros2launch:/home/joel/ros2_jazzy/install/ros2pkg:/home/joel/ros2_jazzy/install/ros2node:/home/joel/ros2_jazzy/install/ros2multicast:/home/joel/ros2_jazzy/install/ros2interface:/home/joel/ros2_jazzy/install/ros2action:/home/joel/ros2_jazzy/install/ros2cli:/home/joel/ros2_jazzy/install/launch_testing_ros:/home/joel/ros2_jazzy/install/launch_ros:/home/joel/ros2_jazzy/install/examples_rclpy_minimal_action_server:/home/joel/ros2_jazzy/install/examples_rclpy_minimal_action_client:/home/joel/ros2_jazzy/install/examples_rclpy_guard_conditions:/home/joel/ros2_jazzy/install/action_tutorials_py:/home/joel/ros2_jazzy/install/ament_uncrustify:/home/joel/ros2_jazzy/install/tracetools_trace:/home/joel/ros2_jazzy/install/tracetools_read:/home/joel/ros2_jazzy/install/test_tracetools_launch:/home/joel/ros2_jazzy/install/test_ros2trace:/home/joel/ros2_jazzy/install/test_launch_ros:/home/joel/ros2_jazzy/install/rpyutils:/home/joel/ros2_jazzy/install/rosidl_runtime_py:/home/joel/ros2_jazzy/install/rosidl_pycommon:/home/joel/ros2_jazzy/install/rosidl_cli:/home/joel/ros2_jazzy/install/launch_pytest:/home/joel/ros2_jazzy/install/launch_testing:/home/joel/ros2_jazzy/install/launch_yaml:/home/joel/ros2_jazzy/install/launch_xml:/home/joel/ros2_jazzy/install/launch:/home/joel/ros2_jazzy/install/osrf_pycommon:/home/joel/ros2_jazzy/install/domain_coordinator:/home/joel/ros2_jazzy/install/ament_xmllint:/home/joel/ros2_jazzy/install/ament_pyflakes:/home/joel/ros2_jazzy/install/ament_pycodestyle:/home/joel/ros2_jazzy/install/ament_pep257:/home/joel/ros2_jazzy/install/ament_pclint:/home/joel/ros2_jazzy/install/ament_package:/home/joel/ros2_jazzy/install/ament_mypy:/home/joel/ros2_jazzy/install/ament_lint_cmake:/home/joel/ros2_jazzy/install/ament_flake8:/home/joel/ros2_jazzy/install/ament_copyright:/home/joel/ros2_jazzy/install/ament_lint:/home/joel/ros2_jazzy/install/ament_index_python:/home/joel/ros2_jazzy/install/ament_cpplint:/home/joel/ros2_jazzy/install/ament_cppcheck:/home/joel/ros2_jazzy/install/ament_clang_tidy:/home/joel/ros2_jazzy/install/ament_clang_format:/opt/ros/jazzy DEBUGINFOD_URLS=https://debuginfod.ubuntu.com /usr/bin/cmake /home/joel/vsC/Self-Driving-and-ROS-2-Learn-by-Doing-Plan-Navigation/Section3_Introduction_to_ROS_2/bumperbot_ws/src/bumperbot_localization -DCMAKE_INSTALL_PREFIX=/home/joel/vsC/Self-Driving-and-ROS-2-Learn-by-Doing-Plan-Navigation/Section3_Introduction_to_ROS_2/bumperbot_ws/install/bumperbot_localization
[8.256s] DEBUG:colcon.colcon_core.event_handler.log_command:Invoking command in '/home/joel/vsC/Self-Driving-and-ROS-2-Learn-by-Doing-Plan-Navigation/Section3_Introduction_to_ROS_2/bumperbot_ws/build/bumperbot_localization': CMAKE_PREFIX_PATH=${CMAKE_PREFIX_PATH}:/home/joel/ros2_jazzy/install/rqt_bag_plugins:/home/joel/ros2_jazzy/install/rqt_bag:/home/joel/ros2_jazzy/install/rosbag2_examples_py:/home/joel/ros2_jazzy/install/launch_testing_examples:/home/joel/ros2_jazzy/install/ros2bag:/home/joel/ros2_jazzy/install/tracetools_test:/home/joel/ros2_jazzy/install/tracetools_launch:/home/joel/ros2_jazzy/install/topic_monitor:/home/joel/ros2_jazzy/install/tf2_tools:/home/joel/ros2_jazzy/install/examples_tf2_py:/home/joel/ros2_jazzy/install/tf2_ros_py:/home/joel/ros2_jazzy/install/examples_rclpy_pointcloud_publisher:/home/joel/ros2_jazzy/install/sensor_msgs_py:/home/joel/ros2_jazzy/install/quality_of_service_demo_py:/home/joel/ros2_jazzy/install/camera_info_manager_py:/home/joel/ros2_jazzy/install/rqt_plot:/home/joel/ros2_jazzy/install/ros2doctor:/home/joel/ros2_jazzy/install/lifecycle_py:/home/joel/ros2_jazzy/install/examples_rclpy_minimal_subscriber:/home/joel/ros2_jazzy/install/examples_rclpy_minimal_service:/home/joel/ros2_jazzy/install/examples_rclpy_minimal_publisher:/home/joel/ros2_jazzy/install/examples_rclpy_minimal_client:/home/joel/ros2_jazzy/install/examples_rclpy_executors:/home/joel/ros2_jazzy/install/demo_nodes_py:/home/joel/ros2_jazzy/install/rqt:/home/joel/ros2_jazzy/install/ros2component:/home/joel/ros2_jazzy/install/sros2:/home/joel/ros2_jazzy/install/rqt_topic:/home/joel/ros2_jazzy/install/rqt_srv:/home/joel/ros2_jazzy/install/rqt_shell:/home/joel/ros2_jazzy/install/rqt_service_caller:/home/joel/ros2_jazzy/install/rqt_reconfigure:/home/joel/ros2_jazzy/install/rqt_py_console:/home/joel/ros2_jazzy/install/rqt_publisher:/home/joel/ros2_jazzy/install/rqt_action:/home/joel/ros2_jazzy/install/rqt_msg:/home/joel/ros2_jazzy/install/rqt_console:/home/joel/ros2_jazzy/install/rqt_graph:/home/joel/ros2_jazzy/install/rqt_gui_py:/home/joel/ros2_jazzy/install/rqt_gui:/home/joel/ros2_jazzy/install/ros2trace:/home/joel/ros2_jazzy/install/ros2topic:/home/joel/ros2_jazzy/install/ros2test:/home/joel/ros2_jazzy/install/ros2param:/home/joel/ros2_jazzy/install/ros2lifecycle:/home/joel/ros2_jazzy/install/ros2service:/home/joel/ros2_jazzy/install/ros2run:/home/joel/ros2_jazzy/install/ros2launch:/home/joel/ros2_jazzy/install/ros2pkg:/home/joel/ros2_jazzy/install/ros2node:/home/joel/ros2_jazzy/install/ros2multicast:/home/joel/ros2_jazzy/install/ros2interface:/home/joel/ros2_jazzy/install/ros2action:/home/joel/ros2_jazzy/install/ros2cli:/home/joel/ros2_jazzy/install/launch_testing_ros:/home/joel/ros2_jazzy/install/launch_ros:/home/joel/ros2_jazzy/install/examples_rclpy_minimal_action_server:/home/joel/ros2_jazzy/install/examples_rclpy_minimal_action_client:/home/joel/ros2_jazzy/install/examples_rclpy_guard_conditions:/home/joel/ros2_jazzy/install/action_tutorials_py:/home/joel/ros2_jazzy/install/ament_uncrustify:/home/joel/ros2_jazzy/install/tracetools_trace:/home/joel/ros2_jazzy/install/tracetools_read:/home/joel/ros2_jazzy/install/test_tracetools_launch:/home/joel/ros2_jazzy/install/test_ros2trace:/home/joel/ros2_jazzy/install/test_launch_ros:/home/joel/ros2_jazzy/install/rpyutils:/home/joel/ros2_jazzy/install/rosidl_runtime_py:/home/joel/ros2_jazzy/install/rosidl_pycommon:/home/joel/ros2_jazzy/install/rosidl_cli:/home/joel/ros2_jazzy/install/launch_pytest:/home/joel/ros2_jazzy/install/launch_testing:/home/joel/ros2_jazzy/install/launch_yaml:/home/joel/ros2_jazzy/install/launch_xml:/home/joel/ros2_jazzy/install/launch:/home/joel/ros2_jazzy/install/osrf_pycommon:/home/joel/ros2_jazzy/install/domain_coordinator:/home/joel/ros2_jazzy/install/ament_xmllint:/home/joel/ros2_jazzy/install/ament_pyflakes:/home/joel/ros2_jazzy/install/ament_pycodestyle:/home/joel/ros2_jazzy/install/ament_pep257:/home/joel/ros2_jazzy/install/ament_pclint:/home/joel/ros2_jazzy/install/ament_package:/home/joel/ros2_jazzy/install/ament_mypy:/home/joel/ros2_jazzy/install/ament_lint_cmake:/home/joel/ros2_jazzy/install/ament_flake8:/home/joel/ros2_jazzy/install/ament_copyright:/home/joel/ros2_jazzy/install/ament_lint:/home/joel/ros2_jazzy/install/ament_index_python:/home/joel/ros2_jazzy/install/ament_cpplint:/home/joel/ros2_jazzy/install/ament_cppcheck:/home/joel/ros2_jazzy/install/ament_clang_tidy:/home/joel/ros2_jazzy/install/ament_clang_format:/opt/ros/jazzy DEBUGINFOD_URLS=https://debuginfod.ubuntu.com /usr/bin/cmake --build /home/joel/vsC/Self-Driving-and-ROS-2-Learn-by-Doing-Plan-Navigation/Section3_Introduction_to_ROS_2/bumperbot_ws/build/bumperbot_localization -- -j8 -l8
[8.701s] DEBUG:colcon.colcon_core.event_handler.log_command:Invoked command in '/home/joel/vsC/Self-Driving-and-ROS-2-Learn-by-Doing-Plan-Navigation/Section3_Introduction_to_ROS_2/bumperbot_ws/build/bumperbot_utils' returned '0': CMAKE_PREFIX_PATH=${CMAKE_PREFIX_PATH}:/home/joel/ros2_jazzy/install/rqt_bag_plugins:/home/joel/ros2_jazzy/install/rqt_bag:/home/joel/ros2_jazzy/install/rosbag2_examples_py:/home/joel/ros2_jazzy/install/launch_testing_examples:/home/joel/ros2_jazzy/install/ros2bag:/home/joel/ros2_jazzy/install/tracetools_test:/home/joel/ros2_jazzy/install/tracetools_launch:/home/joel/ros2_jazzy/install/topic_monitor:/home/joel/ros2_jazzy/install/tf2_tools:/home/joel/ros2_jazzy/install/examples_tf2_py:/home/joel/ros2_jazzy/install/tf2_ros_py:/home/joel/ros2_jazzy/install/examples_rclpy_pointcloud_publisher:/home/joel/ros2_jazzy/install/sensor_msgs_py:/home/joel/ros2_jazzy/install/quality_of_service_demo_py:/home/joel/ros2_jazzy/install/camera_info_manager_py:/home/joel/ros2_jazzy/install/rqt_plot:/home/joel/ros2_jazzy/install/ros2doctor:/home/joel/ros2_jazzy/install/lifecycle_py:/home/joel/ros2_jazzy/install/examples_rclpy_minimal_subscriber:/home/joel/ros2_jazzy/install/examples_rclpy_minimal_service:/home/joel/ros2_jazzy/install/examples_rclpy_minimal_publisher:/home/joel/ros2_jazzy/install/examples_rclpy_minimal_client:/home/joel/ros2_jazzy/install/examples_rclpy_executors:/home/joel/ros2_jazzy/install/demo_nodes_py:/home/joel/ros2_jazzy/install/rqt:/home/joel/ros2_jazzy/install/ros2component:/home/joel/ros2_jazzy/install/sros2:/home/joel/ros2_jazzy/install/rqt_topic:/home/joel/ros2_jazzy/install/rqt_srv:/home/joel/ros2_jazzy/install/rqt_shell:/home/joel/ros2_jazzy/install/rqt_service_caller:/home/joel/ros2_jazzy/install/rqt_reconfigure:/home/joel/ros2_jazzy/install/rqt_py_console:/home/joel/ros2_jazzy/install/rqt_publisher:/home/joel/ros2_jazzy/install/rqt_action:/home/joel/ros2_jazzy/install/rqt_msg:/home/joel/ros2_jazzy/install/rqt_console:/home/joel/ros2_jazzy/install/rqt_graph:/home/joel/ros2_jazzy/install/rqt_gui_py:/home/joel/ros2_jazzy/install/rqt_gui:/home/joel/ros2_jazzy/install/ros2trace:/home/joel/ros2_jazzy/install/ros2topic:/home/joel/ros2_jazzy/install/ros2test:/home/joel/ros2_jazzy/install/ros2param:/home/joel/ros2_jazzy/install/ros2lifecycle:/home/joel/ros2_jazzy/install/ros2service:/home/joel/ros2_jazzy/install/ros2run:/home/joel/ros2_jazzy/install/ros2launch:/home/joel/ros2_jazzy/install/ros2pkg:/home/joel/ros2_jazzy/install/ros2node:/home/joel/ros2_jazzy/install/ros2multicast:/home/joel/ros2_jazzy/install/ros2interface:/home/joel/ros2_jazzy/install/ros2action:/home/joel/ros2_jazzy/install/ros2cli:/home/joel/ros2_jazzy/install/launch_testing_ros:/home/joel/ros2_jazzy/install/launch_ros:/home/joel/ros2_jazzy/install/examples_rclpy_minimal_action_server:/home/joel/ros2_jazzy/install/examples_rclpy_minimal_action_client:/home/joel/ros2_jazzy/install/examples_rclpy_guard_conditions:/home/joel/ros2_jazzy/install/action_tutorials_py:/home/joel/ros2_jazzy/install/ament_uncrustify:/home/joel/ros2_jazzy/install/tracetools_trace:/home/joel/ros2_jazzy/install/tracetools_read:/home/joel/ros2_jazzy/install/test_tracetools_launch:/home/joel/ros2_jazzy/install/test_ros2trace:/home/joel/ros2_jazzy/install/test_launch_ros:/home/joel/ros2_jazzy/install/rpyutils:/home/joel/ros2_jazzy/install/rosidl_runtime_py:/home/joel/ros2_jazzy/install/rosidl_pycommon:/home/joel/ros2_jazzy/install/rosidl_cli:/home/joel/ros2_jazzy/install/launch_pytest:/home/joel/ros2_jazzy/install/launch_testing:/home/joel/ros2_jazzy/install/launch_yaml:/home/joel/ros2_jazzy/install/launch_xml:/home/joel/ros2_jazzy/install/launch:/home/joel/ros2_jazzy/install/osrf_pycommon:/home/joel/ros2_jazzy/install/domain_coordinator:/home/joel/ros2_jazzy/install/ament_xmllint:/home/joel/ros2_jazzy/install/ament_pyflakes:/home/joel/ros2_jazzy/install/ament_pycodestyle:/home/joel/ros2_jazzy/install/ament_pep257:/home/joel/ros2_jazzy/install/ament_pclint:/home/joel/ros2_jazzy/install/ament_package:/home/joel/ros2_jazzy/install/ament_mypy:/home/joel/ros2_jazzy/install/ament_lint_cmake:/home/joel/ros2_jazzy/install/ament_flake8:/home/joel/ros2_jazzy/install/ament_copyright:/home/joel/ros2_jazzy/install/ament_lint:/home/joel/ros2_jazzy/install/ament_index_python:/home/joel/ros2_jazzy/install/ament_cpplint:/home/joel/ros2_jazzy/install/ament_cppcheck:/home/joel/ros2_jazzy/install/ament_clang_tidy:/home/joel/ros2_jazzy/install/ament_clang_format:/opt/ros/jazzy DEBUGINFOD_URLS=https://debuginfod.ubuntu.com /usr/bin/cmake /home/joel/vsC/Self-Driving-and-ROS-2-Learn-by-Doing-Plan-Navigation/Section3_Introduction_to_ROS_2/bumperbot_ws/src/bumperbot_utils -DCMAKE_INSTALL_PREFIX=/home/joel/vsC/Self-Driving-and-ROS-2-Learn-by-Doing-Plan-Navigation/Section3_Introduction_to_ROS_2/bumperbot_ws/install/bumperbot_utils
[8.702s] DEBUG:colcon.colcon_core.event_handler.log_command:Invoking command in '/home/joel/vsC/Self-Driving-and-ROS-2-Learn-by-Doing-Plan-Navigation/Section3_Introduction_to_ROS_2/bumperbot_ws/build/bumperbot_utils': CMAKE_PREFIX_PATH=${CMAKE_PREFIX_PATH}:/home/joel/ros2_jazzy/install/rqt_bag_plugins:/home/joel/ros2_jazzy/install/rqt_bag:/home/joel/ros2_jazzy/install/rosbag2_examples_py:/home/joel/ros2_jazzy/install/launch_testing_examples:/home/joel/ros2_jazzy/install/ros2bag:/home/joel/ros2_jazzy/install/tracetools_test:/home/joel/ros2_jazzy/install/tracetools_launch:/home/joel/ros2_jazzy/install/topic_monitor:/home/joel/ros2_jazzy/install/tf2_tools:/home/joel/ros2_jazzy/install/examples_tf2_py:/home/joel/ros2_jazzy/install/tf2_ros_py:/home/joel/ros2_jazzy/install/examples_rclpy_pointcloud_publisher:/home/joel/ros2_jazzy/install/sensor_msgs_py:/home/joel/ros2_jazzy/install/quality_of_service_demo_py:/home/joel/ros2_jazzy/install/camera_info_manager_py:/home/joel/ros2_jazzy/install/rqt_plot:/home/joel/ros2_jazzy/install/ros2doctor:/home/joel/ros2_jazzy/install/lifecycle_py:/home/joel/ros2_jazzy/install/examples_rclpy_minimal_subscriber:/home/joel/ros2_jazzy/install/examples_rclpy_minimal_service:/home/joel/ros2_jazzy/install/examples_rclpy_minimal_publisher:/home/joel/ros2_jazzy/install/examples_rclpy_minimal_client:/home/joel/ros2_jazzy/install/examples_rclpy_executors:/home/joel/ros2_jazzy/install/demo_nodes_py:/home/joel/ros2_jazzy/install/rqt:/home/joel/ros2_jazzy/install/ros2component:/home/joel/ros2_jazzy/install/sros2:/home/joel/ros2_jazzy/install/rqt_topic:/home/joel/ros2_jazzy/install/rqt_srv:/home/joel/ros2_jazzy/install/rqt_shell:/home/joel/ros2_jazzy/install/rqt_service_caller:/home/joel/ros2_jazzy/install/rqt_reconfigure:/home/joel/ros2_jazzy/install/rqt_py_console:/home/joel/ros2_jazzy/install/rqt_publisher:/home/joel/ros2_jazzy/install/rqt_action:/home/joel/ros2_jazzy/install/rqt_msg:/home/joel/ros2_jazzy/install/rqt_console:/home/joel/ros2_jazzy/install/rqt_graph:/home/joel/ros2_jazzy/install/rqt_gui_py:/home/joel/ros2_jazzy/install/rqt_gui:/home/joel/ros2_jazzy/install/ros2trace:/home/joel/ros2_jazzy/install/ros2topic:/home/joel/ros2_jazzy/install/ros2test:/home/joel/ros2_jazzy/install/ros2param:/home/joel/ros2_jazzy/install/ros2lifecycle:/home/joel/ros2_jazzy/install/ros2service:/home/joel/ros2_jazzy/install/ros2run:/home/joel/ros2_jazzy/install/ros2launch:/home/joel/ros2_jazzy/install/ros2pkg:/home/joel/ros2_jazzy/install/ros2node:/home/joel/ros2_jazzy/install/ros2multicast:/home/joel/ros2_jazzy/install/ros2interface:/home/joel/ros2_jazzy/install/ros2action:/home/joel/ros2_jazzy/install/ros2cli:/home/joel/ros2_jazzy/install/launch_testing_ros:/home/joel/ros2_jazzy/install/launch_ros:/home/joel/ros2_jazzy/install/examples_rclpy_minimal_action_server:/home/joel/ros2_jazzy/install/examples_rclpy_minimal_action_client:/home/joel/ros2_jazzy/install/examples_rclpy_guard_conditions:/home/joel/ros2_jazzy/install/action_tutorials_py:/home/joel/ros2_jazzy/install/ament_uncrustify:/home/joel/ros2_jazzy/install/tracetools_trace:/home/joel/ros2_jazzy/install/tracetools_read:/home/joel/ros2_jazzy/install/test_tracetools_launch:/home/joel/ros2_jazzy/install/test_ros2trace:/home/joel/ros2_jazzy/install/test_launch_ros:/home/joel/ros2_jazzy/install/rpyutils:/home/joel/ros2_jazzy/install/rosidl_runtime_py:/home/joel/ros2_jazzy/install/rosidl_pycommon:/home/joel/ros2_jazzy/install/rosidl_cli:/home/joel/ros2_jazzy/install/launch_pytest:/home/joel/ros2_jazzy/install/launch_testing:/home/joel/ros2_jazzy/install/launch_yaml:/home/joel/ros2_jazzy/install/launch_xml:/home/joel/ros2_jazzy/install/launch:/home/joel/ros2_jazzy/install/osrf_pycommon:/home/joel/ros2_jazzy/install/domain_coordinator:/home/joel/ros2_jazzy/install/ament_xmllint:/home/joel/ros2_jazzy/install/ament_pyflakes:/home/joel/ros2_jazzy/install/ament_pycodestyle:/home/joel/ros2_jazzy/install/ament_pep257:/home/joel/ros2_jazzy/install/ament_pclint:/home/joel/ros2_jazzy/install/ament_package:/home/joel/ros2_jazzy/install/ament_mypy:/home/joel/ros2_jazzy/install/ament_lint_cmake:/home/joel/ros2_jazzy/install/ament_flake8:/home/joel/ros2_jazzy/install/ament_copyright:/home/joel/ros2_jazzy/install/ament_lint:/home/joel/ros2_jazzy/install/ament_index_python:/home/joel/ros2_jazzy/install/ament_cpplint:/home/joel/ros2_jazzy/install/ament_cppcheck:/home/joel/ros2_jazzy/install/ament_clang_tidy:/home/joel/ros2_jazzy/install/ament_clang_format:/opt/ros/jazzy DEBUGINFOD_URLS=https://debuginfod.ubuntu.com /usr/bin/cmake --build /home/joel/vsC/Self-Driving-and-ROS-2-Learn-by-Doing-Plan-Navigation/Section3_Introduction_to_ROS_2/bumperbot_ws/build/bumperbot_utils -- -j8 -l8
[8.711s] DEBUG:colcon.colcon_core.event_handler.log_command:Invoked command in '/home/joel/vsC/Self-Driving-and-ROS-2-Learn-by-Doing-Plan-Navigation/Section3_Introduction_to_ROS_2/bumperbot_ws/build/bumperbot_controller' returned '0': CMAKE_PREFIX_PATH=${CMAKE_PREFIX_PATH}:/home/joel/ros2_jazzy/install/rqt_bag_plugins:/home/joel/ros2_jazzy/install/rqt_bag:/home/joel/ros2_jazzy/install/rosbag2_examples_py:/home/joel/ros2_jazzy/install/launch_testing_examples:/home/joel/ros2_jazzy/install/ros2bag:/home/joel/ros2_jazzy/install/tracetools_test:/home/joel/ros2_jazzy/install/tracetools_launch:/home/joel/ros2_jazzy/install/topic_monitor:/home/joel/ros2_jazzy/install/tf2_tools:/home/joel/ros2_jazzy/install/examples_tf2_py:/home/joel/ros2_jazzy/install/tf2_ros_py:/home/joel/ros2_jazzy/install/examples_rclpy_pointcloud_publisher:/home/joel/ros2_jazzy/install/sensor_msgs_py:/home/joel/ros2_jazzy/install/quality_of_service_demo_py:/home/joel/ros2_jazzy/install/camera_info_manager_py:/home/joel/ros2_jazzy/install/rqt_plot:/home/joel/ros2_jazzy/install/ros2doctor:/home/joel/ros2_jazzy/install/lifecycle_py:/home/joel/ros2_jazzy/install/examples_rclpy_minimal_subscriber:/home/joel/ros2_jazzy/install/examples_rclpy_minimal_service:/home/joel/ros2_jazzy/install/examples_rclpy_minimal_publisher:/home/joel/ros2_jazzy/install/examples_rclpy_minimal_client:/home/joel/ros2_jazzy/install/examples_rclpy_executors:/home/joel/ros2_jazzy/install/demo_nodes_py:/home/joel/ros2_jazzy/install/rqt:/home/joel/ros2_jazzy/install/ros2component:/home/joel/ros2_jazzy/install/sros2:/home/joel/ros2_jazzy/install/rqt_topic:/home/joel/ros2_jazzy/install/rqt_srv:/home/joel/ros2_jazzy/install/rqt_shell:/home/joel/ros2_jazzy/install/rqt_service_caller:/home/joel/ros2_jazzy/install/rqt_reconfigure:/home/joel/ros2_jazzy/install/rqt_py_console:/home/joel/ros2_jazzy/install/rqt_publisher:/home/joel/ros2_jazzy/install/rqt_action:/home/joel/ros2_jazzy/install/rqt_msg:/home/joel/ros2_jazzy/install/rqt_console:/home/joel/ros2_jazzy/install/rqt_graph:/home/joel/ros2_jazzy/install/rqt_gui_py:/home/joel/ros2_jazzy/install/rqt_gui:/home/joel/ros2_jazzy/install/ros2trace:/home/joel/ros2_jazzy/install/ros2topic:/home/joel/ros2_jazzy/install/ros2test:/home/joel/ros2_jazzy/install/ros2param:/home/joel/ros2_jazzy/install/ros2lifecycle:/home/joel/ros2_jazzy/install/ros2service:/home/joel/ros2_jazzy/install/ros2run:/home/joel/ros2_jazzy/install/ros2launch:/home/joel/ros2_jazzy/install/ros2pkg:/home/joel/ros2_jazzy/install/ros2node:/home/joel/ros2_jazzy/install/ros2multicast:/home/joel/ros2_jazzy/install/ros2interface:/home/joel/ros2_jazzy/install/ros2action:/home/joel/ros2_jazzy/install/ros2cli:/home/joel/ros2_jazzy/install/launch_testing_ros:/home/joel/ros2_jazzy/install/launch_ros:/home/joel/ros2_jazzy/install/examples_rclpy_minimal_action_server:/home/joel/ros2_jazzy/install/examples_rclpy_minimal_action_client:/home/joel/ros2_jazzy/install/examples_rclpy_guard_conditions:/home/joel/ros2_jazzy/install/action_tutorials_py:/home/joel/ros2_jazzy/install/ament_uncrustify:/home/joel/ros2_jazzy/install/tracetools_trace:/home/joel/ros2_jazzy/install/tracetools_read:/home/joel/ros2_jazzy/install/test_tracetools_launch:/home/joel/ros2_jazzy/install/test_ros2trace:/home/joel/ros2_jazzy/install/test_launch_ros:/home/joel/ros2_jazzy/install/rpyutils:/home/joel/ros2_jazzy/install/rosidl_runtime_py:/home/joel/ros2_jazzy/install/rosidl_pycommon:/home/joel/ros2_jazzy/install/rosidl_cli:/home/joel/ros2_jazzy/install/launch_pytest:/home/joel/ros2_jazzy/install/launch_testing:/home/joel/ros2_jazzy/install/launch_yaml:/home/joel/ros2_jazzy/install/launch_xml:/home/joel/ros2_jazzy/install/launch:/home/joel/ros2_jazzy/install/osrf_pycommon:/home/joel/ros2_jazzy/install/domain_coordinator:/home/joel/ros2_jazzy/install/ament_xmllint:/home/joel/ros2_jazzy/install/ament_pyflakes:/home/joel/ros2_jazzy/install/ament_pycodestyle:/home/joel/ros2_jazzy/install/ament_pep257:/home/joel/ros2_jazzy/install/ament_pclint:/home/joel/ros2_jazzy/install/ament_package:/home/joel/ros2_jazzy/install/ament_mypy:/home/joel/ros2_jazzy/install/ament_lint_cmake:/home/joel/ros2_jazzy/install/ament_flake8:/home/joel/ros2_jazzy/install/ament_copyright:/home/joel/ros2_jazzy/install/ament_lint:/home/joel/ros2_jazzy/install/ament_index_python:/home/joel/ros2_jazzy/install/ament_cpplint:/home/joel/ros2_jazzy/install/ament_cppcheck:/home/joel/ros2_jazzy/install/ament_clang_tidy:/home/joel/ros2_jazzy/install/ament_clang_format:/opt/ros/jazzy DEBUGINFOD_URLS=https://debuginfod.ubuntu.com /usr/bin/cmake /home/joel/vsC/Self-Driving-and-ROS-2-Learn-by-Doing-Plan-Navigation/Section3_Introduction_to_ROS_2/bumperbot_ws/src/bumperbot_controller -DCMAKE_INSTALL_PREFIX=/home/joel/vsC/Self-Driving-and-ROS-2-Learn-by-Doing-Plan-Navigation/Section3_Introduction_to_ROS_2/bumperbot_ws/install/bumperbot_controller
[8.714s] DEBUG:colcon.colcon_core.event_handler.log_command:Invoking command in '/home/joel/vsC/Self-Driving-and-ROS-2-Learn-by-Doing-Plan-Navigation/Section3_Introduction_to_ROS_2/bumperbot_ws/build/bumperbot_controller': CMAKE_PREFIX_PATH=${CMAKE_PREFIX_PATH}:/home/joel/ros2_jazzy/install/rqt_bag_plugins:/home/joel/ros2_jazzy/install/rqt_bag:/home/joel/ros2_jazzy/install/rosbag2_examples_py:/home/joel/ros2_jazzy/install/launch_testing_examples:/home/joel/ros2_jazzy/install/ros2bag:/home/joel/ros2_jazzy/install/tracetools_test:/home/joel/ros2_jazzy/install/tracetools_launch:/home/joel/ros2_jazzy/install/topic_monitor:/home/joel/ros2_jazzy/install/tf2_tools:/home/joel/ros2_jazzy/install/examples_tf2_py:/home/joel/ros2_jazzy/install/tf2_ros_py:/home/joel/ros2_jazzy/install/examples_rclpy_pointcloud_publisher:/home/joel/ros2_jazzy/install/sensor_msgs_py:/home/joel/ros2_jazzy/install/quality_of_service_demo_py:/home/joel/ros2_jazzy/install/camera_info_manager_py:/home/joel/ros2_jazzy/install/rqt_plot:/home/joel/ros2_jazzy/install/ros2doctor:/home/joel/ros2_jazzy/install/lifecycle_py:/home/joel/ros2_jazzy/install/examples_rclpy_minimal_subscriber:/home/joel/ros2_jazzy/install/examples_rclpy_minimal_service:/home/joel/ros2_jazzy/install/examples_rclpy_minimal_publisher:/home/joel/ros2_jazzy/install/examples_rclpy_minimal_client:/home/joel/ros2_jazzy/install/examples_rclpy_executors:/home/joel/ros2_jazzy/install/demo_nodes_py:/home/joel/ros2_jazzy/install/rqt:/home/joel/ros2_jazzy/install/ros2component:/home/joel/ros2_jazzy/install/sros2:/home/joel/ros2_jazzy/install/rqt_topic:/home/joel/ros2_jazzy/install/rqt_srv:/home/joel/ros2_jazzy/install/rqt_shell:/home/joel/ros2_jazzy/install/rqt_service_caller:/home/joel/ros2_jazzy/install/rqt_reconfigure:/home/joel/ros2_jazzy/install/rqt_py_console:/home/joel/ros2_jazzy/install/rqt_publisher:/home/joel/ros2_jazzy/install/rqt_action:/home/joel/ros2_jazzy/install/rqt_msg:/home/joel/ros2_jazzy/install/rqt_console:/home/joel/ros2_jazzy/install/rqt_graph:/home/joel/ros2_jazzy/install/rqt_gui_py:/home/joel/ros2_jazzy/install/rqt_gui:/home/joel/ros2_jazzy/install/ros2trace:/home/joel/ros2_jazzy/install/ros2topic:/home/joel/ros2_jazzy/install/ros2test:/home/joel/ros2_jazzy/install/ros2param:/home/joel/ros2_jazzy/install/ros2lifecycle:/home/joel/ros2_jazzy/install/ros2service:/home/joel/ros2_jazzy/install/ros2run:/home/joel/ros2_jazzy/install/ros2launch:/home/joel/ros2_jazzy/install/ros2pkg:/home/joel/ros2_jazzy/install/ros2node:/home/joel/ros2_jazzy/install/ros2multicast:/home/joel/ros2_jazzy/install/ros2interface:/home/joel/ros2_jazzy/install/ros2action:/home/joel/ros2_jazzy/install/ros2cli:/home/joel/ros2_jazzy/install/launch_testing_ros:/home/joel/ros2_jazzy/install/launch_ros:/home/joel/ros2_jazzy/install/examples_rclpy_minimal_action_server:/home/joel/ros2_jazzy/install/examples_rclpy_minimal_action_client:/home/joel/ros2_jazzy/install/examples_rclpy_guard_conditions:/home/joel/ros2_jazzy/install/action_tutorials_py:/home/joel/ros2_jazzy/install/ament_uncrustify:/home/joel/ros2_jazzy/install/tracetools_trace:/home/joel/ros2_jazzy/install/tracetools_read:/home/joel/ros2_jazzy/install/test_tracetools_launch:/home/joel/ros2_jazzy/install/test_ros2trace:/home/joel/ros2_jazzy/install/test_launch_ros:/home/joel/ros2_jazzy/install/rpyutils:/home/joel/ros2_jazzy/install/rosidl_runtime_py:/home/joel/ros2_jazzy/install/rosidl_pycommon:/home/joel/ros2_jazzy/install/rosidl_cli:/home/joel/ros2_jazzy/install/launch_pytest:/home/joel/ros2_jazzy/install/launch_testing:/home/joel/ros2_jazzy/install/launch_yaml:/home/joel/ros2_jazzy/install/launch_xml:/home/joel/ros2_jazzy/install/launch:/home/joel/ros2_jazzy/install/osrf_pycommon:/home/joel/ros2_jazzy/install/domain_coordinator:/home/joel/ros2_jazzy/install/ament_xmllint:/home/joel/ros2_jazzy/install/ament_pyflakes:/home/joel/ros2_jazzy/install/ament_pycodestyle:/home/joel/ros2_jazzy/install/ament_pep257:/home/joel/ros2_jazzy/install/ament_pclint:/home/joel/ros2_jazzy/install/ament_package:/home/joel/ros2_jazzy/install/ament_mypy:/home/joel/ros2_jazzy/install/ament_lint_cmake:/home/joel/ros2_jazzy/install/ament_flake8:/home/joel/ros2_jazzy/install/ament_copyright:/home/joel/ros2_jazzy/install/ament_lint:/home/joel/ros2_jazzy/install/ament_index_python:/home/joel/ros2_jazzy/install/ament_cpplint:/home/joel/ros2_jazzy/install/ament_cppcheck:/home/joel/ros2_jazzy/install/ament_clang_tidy:/home/joel/ros2_jazzy/install/ament_clang_format:/opt/ros/jazzy DEBUGINFOD_URLS=https://debuginfod.ubuntu.com /usr/bin/cmake --build /home/joel/vsC/Self-Driving-and-ROS-2-Learn-by-Doing-Plan-Navigation/Section3_Introduction_to_ROS_2/bumperbot_ws/build/bumperbot_controller -- -j8 -l8
[8.769s] Level 1:colcon.colcon_core.environment:create_environment_scripts_only(bumperbot_description)
[8.770s] DEBUG:colcon.colcon_core.event_handler.log_command:Invoked command in '/home/joel/vsC/Self-Driving-and-ROS-2-Learn-by-Doing-Plan-Navigation/Section3_Introduction_to_ROS_2/bumperbot_ws/build/bumperbot_description' returned '0': CMAKE_PREFIX_PATH=${CMAKE_PREFIX_PATH}:/home/joel/ros2_jazzy/install/rqt_bag_plugins:/home/joel/ros2_jazzy/install/rqt_bag:/home/joel/ros2_jazzy/install/rosbag2_examples_py:/home/joel/ros2_jazzy/install/launch_testing_examples:/home/joel/ros2_jazzy/install/ros2bag:/home/joel/ros2_jazzy/install/tracetools_test:/home/joel/ros2_jazzy/install/tracetools_launch:/home/joel/ros2_jazzy/install/topic_monitor:/home/joel/ros2_jazzy/install/tf2_tools:/home/joel/ros2_jazzy/install/examples_tf2_py:/home/joel/ros2_jazzy/install/tf2_ros_py:/home/joel/ros2_jazzy/install/examples_rclpy_pointcloud_publisher:/home/joel/ros2_jazzy/install/sensor_msgs_py:/home/joel/ros2_jazzy/install/quality_of_service_demo_py:/home/joel/ros2_jazzy/install/camera_info_manager_py:/home/joel/ros2_jazzy/install/rqt_plot:/home/joel/ros2_jazzy/install/ros2doctor:/home/joel/ros2_jazzy/install/lifecycle_py:/home/joel/ros2_jazzy/install/examples_rclpy_minimal_subscriber:/home/joel/ros2_jazzy/install/examples_rclpy_minimal_service:/home/joel/ros2_jazzy/install/examples_rclpy_minimal_publisher:/home/joel/ros2_jazzy/install/examples_rclpy_minimal_client:/home/joel/ros2_jazzy/install/examples_rclpy_executors:/home/joel/ros2_jazzy/install/demo_nodes_py:/home/joel/ros2_jazzy/install/rqt:/home/joel/ros2_jazzy/install/ros2component:/home/joel/ros2_jazzy/install/sros2:/home/joel/ros2_jazzy/install/rqt_topic:/home/joel/ros2_jazzy/install/rqt_srv:/home/joel/ros2_jazzy/install/rqt_shell:/home/joel/ros2_jazzy/install/rqt_service_caller:/home/joel/ros2_jazzy/install/rqt_reconfigure:/home/joel/ros2_jazzy/install/rqt_py_console:/home/joel/ros2_jazzy/install/rqt_publisher:/home/joel/ros2_jazzy/install/rqt_action:/home/joel/ros2_jazzy/install/rqt_msg:/home/joel/ros2_jazzy/install/rqt_console:/home/joel/ros2_jazzy/install/rqt_graph:/home/joel/ros2_jazzy/install/rqt_gui_py:/home/joel/ros2_jazzy/install/rqt_gui:/home/joel/ros2_jazzy/install/ros2trace:/home/joel/ros2_jazzy/install/ros2topic:/home/joel/ros2_jazzy/install/ros2test:/home/joel/ros2_jazzy/install/ros2param:/home/joel/ros2_jazzy/install/ros2lifecycle:/home/joel/ros2_jazzy/install/ros2service:/home/joel/ros2_jazzy/install/ros2run:/home/joel/ros2_jazzy/install/ros2launch:/home/joel/ros2_jazzy/install/ros2pkg:/home/joel/ros2_jazzy/install/ros2node:/home/joel/ros2_jazzy/install/ros2multicast:/home/joel/ros2_jazzy/install/ros2interface:/home/joel/ros2_jazzy/install/ros2action:/home/joel/ros2_jazzy/install/ros2cli:/home/joel/ros2_jazzy/install/launch_testing_ros:/home/joel/ros2_jazzy/install/launch_ros:/home/joel/ros2_jazzy/install/examples_rclpy_minimal_action_server:/home/joel/ros2_jazzy/install/examples_rclpy_minimal_action_client:/home/joel/ros2_jazzy/install/examples_rclpy_guard_conditions:/home/joel/ros2_jazzy/install/action_tutorials_py:/home/joel/ros2_jazzy/install/ament_uncrustify:/home/joel/ros2_jazzy/install/tracetools_trace:/home/joel/ros2_jazzy/install/tracetools_read:/home/joel/ros2_jazzy/install/test_tracetools_launch:/home/joel/ros2_jazzy/install/test_ros2trace:/home/joel/ros2_jazzy/install/test_launch_ros:/home/joel/ros2_jazzy/install/rpyutils:/home/joel/ros2_jazzy/install/rosidl_runtime_py:/home/joel/ros2_jazzy/install/rosidl_pycommon:/home/joel/ros2_jazzy/install/rosidl_cli:/home/joel/ros2_jazzy/install/launch_pytest:/home/joel/ros2_jazzy/install/launch_testing:/home/joel/ros2_jazzy/install/launch_yaml:/home/joel/ros2_jazzy/install/launch_xml:/home/joel/ros2_jazzy/install/launch:/home/joel/ros2_jazzy/install/osrf_pycommon:/home/joel/ros2_jazzy/install/domain_coordinator:/home/joel/ros2_jazzy/install/ament_xmllint:/home/joel/ros2_jazzy/install/ament_pyflakes:/home/joel/ros2_jazzy/install/ament_pycodestyle:/home/joel/ros2_jazzy/install/ament_pep257:/home/joel/ros2_jazzy/install/ament_pclint:/home/joel/ros2_jazzy/install/ament_package:/home/joel/ros2_jazzy/install/ament_mypy:/home/joel/ros2_jazzy/install/ament_lint_cmake:/home/joel/ros2_jazzy/install/ament_flake8:/home/joel/ros2_jazzy/install/ament_copyright:/home/joel/ros2_jazzy/install/ament_lint:/home/joel/ros2_jazzy/install/ament_index_python:/home/joel/ros2_jazzy/install/ament_cpplint:/home/joel/ros2_jazzy/install/ament_cppcheck:/home/joel/ros2_jazzy/install/ament_clang_tidy:/home/joel/ros2_jazzy/install/ament_clang_format:/opt/ros/jazzy DEBUGINFOD_URLS=https://debuginfod.ubuntu.com /usr/bin/cmake --install /home/joel/vsC/Self-Driving-and-ROS-2-Learn-by-Doing-Plan-Navigation/Section3_Introduction_to_ROS_2/bumperbot_ws/build/bumperbot_description
[8.797s] Level 1:colcon.colcon_core.environment:checking '/home/joel/vsC/Self-Driving-and-ROS-2-Learn-by-Doing-Plan-Navigation/Section3_Introduction_to_ROS_2/bumperbot_ws/install/bumperbot_description' for CMake module files
[8.799s] Level 1:colcon.colcon_core.environment:checking '/home/joel/vsC/Self-Driving-and-ROS-2-Learn-by-Doing-Plan-Navigation/Section3_Introduction_to_ROS_2/bumperbot_ws/install/bumperbot_description' for CMake config files
[8.823s] Level 1:colcon.colcon_core.shell:create_environment_hook('bumperbot_description', 'cmake_prefix_path')
[8.827s] INFO:colcon.colcon_core.shell:Creating environment hook '/home/joel/vsC/Self-Driving-and-ROS-2-Learn-by-Doing-Plan-Navigation/Section3_Introduction_to_ROS_2/bumperbot_ws/install/bumperbot_description/share/bumperbot_description/hook/cmake_prefix_path.ps1'
[8.829s] INFO:colcon.colcon_core.shell:Creating environment descriptor '/home/joel/vsC/Self-Driving-and-ROS-2-Learn-by-Doing-Plan-Navigation/Section3_Introduction_to_ROS_2/bumperbot_ws/install/bumperbot_description/share/bumperbot_description/hook/cmake_prefix_path.dsv'
[8.833s] INFO:colcon.colcon_core.shell:Creating environment hook '/home/joel/vsC/Self-Driving-and-ROS-2-Learn-by-Doing-Plan-Navigation/Section3_Introduction_to_ROS_2/bumperbot_ws/install/bumperbot_description/share/bumperbot_description/hook/cmake_prefix_path.sh'
[8.835s] Level 1:colcon.colcon_core.environment:checking '/home/joel/vsC/Self-Driving-and-ROS-2-Learn-by-Doing-Plan-Navigation/Section3_Introduction_to_ROS_2/bumperbot_ws/install/bumperbot_description/bin'
[8.835s] Level 1:colcon.colcon_core.environment:checking '/home/joel/vsC/Self-Driving-and-ROS-2-Learn-by-Doing-Plan-Navigation/Section3_Introduction_to_ROS_2/bumperbot_ws/install/bumperbot_description/lib/pkgconfig/bumperbot_description.pc'
[8.836s] Level 1:colcon.colcon_core.environment:checking '/home/joel/vsC/Self-Driving-and-ROS-2-Learn-by-Doing-Plan-Navigation/Section3_Introduction_to_ROS_2/bumperbot_ws/install/bumperbot_description/lib/python3.12/site-packages'
[8.836s] Level 1:colcon.colcon_core.environment:checking '/home/joel/vsC/Self-Driving-and-ROS-2-Learn-by-Doing-Plan-Navigation/Section3_Introduction_to_ROS_2/bumperbot_ws/install/bumperbot_description/bin'
[8.837s] INFO:colcon.colcon_core.shell:Creating package script '/home/joel/vsC/Self-Driving-and-ROS-2-Learn-by-Doing-Plan-Navigation/Section3_Introduction_to_ROS_2/bumperbot_ws/install/bumperbot_description/share/bumperbot_description/package.ps1'
[8.842s] INFO:colcon.colcon_core.shell:Creating package descriptor '/home/joel/vsC/Self-Driving-and-ROS-2-Learn-by-Doing-Plan-Navigation/Section3_Introduction_to_ROS_2/bumperbot_ws/install/bumperbot_description/share/bumperbot_description/package.dsv'
[8.845s] INFO:colcon.colcon_core.shell:Creating package script '/home/joel/vsC/Self-Driving-and-ROS-2-Learn-by-Doing-Plan-Navigation/Section3_Introduction_to_ROS_2/bumperbot_ws/install/bumperbot_description/share/bumperbot_description/package.sh'
[8.846s] INFO:colcon.colcon_core.shell:Creating package script '/home/joel/vsC/Self-Driving-and-ROS-2-Learn-by-Doing-Plan-Navigation/Section3_Introduction_to_ROS_2/bumperbot_ws/install/bumperbot_description/share/bumperbot_description/package.bash'
[8.848s] INFO:colcon.colcon_core.shell:Creating package script '/home/joel/vsC/Self-Driving-and-ROS-2-Learn-by-Doing-Plan-Navigation/Section3_Introduction_to_ROS_2/bumperbot_ws/install/bumperbot_description/share/bumperbot_description/package.zsh'
[8.852s] Level 1:colcon.colcon_core.environment:create_file_with_runtime_dependencies(/home/joel/vsC/Self-Driving-and-ROS-2-Learn-by-Doing-Plan-Navigation/Section3_Introduction_to_ROS_2/bumperbot_ws/install/bumperbot_description/share/colcon-core/packages/bumperbot_description)
[8.853s] Level 1:colcon.colcon_core.environment:create_environment_scripts_only(bumperbot_description)
[8.853s] Level 1:colcon.colcon_core.environment:checking '/home/joel/vsC/Self-Driving-and-ROS-2-Learn-by-Doing-Plan-Navigation/Section3_Introduction_to_ROS_2/bumperbot_ws/install/bumperbot_description' for CMake module files
[8.854s] Level 1:colcon.colcon_core.environment:checking '/home/joel/vsC/Self-Driving-and-ROS-2-Learn-by-Doing-Plan-Navigation/Section3_Introduction_to_ROS_2/bumperbot_ws/install/bumperbot_description' for CMake config files
[8.873s] Level 1:colcon.colcon_core.shell:create_environment_hook('bumperbot_description', 'cmake_prefix_path')
[8.874s] INFO:colcon.colcon_core.shell:Creating environment hook '/home/joel/vsC/Self-Driving-and-ROS-2-Learn-by-Doing-Plan-Navigation/Section3_Introduction_to_ROS_2/bumperbot_ws/install/bumperbot_description/share/bumperbot_description/hook/cmake_prefix_path.ps1'
[8.874s] INFO:colcon.colcon_core.shell:Creating environment descriptor '/home/joel/vsC/Self-Driving-and-ROS-2-Learn-by-Doing-Plan-Navigation/Section3_Introduction_to_ROS_2/bumperbot_ws/install/bumperbot_description/share/bumperbot_description/hook/cmake_prefix_path.dsv'
[8.879s] INFO:colcon.colcon_core.shell:Creating environment hook '/home/joel/vsC/Self-Driving-and-ROS-2-Learn-by-Doing-Plan-Navigation/Section3_Introduction_to_ROS_2/bumperbot_ws/install/bumperbot_description/share/bumperbot_description/hook/cmake_prefix_path.sh'
[8.880s] Level 1:colcon.colcon_core.environment:checking '/home/joel/vsC/Self-Driving-and-ROS-2-Learn-by-Doing-Plan-Navigation/Section3_Introduction_to_ROS_2/bumperbot_ws/install/bumperbot_description/bin'
[8.880s] Level 1:colcon.colcon_core.environment:checking '/home/joel/vsC/Self-Driving-and-ROS-2-Learn-by-Doing-Plan-Navigation/Section3_Introduction_to_ROS_2/bumperbot_ws/install/bumperbot_description/lib/pkgconfig/bumperbot_description.pc'
[8.881s] Level 1:colcon.colcon_core.environment:checking '/home/joel/vsC/Self-Driving-and-ROS-2-Learn-by-Doing-Plan-Navigation/Section3_Introduction_to_ROS_2/bumperbot_ws/install/bumperbot_description/lib/python3.12/site-packages'
[8.881s] Level 1:colcon.colcon_core.environment:checking '/home/joel/vsC/Self-Driving-and-ROS-2-Learn-by-Doing-Plan-Navigation/Section3_Introduction_to_ROS_2/bumperbot_ws/install/bumperbot_description/bin'
[8.882s] INFO:colcon.colcon_core.shell:Creating package script '/home/joel/vsC/Self-Driving-and-ROS-2-Learn-by-Doing-Plan-Navigation/Section3_Introduction_to_ROS_2/bumperbot_ws/install/bumperbot_description/share/bumperbot_description/package.ps1'
[8.883s] INFO:colcon.colcon_core.shell:Creating package descriptor '/home/joel/vsC/Self-Driving-and-ROS-2-Learn-by-Doing-Plan-Navigation/Section3_Introduction_to_ROS_2/bumperbot_ws/install/bumperbot_description/share/bumperbot_description/package.dsv'
[8.884s] INFO:colcon.colcon_core.shell:Creating package script '/home/joel/vsC/Self-Driving-and-ROS-2-Learn-by-Doing-Plan-Navigation/Section3_Introduction_to_ROS_2/bumperbot_ws/install/bumperbot_description/share/bumperbot_description/package.sh'
[8.885s] INFO:colcon.colcon_core.shell:Creating package script '/home/joel/vsC/Self-Driving-and-ROS-2-Learn-by-Doing-Plan-Navigation/Section3_Introduction_to_ROS_2/bumperbot_ws/install/bumperbot_description/share/bumperbot_description/package.bash'
[8.886s] INFO:colcon.colcon_core.shell:Creating package script '/home/joel/vsC/Self-Driving-and-ROS-2-Learn-by-Doing-Plan-Navigation/Section3_Introduction_to_ROS_2/bumperbot_ws/install/bumperbot_description/share/bumperbot_description/package.zsh'
[8.887s] Level 1:colcon.colcon_core.environment:create_file_with_runtime_dependencies(/home/joel/vsC/Self-Driving-and-ROS-2-Learn-by-Doing-Plan-Navigation/Section3_Introduction_to_ROS_2/bumperbot_ws/install/bumperbot_description/share/colcon-core/packages/bumperbot_description)
[10.151s] DEBUG:colcon.colcon_core.event_handler.log_command:Invoked command in '/home/joel/vsC/Self-Driving-and-ROS-2-Learn-by-Doing-Plan-Navigation/Section3_Introduction_to_ROS_2/bumperbot_ws/build/bumperbot_firmware' returned '0': CMAKE_PREFIX_PATH=${CMAKE_PREFIX_PATH}:/home/joel/ros2_jazzy/install/rqt_bag_plugins:/home/joel/ros2_jazzy/install/rqt_bag:/home/joel/ros2_jazzy/install/rosbag2_examples_py:/home/joel/ros2_jazzy/install/launch_testing_examples:/home/joel/ros2_jazzy/install/ros2bag:/home/joel/ros2_jazzy/install/tracetools_test:/home/joel/ros2_jazzy/install/tracetools_launch:/home/joel/ros2_jazzy/install/topic_monitor:/home/joel/ros2_jazzy/install/tf2_tools:/home/joel/ros2_jazzy/install/examples_tf2_py:/home/joel/ros2_jazzy/install/tf2_ros_py:/home/joel/ros2_jazzy/install/examples_rclpy_pointcloud_publisher:/home/joel/ros2_jazzy/install/sensor_msgs_py:/home/joel/ros2_jazzy/install/quality_of_service_demo_py:/home/joel/ros2_jazzy/install/camera_info_manager_py:/home/joel/ros2_jazzy/install/rqt_plot:/home/joel/ros2_jazzy/install/ros2doctor:/home/joel/ros2_jazzy/install/lifecycle_py:/home/joel/ros2_jazzy/install/examples_rclpy_minimal_subscriber:/home/joel/ros2_jazzy/install/examples_rclpy_minimal_service:/home/joel/ros2_jazzy/install/examples_rclpy_minimal_publisher:/home/joel/ros2_jazzy/install/examples_rclpy_minimal_client:/home/joel/ros2_jazzy/install/examples_rclpy_executors:/home/joel/ros2_jazzy/install/demo_nodes_py:/home/joel/ros2_jazzy/install/rqt:/home/joel/ros2_jazzy/install/ros2component:/home/joel/ros2_jazzy/install/sros2:/home/joel/ros2_jazzy/install/rqt_topic:/home/joel/ros2_jazzy/install/rqt_srv:/home/joel/ros2_jazzy/install/rqt_shell:/home/joel/ros2_jazzy/install/rqt_service_caller:/home/joel/ros2_jazzy/install/rqt_reconfigure:/home/joel/ros2_jazzy/install/rqt_py_console:/home/joel/ros2_jazzy/install/rqt_publisher:/home/joel/ros2_jazzy/install/rqt_action:/home/joel/ros2_jazzy/install/rqt_msg:/home/joel/ros2_jazzy/install/rqt_console:/home/joel/ros2_jazzy/install/rqt_graph:/home/joel/ros2_jazzy/install/rqt_gui_py:/home/joel/ros2_jazzy/install/rqt_gui:/home/joel/ros2_jazzy/install/ros2trace:/home/joel/ros2_jazzy/install/ros2topic:/home/joel/ros2_jazzy/install/ros2test:/home/joel/ros2_jazzy/install/ros2param:/home/joel/ros2_jazzy/install/ros2lifecycle:/home/joel/ros2_jazzy/install/ros2service:/home/joel/ros2_jazzy/install/ros2run:/home/joel/ros2_jazzy/install/ros2launch:/home/joel/ros2_jazzy/install/ros2pkg:/home/joel/ros2_jazzy/install/ros2node:/home/joel/ros2_jazzy/install/ros2multicast:/home/joel/ros2_jazzy/install/ros2interface:/home/joel/ros2_jazzy/install/ros2action:/home/joel/ros2_jazzy/install/ros2cli:/home/joel/ros2_jazzy/install/launch_testing_ros:/home/joel/ros2_jazzy/install/launch_ros:/home/joel/ros2_jazzy/install/examples_rclpy_minimal_action_server:/home/joel/ros2_jazzy/install/examples_rclpy_minimal_action_client:/home/joel/ros2_jazzy/install/examples_rclpy_guard_conditions:/home/joel/ros2_jazzy/install/action_tutorials_py:/home/joel/ros2_jazzy/install/ament_uncrustify:/home/joel/ros2_jazzy/install/tracetools_trace:/home/joel/ros2_jazzy/install/tracetools_read:/home/joel/ros2_jazzy/install/test_tracetools_launch:/home/joel/ros2_jazzy/install/test_ros2trace:/home/joel/ros2_jazzy/install/test_launch_ros:/home/joel/ros2_jazzy/install/rpyutils:/home/joel/ros2_jazzy/install/rosidl_runtime_py:/home/joel/ros2_jazzy/install/rosidl_pycommon:/home/joel/ros2_jazzy/install/rosidl_cli:/home/joel/ros2_jazzy/install/launch_pytest:/home/joel/ros2_jazzy/install/launch_testing:/home/joel/ros2_jazzy/install/launch_yaml:/home/joel/ros2_jazzy/install/launch_xml:/home/joel/ros2_jazzy/install/launch:/home/joel/ros2_jazzy/install/osrf_pycommon:/home/joel/ros2_jazzy/install/domain_coordinator:/home/joel/ros2_jazzy/install/ament_xmllint:/home/joel/ros2_jazzy/install/ament_pyflakes:/home/joel/ros2_jazzy/install/ament_pycodestyle:/home/joel/ros2_jazzy/install/ament_pep257:/home/joel/ros2_jazzy/install/ament_pclint:/home/joel/ros2_jazzy/install/ament_package:/home/joel/ros2_jazzy/install/ament_mypy:/home/joel/ros2_jazzy/install/ament_lint_cmake:/home/joel/ros2_jazzy/install/ament_flake8:/home/joel/ros2_jazzy/install/ament_copyright:/home/joel/ros2_jazzy/install/ament_lint:/home/joel/ros2_jazzy/install/ament_index_python:/home/joel/ros2_jazzy/install/ament_cpplint:/home/joel/ros2_jazzy/install/ament_cppcheck:/home/joel/ros2_jazzy/install/ament_clang_tidy:/home/joel/ros2_jazzy/install/ament_clang_format:/opt/ros/jazzy DEBUGINFOD_URLS=https://debuginfod.ubuntu.com /usr/bin/cmake /home/joel/vsC/Self-Driving-and-ROS-2-Learn-by-Doing-Plan-Navigation/Section3_Introduction_to_ROS_2/bumperbot_ws/src/bumperbot_firmware -DCMAKE_INSTALL_PREFIX=/home/joel/vsC/Self-Driving-and-ROS-2-Learn-by-Doing-Plan-Navigation/Section3_Introduction_to_ROS_2/bumperbot_ws/install/bumperbot_firmware
[10.161s] DEBUG:colcon.colcon_core.event_handler.log_command:Invoking command in '/home/joel/vsC/Self-Driving-and-ROS-2-Learn-by-Doing-Plan-Navigation/Section3_Introduction_to_ROS_2/bumperbot_ws/build/bumperbot_firmware': CMAKE_PREFIX_PATH=${CMAKE_PREFIX_PATH}:/home/joel/ros2_jazzy/install/rqt_bag_plugins:/home/joel/ros2_jazzy/install/rqt_bag:/home/joel/ros2_jazzy/install/rosbag2_examples_py:/home/joel/ros2_jazzy/install/launch_testing_examples:/home/joel/ros2_jazzy/install/ros2bag:/home/joel/ros2_jazzy/install/tracetools_test:/home/joel/ros2_jazzy/install/tracetools_launch:/home/joel/ros2_jazzy/install/topic_monitor:/home/joel/ros2_jazzy/install/tf2_tools:/home/joel/ros2_jazzy/install/examples_tf2_py:/home/joel/ros2_jazzy/install/tf2_ros_py:/home/joel/ros2_jazzy/install/examples_rclpy_pointcloud_publisher:/home/joel/ros2_jazzy/install/sensor_msgs_py:/home/joel/ros2_jazzy/install/quality_of_service_demo_py:/home/joel/ros2_jazzy/install/camera_info_manager_py:/home/joel/ros2_jazzy/install/rqt_plot:/home/joel/ros2_jazzy/install/ros2doctor:/home/joel/ros2_jazzy/install/lifecycle_py:/home/joel/ros2_jazzy/install/examples_rclpy_minimal_subscriber:/home/joel/ros2_jazzy/install/examples_rclpy_minimal_service:/home/joel/ros2_jazzy/install/examples_rclpy_minimal_publisher:/home/joel/ros2_jazzy/install/examples_rclpy_minimal_client:/home/joel/ros2_jazzy/install/examples_rclpy_executors:/home/joel/ros2_jazzy/install/demo_nodes_py:/home/joel/ros2_jazzy/install/rqt:/home/joel/ros2_jazzy/install/ros2component:/home/joel/ros2_jazzy/install/sros2:/home/joel/ros2_jazzy/install/rqt_topic:/home/joel/ros2_jazzy/install/rqt_srv:/home/joel/ros2_jazzy/install/rqt_shell:/home/joel/ros2_jazzy/install/rqt_service_caller:/home/joel/ros2_jazzy/install/rqt_reconfigure:/home/joel/ros2_jazzy/install/rqt_py_console:/home/joel/ros2_jazzy/install/rqt_publisher:/home/joel/ros2_jazzy/install/rqt_action:/home/joel/ros2_jazzy/install/rqt_msg:/home/joel/ros2_jazzy/install/rqt_console:/home/joel/ros2_jazzy/install/rqt_graph:/home/joel/ros2_jazzy/install/rqt_gui_py:/home/joel/ros2_jazzy/install/rqt_gui:/home/joel/ros2_jazzy/install/ros2trace:/home/joel/ros2_jazzy/install/ros2topic:/home/joel/ros2_jazzy/install/ros2test:/home/joel/ros2_jazzy/install/ros2param:/home/joel/ros2_jazzy/install/ros2lifecycle:/home/joel/ros2_jazzy/install/ros2service:/home/joel/ros2_jazzy/install/ros2run:/home/joel/ros2_jazzy/install/ros2launch:/home/joel/ros2_jazzy/install/ros2pkg:/home/joel/ros2_jazzy/install/ros2node:/home/joel/ros2_jazzy/install/ros2multicast:/home/joel/ros2_jazzy/install/ros2interface:/home/joel/ros2_jazzy/install/ros2action:/home/joel/ros2_jazzy/install/ros2cli:/home/joel/ros2_jazzy/install/launch_testing_ros:/home/joel/ros2_jazzy/install/launch_ros:/home/joel/ros2_jazzy/install/examples_rclpy_minimal_action_server:/home/joel/ros2_jazzy/install/examples_rclpy_minimal_action_client:/home/joel/ros2_jazzy/install/examples_rclpy_guard_conditions:/home/joel/ros2_jazzy/install/action_tutorials_py:/home/joel/ros2_jazzy/install/ament_uncrustify:/home/joel/ros2_jazzy/install/tracetools_trace:/home/joel/ros2_jazzy/install/tracetools_read:/home/joel/ros2_jazzy/install/test_tracetools_launch:/home/joel/ros2_jazzy/install/test_ros2trace:/home/joel/ros2_jazzy/install/test_launch_ros:/home/joel/ros2_jazzy/install/rpyutils:/home/joel/ros2_jazzy/install/rosidl_runtime_py:/home/joel/ros2_jazzy/install/rosidl_pycommon:/home/joel/ros2_jazzy/install/rosidl_cli:/home/joel/ros2_jazzy/install/launch_pytest:/home/joel/ros2_jazzy/install/launch_testing:/home/joel/ros2_jazzy/install/launch_yaml:/home/joel/ros2_jazzy/install/launch_xml:/home/joel/ros2_jazzy/install/launch:/home/joel/ros2_jazzy/install/osrf_pycommon:/home/joel/ros2_jazzy/install/domain_coordinator:/home/joel/ros2_jazzy/install/ament_xmllint:/home/joel/ros2_jazzy/install/ament_pyflakes:/home/joel/ros2_jazzy/install/ament_pycodestyle:/home/joel/ros2_jazzy/install/ament_pep257:/home/joel/ros2_jazzy/install/ament_pclint:/home/joel/ros2_jazzy/install/ament_package:/home/joel/ros2_jazzy/install/ament_mypy:/home/joel/ros2_jazzy/install/ament_lint_cmake:/home/joel/ros2_jazzy/install/ament_flake8:/home/joel/ros2_jazzy/install/ament_copyright:/home/joel/ros2_jazzy/install/ament_lint:/home/joel/ros2_jazzy/install/ament_index_python:/home/joel/ros2_jazzy/install/ament_cpplint:/home/joel/ros2_jazzy/install/ament_cppcheck:/home/joel/ros2_jazzy/install/ament_clang_tidy:/home/joel/ros2_jazzy/install/ament_clang_format:/opt/ros/jazzy DEBUGINFOD_URLS=https://debuginfod.ubuntu.com /usr/bin/cmake --build /home/joel/vsC/Self-Driving-and-ROS-2-Learn-by-Doing-Plan-Navigation/Section3_Introduction_to_ROS_2/bumperbot_ws/build/bumperbot_firmware -- -j8 -l8
[25.548s] DEBUG:colcon.colcon_core.event_handler.log_command:Invoked command in '/home/joel/vsC/Self-Driving-and-ROS-2-Learn-by-Doing-Plan-Navigation/Section3_Introduction_to_ROS_2/bumperbot_ws/build/bumperbot_msgs' returned '0': CMAKE_PREFIX_PATH=${CMAKE_PREFIX_PATH}:/home/joel/ros2_jazzy/install/rqt_bag_plugins:/home/joel/ros2_jazzy/install/rqt_bag:/home/joel/ros2_jazzy/install/rosbag2_examples_py:/home/joel/ros2_jazzy/install/launch_testing_examples:/home/joel/ros2_jazzy/install/ros2bag:/home/joel/ros2_jazzy/install/tracetools_test:/home/joel/ros2_jazzy/install/tracetools_launch:/home/joel/ros2_jazzy/install/topic_monitor:/home/joel/ros2_jazzy/install/tf2_tools:/home/joel/ros2_jazzy/install/examples_tf2_py:/home/joel/ros2_jazzy/install/tf2_ros_py:/home/joel/ros2_jazzy/install/examples_rclpy_pointcloud_publisher:/home/joel/ros2_jazzy/install/sensor_msgs_py:/home/joel/ros2_jazzy/install/quality_of_service_demo_py:/home/joel/ros2_jazzy/install/camera_info_manager_py:/home/joel/ros2_jazzy/install/rqt_plot:/home/joel/ros2_jazzy/install/ros2doctor:/home/joel/ros2_jazzy/install/lifecycle_py:/home/joel/ros2_jazzy/install/examples_rclpy_minimal_subscriber:/home/joel/ros2_jazzy/install/examples_rclpy_minimal_service:/home/joel/ros2_jazzy/install/examples_rclpy_minimal_publisher:/home/joel/ros2_jazzy/install/examples_rclpy_minimal_client:/home/joel/ros2_jazzy/install/examples_rclpy_executors:/home/joel/ros2_jazzy/install/demo_nodes_py:/home/joel/ros2_jazzy/install/rqt:/home/joel/ros2_jazzy/install/ros2component:/home/joel/ros2_jazzy/install/sros2:/home/joel/ros2_jazzy/install/rqt_topic:/home/joel/ros2_jazzy/install/rqt_srv:/home/joel/ros2_jazzy/install/rqt_shell:/home/joel/ros2_jazzy/install/rqt_service_caller:/home/joel/ros2_jazzy/install/rqt_reconfigure:/home/joel/ros2_jazzy/install/rqt_py_console:/home/joel/ros2_jazzy/install/rqt_publisher:/home/joel/ros2_jazzy/install/rqt_action:/home/joel/ros2_jazzy/install/rqt_msg:/home/joel/ros2_jazzy/install/rqt_console:/home/joel/ros2_jazzy/install/rqt_graph:/home/joel/ros2_jazzy/install/rqt_gui_py:/home/joel/ros2_jazzy/install/rqt_gui:/home/joel/ros2_jazzy/install/ros2trace:/home/joel/ros2_jazzy/install/ros2topic:/home/joel/ros2_jazzy/install/ros2test:/home/joel/ros2_jazzy/install/ros2param:/home/joel/ros2_jazzy/install/ros2lifecycle:/home/joel/ros2_jazzy/install/ros2service:/home/joel/ros2_jazzy/install/ros2run:/home/joel/ros2_jazzy/install/ros2launch:/home/joel/ros2_jazzy/install/ros2pkg:/home/joel/ros2_jazzy/install/ros2node:/home/joel/ros2_jazzy/install/ros2multicast:/home/joel/ros2_jazzy/install/ros2interface:/home/joel/ros2_jazzy/install/ros2action:/home/joel/ros2_jazzy/install/ros2cli:/home/joel/ros2_jazzy/install/launch_testing_ros:/home/joel/ros2_jazzy/install/launch_ros:/home/joel/ros2_jazzy/install/examples_rclpy_minimal_action_server:/home/joel/ros2_jazzy/install/examples_rclpy_minimal_action_client:/home/joel/ros2_jazzy/install/examples_rclpy_guard_conditions:/home/joel/ros2_jazzy/install/action_tutorials_py:/home/joel/ros2_jazzy/install/ament_uncrustify:/home/joel/ros2_jazzy/install/tracetools_trace:/home/joel/ros2_jazzy/install/tracetools_read:/home/joel/ros2_jazzy/install/test_tracetools_launch:/home/joel/ros2_jazzy/install/test_ros2trace:/home/joel/ros2_jazzy/install/test_launch_ros:/home/joel/ros2_jazzy/install/rpyutils:/home/joel/ros2_jazzy/install/rosidl_runtime_py:/home/joel/ros2_jazzy/install/rosidl_pycommon:/home/joel/ros2_jazzy/install/rosidl_cli:/home/joel/ros2_jazzy/install/launch_pytest:/home/joel/ros2_jazzy/install/launch_testing:/home/joel/ros2_jazzy/install/launch_yaml:/home/joel/ros2_jazzy/install/launch_xml:/home/joel/ros2_jazzy/install/launch:/home/joel/ros2_jazzy/install/osrf_pycommon:/home/joel/ros2_jazzy/install/domain_coordinator:/home/joel/ros2_jazzy/install/ament_xmllint:/home/joel/ros2_jazzy/install/ament_pyflakes:/home/joel/ros2_jazzy/install/ament_pycodestyle:/home/joel/ros2_jazzy/install/ament_pep257:/home/joel/ros2_jazzy/install/ament_pclint:/home/joel/ros2_jazzy/install/ament_package:/home/joel/ros2_jazzy/install/ament_mypy:/home/joel/ros2_jazzy/install/ament_lint_cmake:/home/joel/ros2_jazzy/install/ament_flake8:/home/joel/ros2_jazzy/install/ament_copyright:/home/joel/ros2_jazzy/install/ament_lint:/home/joel/ros2_jazzy/install/ament_index_python:/home/joel/ros2_jazzy/install/ament_cpplint:/home/joel/ros2_jazzy/install/ament_cppcheck:/home/joel/ros2_jazzy/install/ament_clang_tidy:/home/joel/ros2_jazzy/install/ament_clang_format:/opt/ros/jazzy DEBUGINFOD_URLS=https://debuginfod.ubuntu.com /usr/bin/cmake /home/joel/vsC/Self-Driving-and-ROS-2-Learn-by-Doing-Plan-Navigation/Section3_Introduction_to_ROS_2/bumperbot_ws/src/bumperbot_msgs -DCMAKE_INSTALL_PREFIX=/home/joel/vsC/Self-Driving-and-ROS-2-Learn-by-Doing-Plan-Navigation/Section3_Introduction_to_ROS_2/bumperbot_ws/install/bumperbot_msgs
[25.550s] DEBUG:colcon.colcon_core.event_handler.log_command:Invoking command in '/home/joel/vsC/Self-Driving-and-ROS-2-Learn-by-Doing-Plan-Navigation/Section3_Introduction_to_ROS_2/bumperbot_ws/build/bumperbot_msgs': CMAKE_PREFIX_PATH=${CMAKE_PREFIX_PATH}:/home/joel/ros2_jazzy/install/rqt_bag_plugins:/home/joel/ros2_jazzy/install/rqt_bag:/home/joel/ros2_jazzy/install/rosbag2_examples_py:/home/joel/ros2_jazzy/install/launch_testing_examples:/home/joel/ros2_jazzy/install/ros2bag:/home/joel/ros2_jazzy/install/tracetools_test:/home/joel/ros2_jazzy/install/tracetools_launch:/home/joel/ros2_jazzy/install/topic_monitor:/home/joel/ros2_jazzy/install/tf2_tools:/home/joel/ros2_jazzy/install/examples_tf2_py:/home/joel/ros2_jazzy/install/tf2_ros_py:/home/joel/ros2_jazzy/install/examples_rclpy_pointcloud_publisher:/home/joel/ros2_jazzy/install/sensor_msgs_py:/home/joel/ros2_jazzy/install/quality_of_service_demo_py:/home/joel/ros2_jazzy/install/camera_info_manager_py:/home/joel/ros2_jazzy/install/rqt_plot:/home/joel/ros2_jazzy/install/ros2doctor:/home/joel/ros2_jazzy/install/lifecycle_py:/home/joel/ros2_jazzy/install/examples_rclpy_minimal_subscriber:/home/joel/ros2_jazzy/install/examples_rclpy_minimal_service:/home/joel/ros2_jazzy/install/examples_rclpy_minimal_publisher:/home/joel/ros2_jazzy/install/examples_rclpy_minimal_client:/home/joel/ros2_jazzy/install/examples_rclpy_executors:/home/joel/ros2_jazzy/install/demo_nodes_py:/home/joel/ros2_jazzy/install/rqt:/home/joel/ros2_jazzy/install/ros2component:/home/joel/ros2_jazzy/install/sros2:/home/joel/ros2_jazzy/install/rqt_topic:/home/joel/ros2_jazzy/install/rqt_srv:/home/joel/ros2_jazzy/install/rqt_shell:/home/joel/ros2_jazzy/install/rqt_service_caller:/home/joel/ros2_jazzy/install/rqt_reconfigure:/home/joel/ros2_jazzy/install/rqt_py_console:/home/joel/ros2_jazzy/install/rqt_publisher:/home/joel/ros2_jazzy/install/rqt_action:/home/joel/ros2_jazzy/install/rqt_msg:/home/joel/ros2_jazzy/install/rqt_console:/home/joel/ros2_jazzy/install/rqt_graph:/home/joel/ros2_jazzy/install/rqt_gui_py:/home/joel/ros2_jazzy/install/rqt_gui:/home/joel/ros2_jazzy/install/ros2trace:/home/joel/ros2_jazzy/install/ros2topic:/home/joel/ros2_jazzy/install/ros2test:/home/joel/ros2_jazzy/install/ros2param:/home/joel/ros2_jazzy/install/ros2lifecycle:/home/joel/ros2_jazzy/install/ros2service:/home/joel/ros2_jazzy/install/ros2run:/home/joel/ros2_jazzy/install/ros2launch:/home/joel/ros2_jazzy/install/ros2pkg:/home/joel/ros2_jazzy/install/ros2node:/home/joel/ros2_jazzy/install/ros2multicast:/home/joel/ros2_jazzy/install/ros2interface:/home/joel/ros2_jazzy/install/ros2action:/home/joel/ros2_jazzy/install/ros2cli:/home/joel/ros2_jazzy/install/launch_testing_ros:/home/joel/ros2_jazzy/install/launch_ros:/home/joel/ros2_jazzy/install/examples_rclpy_minimal_action_server:/home/joel/ros2_jazzy/install/examples_rclpy_minimal_action_client:/home/joel/ros2_jazzy/install/examples_rclpy_guard_conditions:/home/joel/ros2_jazzy/install/action_tutorials_py:/home/joel/ros2_jazzy/install/ament_uncrustify:/home/joel/ros2_jazzy/install/tracetools_trace:/home/joel/ros2_jazzy/install/tracetools_read:/home/joel/ros2_jazzy/install/test_tracetools_launch:/home/joel/ros2_jazzy/install/test_ros2trace:/home/joel/ros2_jazzy/install/test_launch_ros:/home/joel/ros2_jazzy/install/rpyutils:/home/joel/ros2_jazzy/install/rosidl_runtime_py:/home/joel/ros2_jazzy/install/rosidl_pycommon:/home/joel/ros2_jazzy/install/rosidl_cli:/home/joel/ros2_jazzy/install/launch_pytest:/home/joel/ros2_jazzy/install/launch_testing:/home/joel/ros2_jazzy/install/launch_yaml:/home/joel/ros2_jazzy/install/launch_xml:/home/joel/ros2_jazzy/install/launch:/home/joel/ros2_jazzy/install/osrf_pycommon:/home/joel/ros2_jazzy/install/domain_coordinator:/home/joel/ros2_jazzy/install/ament_xmllint:/home/joel/ros2_jazzy/install/ament_pyflakes:/home/joel/ros2_jazzy/install/ament_pycodestyle:/home/joel/ros2_jazzy/install/ament_pep257:/home/joel/ros2_jazzy/install/ament_pclint:/home/joel/ros2_jazzy/install/ament_package:/home/joel/ros2_jazzy/install/ament_mypy:/home/joel/ros2_jazzy/install/ament_lint_cmake:/home/joel/ros2_jazzy/install/ament_flake8:/home/joel/ros2_jazzy/install/ament_copyright:/home/joel/ros2_jazzy/install/ament_lint:/home/joel/ros2_jazzy/install/ament_index_python:/home/joel/ros2_jazzy/install/ament_cpplint:/home/joel/ros2_jazzy/install/ament_cppcheck:/home/joel/ros2_jazzy/install/ament_clang_tidy:/home/joel/ros2_jazzy/install/ament_clang_format:/opt/ros/jazzy DEBUGINFOD_URLS=https://debuginfod.ubuntu.com /usr/bin/cmake --build /home/joel/vsC/Self-Driving-and-ROS-2-Learn-by-Doing-Plan-Navigation/Section3_Introduction_to_ROS_2/bumperbot_ws/build/bumperbot_msgs -- -j8 -l8
[38.964s] DEBUG:colcon.colcon_core.event_handler.log_command:Invoked command in '/home/joel/vsC/Self-Driving-and-ROS-2-Learn-by-Doing-Plan-Navigation/Section3_Introduction_to_ROS_2/bumperbot_ws/build/bumperbot_firmware' returned '0': CMAKE_PREFIX_PATH=${CMAKE_PREFIX_PATH}:/home/joel/ros2_jazzy/install/rqt_bag_plugins:/home/joel/ros2_jazzy/install/rqt_bag:/home/joel/ros2_jazzy/install/rosbag2_examples_py:/home/joel/ros2_jazzy/install/launch_testing_examples:/home/joel/ros2_jazzy/install/ros2bag:/home/joel/ros2_jazzy/install/tracetools_test:/home/joel/ros2_jazzy/install/tracetools_launch:/home/joel/ros2_jazzy/install/topic_monitor:/home/joel/ros2_jazzy/install/tf2_tools:/home/joel/ros2_jazzy/install/examples_tf2_py:/home/joel/ros2_jazzy/install/tf2_ros_py:/home/joel/ros2_jazzy/install/examples_rclpy_pointcloud_publisher:/home/joel/ros2_jazzy/install/sensor_msgs_py:/home/joel/ros2_jazzy/install/quality_of_service_demo_py:/home/joel/ros2_jazzy/install/camera_info_manager_py:/home/joel/ros2_jazzy/install/rqt_plot:/home/joel/ros2_jazzy/install/ros2doctor:/home/joel/ros2_jazzy/install/lifecycle_py:/home/joel/ros2_jazzy/install/examples_rclpy_minimal_subscriber:/home/joel/ros2_jazzy/install/examples_rclpy_minimal_service:/home/joel/ros2_jazzy/install/examples_rclpy_minimal_publisher:/home/joel/ros2_jazzy/install/examples_rclpy_minimal_client:/home/joel/ros2_jazzy/install/examples_rclpy_executors:/home/joel/ros2_jazzy/install/demo_nodes_py:/home/joel/ros2_jazzy/install/rqt:/home/joel/ros2_jazzy/install/ros2component:/home/joel/ros2_jazzy/install/sros2:/home/joel/ros2_jazzy/install/rqt_topic:/home/joel/ros2_jazzy/install/rqt_srv:/home/joel/ros2_jazzy/install/rqt_shell:/home/joel/ros2_jazzy/install/rqt_service_caller:/home/joel/ros2_jazzy/install/rqt_reconfigure:/home/joel/ros2_jazzy/install/rqt_py_console:/home/joel/ros2_jazzy/install/rqt_publisher:/home/joel/ros2_jazzy/install/rqt_action:/home/joel/ros2_jazzy/install/rqt_msg:/home/joel/ros2_jazzy/install/rqt_console:/home/joel/ros2_jazzy/install/rqt_graph:/home/joel/ros2_jazzy/install/rqt_gui_py:/home/joel/ros2_jazzy/install/rqt_gui:/home/joel/ros2_jazzy/install/ros2trace:/home/joel/ros2_jazzy/install/ros2topic:/home/joel/ros2_jazzy/install/ros2test:/home/joel/ros2_jazzy/install/ros2param:/home/joel/ros2_jazzy/install/ros2lifecycle:/home/joel/ros2_jazzy/install/ros2service:/home/joel/ros2_jazzy/install/ros2run:/home/joel/ros2_jazzy/install/ros2launch:/home/joel/ros2_jazzy/install/ros2pkg:/home/joel/ros2_jazzy/install/ros2node:/home/joel/ros2_jazzy/install/ros2multicast:/home/joel/ros2_jazzy/install/ros2interface:/home/joel/ros2_jazzy/install/ros2action:/home/joel/ros2_jazzy/install/ros2cli:/home/joel/ros2_jazzy/install/launch_testing_ros:/home/joel/ros2_jazzy/install/launch_ros:/home/joel/ros2_jazzy/install/examples_rclpy_minimal_action_server:/home/joel/ros2_jazzy/install/examples_rclpy_minimal_action_client:/home/joel/ros2_jazzy/install/examples_rclpy_guard_conditions:/home/joel/ros2_jazzy/install/action_tutorials_py:/home/joel/ros2_jazzy/install/ament_uncrustify:/home/joel/ros2_jazzy/install/tracetools_trace:/home/joel/ros2_jazzy/install/tracetools_read:/home/joel/ros2_jazzy/install/test_tracetools_launch:/home/joel/ros2_jazzy/install/test_ros2trace:/home/joel/ros2_jazzy/install/test_launch_ros:/home/joel/ros2_jazzy/install/rpyutils:/home/joel/ros2_jazzy/install/rosidl_runtime_py:/home/joel/ros2_jazzy/install/rosidl_pycommon:/home/joel/ros2_jazzy/install/rosidl_cli:/home/joel/ros2_jazzy/install/launch_pytest:/home/joel/ros2_jazzy/install/launch_testing:/home/joel/ros2_jazzy/install/launch_yaml:/home/joel/ros2_jazzy/install/launch_xml:/home/joel/ros2_jazzy/install/launch:/home/joel/ros2_jazzy/install/osrf_pycommon:/home/joel/ros2_jazzy/install/domain_coordinator:/home/joel/ros2_jazzy/install/ament_xmllint:/home/joel/ros2_jazzy/install/ament_pyflakes:/home/joel/ros2_jazzy/install/ament_pycodestyle:/home/joel/ros2_jazzy/install/ament_pep257:/home/joel/ros2_jazzy/install/ament_pclint:/home/joel/ros2_jazzy/install/ament_package:/home/joel/ros2_jazzy/install/ament_mypy:/home/joel/ros2_jazzy/install/ament_lint_cmake:/home/joel/ros2_jazzy/install/ament_flake8:/home/joel/ros2_jazzy/install/ament_copyright:/home/joel/ros2_jazzy/install/ament_lint:/home/joel/ros2_jazzy/install/ament_index_python:/home/joel/ros2_jazzy/install/ament_cpplint:/home/joel/ros2_jazzy/install/ament_cppcheck:/home/joel/ros2_jazzy/install/ament_clang_tidy:/home/joel/ros2_jazzy/install/ament_clang_format:/opt/ros/jazzy DEBUGINFOD_URLS=https://debuginfod.ubuntu.com /usr/bin/cmake --build /home/joel/vsC/Self-Driving-and-ROS-2-Learn-by-Doing-Plan-Navigation/Section3_Introduction_to_ROS_2/bumperbot_ws/build/bumperbot_firmware -- -j8 -l8
[38.973s] DEBUG:colcon.colcon_core.event_handler.log_command:Invoking command in '/home/joel/vsC/Self-Driving-and-ROS-2-Learn-by-Doing-Plan-Navigation/Section3_Introduction_to_ROS_2/bumperbot_ws/build/bumperbot_firmware': CMAKE_PREFIX_PATH=${CMAKE_PREFIX_PATH}:/home/joel/ros2_jazzy/install/rqt_bag_plugins:/home/joel/ros2_jazzy/install/rqt_bag:/home/joel/ros2_jazzy/install/rosbag2_examples_py:/home/joel/ros2_jazzy/install/launch_testing_examples:/home/joel/ros2_jazzy/install/ros2bag:/home/joel/ros2_jazzy/install/tracetools_test:/home/joel/ros2_jazzy/install/tracetools_launch:/home/joel/ros2_jazzy/install/topic_monitor:/home/joel/ros2_jazzy/install/tf2_tools:/home/joel/ros2_jazzy/install/examples_tf2_py:/home/joel/ros2_jazzy/install/tf2_ros_py:/home/joel/ros2_jazzy/install/examples_rclpy_pointcloud_publisher:/home/joel/ros2_jazzy/install/sensor_msgs_py:/home/joel/ros2_jazzy/install/quality_of_service_demo_py:/home/joel/ros2_jazzy/install/camera_info_manager_py:/home/joel/ros2_jazzy/install/rqt_plot:/home/joel/ros2_jazzy/install/ros2doctor:/home/joel/ros2_jazzy/install/lifecycle_py:/home/joel/ros2_jazzy/install/examples_rclpy_minimal_subscriber:/home/joel/ros2_jazzy/install/examples_rclpy_minimal_service:/home/joel/ros2_jazzy/install/examples_rclpy_minimal_publisher:/home/joel/ros2_jazzy/install/examples_rclpy_minimal_client:/home/joel/ros2_jazzy/install/examples_rclpy_executors:/home/joel/ros2_jazzy/install/demo_nodes_py:/home/joel/ros2_jazzy/install/rqt:/home/joel/ros2_jazzy/install/ros2component:/home/joel/ros2_jazzy/install/sros2:/home/joel/ros2_jazzy/install/rqt_topic:/home/joel/ros2_jazzy/install/rqt_srv:/home/joel/ros2_jazzy/install/rqt_shell:/home/joel/ros2_jazzy/install/rqt_service_caller:/home/joel/ros2_jazzy/install/rqt_reconfigure:/home/joel/ros2_jazzy/install/rqt_py_console:/home/joel/ros2_jazzy/install/rqt_publisher:/home/joel/ros2_jazzy/install/rqt_action:/home/joel/ros2_jazzy/install/rqt_msg:/home/joel/ros2_jazzy/install/rqt_console:/home/joel/ros2_jazzy/install/rqt_graph:/home/joel/ros2_jazzy/install/rqt_gui_py:/home/joel/ros2_jazzy/install/rqt_gui:/home/joel/ros2_jazzy/install/ros2trace:/home/joel/ros2_jazzy/install/ros2topic:/home/joel/ros2_jazzy/install/ros2test:/home/joel/ros2_jazzy/install/ros2param:/home/joel/ros2_jazzy/install/ros2lifecycle:/home/joel/ros2_jazzy/install/ros2service:/home/joel/ros2_jazzy/install/ros2run:/home/joel/ros2_jazzy/install/ros2launch:/home/joel/ros2_jazzy/install/ros2pkg:/home/joel/ros2_jazzy/install/ros2node:/home/joel/ros2_jazzy/install/ros2multicast:/home/joel/ros2_jazzy/install/ros2interface:/home/joel/ros2_jazzy/install/ros2action:/home/joel/ros2_jazzy/install/ros2cli:/home/joel/ros2_jazzy/install/launch_testing_ros:/home/joel/ros2_jazzy/install/launch_ros:/home/joel/ros2_jazzy/install/examples_rclpy_minimal_action_server:/home/joel/ros2_jazzy/install/examples_rclpy_minimal_action_client:/home/joel/ros2_jazzy/install/examples_rclpy_guard_conditions:/home/joel/ros2_jazzy/install/action_tutorials_py:/home/joel/ros2_jazzy/install/ament_uncrustify:/home/joel/ros2_jazzy/install/tracetools_trace:/home/joel/ros2_jazzy/install/tracetools_read:/home/joel/ros2_jazzy/install/test_tracetools_launch:/home/joel/ros2_jazzy/install/test_ros2trace:/home/joel/ros2_jazzy/install/test_launch_ros:/home/joel/ros2_jazzy/install/rpyutils:/home/joel/ros2_jazzy/install/rosidl_runtime_py:/home/joel/ros2_jazzy/install/rosidl_pycommon:/home/joel/ros2_jazzy/install/rosidl_cli:/home/joel/ros2_jazzy/install/launch_pytest:/home/joel/ros2_jazzy/install/launch_testing:/home/joel/ros2_jazzy/install/launch_yaml:/home/joel/ros2_jazzy/install/launch_xml:/home/joel/ros2_jazzy/install/launch:/home/joel/ros2_jazzy/install/osrf_pycommon:/home/joel/ros2_jazzy/install/domain_coordinator:/home/joel/ros2_jazzy/install/ament_xmllint:/home/joel/ros2_jazzy/install/ament_pyflakes:/home/joel/ros2_jazzy/install/ament_pycodestyle:/home/joel/ros2_jazzy/install/ament_pep257:/home/joel/ros2_jazzy/install/ament_pclint:/home/joel/ros2_jazzy/install/ament_package:/home/joel/ros2_jazzy/install/ament_mypy:/home/joel/ros2_jazzy/install/ament_lint_cmake:/home/joel/ros2_jazzy/install/ament_flake8:/home/joel/ros2_jazzy/install/ament_copyright:/home/joel/ros2_jazzy/install/ament_lint:/home/joel/ros2_jazzy/install/ament_index_python:/home/joel/ros2_jazzy/install/ament_cpplint:/home/joel/ros2_jazzy/install/ament_cppcheck:/home/joel/ros2_jazzy/install/ament_clang_tidy:/home/joel/ros2_jazzy/install/ament_clang_format:/opt/ros/jazzy DEBUGINFOD_URLS=https://debuginfod.ubuntu.com /usr/bin/cmake --install /home/joel/vsC/Self-Driving-and-ROS-2-Learn-by-Doing-Plan-Navigation/Section3_Introduction_to_ROS_2/bumperbot_ws/build/bumperbot_firmware
[39.878s] Level 1:colcon.colcon_core.environment:create_environment_scripts_only(bumperbot_firmware)
[39.884s] Level 1:colcon.colcon_core.environment:checking '/home/joel/vsC/Self-Driving-and-ROS-2-Learn-by-Doing-Plan-Navigation/Section3_Introduction_to_ROS_2/bumperbot_ws/install/bumperbot_firmware' for CMake module files
[39.889s] Level 1:colcon.colcon_core.environment:checking '/home/joel/vsC/Self-Driving-and-ROS-2-Learn-by-Doing-Plan-Navigation/Section3_Introduction_to_ROS_2/bumperbot_ws/install/bumperbot_firmware' for CMake config files
[39.890s] Level 1:colcon.colcon_core.shell:create_environment_hook('bumperbot_firmware', 'cmake_prefix_path')
[39.885s] DEBUG:colcon.colcon_core.event_handler.log_command:Invoked command in '/home/joel/vsC/Self-Driving-and-ROS-2-Learn-by-Doing-Plan-Navigation/Section3_Introduction_to_ROS_2/bumperbot_ws/build/bumperbot_firmware' returned '0': CMAKE_PREFIX_PATH=${CMAKE_PREFIX_PATH}:/home/joel/ros2_jazzy/install/rqt_bag_plugins:/home/joel/ros2_jazzy/install/rqt_bag:/home/joel/ros2_jazzy/install/rosbag2_examples_py:/home/joel/ros2_jazzy/install/launch_testing_examples:/home/joel/ros2_jazzy/install/ros2bag:/home/joel/ros2_jazzy/install/tracetools_test:/home/joel/ros2_jazzy/install/tracetools_launch:/home/joel/ros2_jazzy/install/topic_monitor:/home/joel/ros2_jazzy/install/tf2_tools:/home/joel/ros2_jazzy/install/examples_tf2_py:/home/joel/ros2_jazzy/install/tf2_ros_py:/home/joel/ros2_jazzy/install/examples_rclpy_pointcloud_publisher:/home/joel/ros2_jazzy/install/sensor_msgs_py:/home/joel/ros2_jazzy/install/quality_of_service_demo_py:/home/joel/ros2_jazzy/install/camera_info_manager_py:/home/joel/ros2_jazzy/install/rqt_plot:/home/joel/ros2_jazzy/install/ros2doctor:/home/joel/ros2_jazzy/install/lifecycle_py:/home/joel/ros2_jazzy/install/examples_rclpy_minimal_subscriber:/home/joel/ros2_jazzy/install/examples_rclpy_minimal_service:/home/joel/ros2_jazzy/install/examples_rclpy_minimal_publisher:/home/joel/ros2_jazzy/install/examples_rclpy_minimal_client:/home/joel/ros2_jazzy/install/examples_rclpy_executors:/home/joel/ros2_jazzy/install/demo_nodes_py:/home/joel/ros2_jazzy/install/rqt:/home/joel/ros2_jazzy/install/ros2component:/home/joel/ros2_jazzy/install/sros2:/home/joel/ros2_jazzy/install/rqt_topic:/home/joel/ros2_jazzy/install/rqt_srv:/home/joel/ros2_jazzy/install/rqt_shell:/home/joel/ros2_jazzy/install/rqt_service_caller:/home/joel/ros2_jazzy/install/rqt_reconfigure:/home/joel/ros2_jazzy/install/rqt_py_console:/home/joel/ros2_jazzy/install/rqt_publisher:/home/joel/ros2_jazzy/install/rqt_action:/home/joel/ros2_jazzy/install/rqt_msg:/home/joel/ros2_jazzy/install/rqt_console:/home/joel/ros2_jazzy/install/rqt_graph:/home/joel/ros2_jazzy/install/rqt_gui_py:/home/joel/ros2_jazzy/install/rqt_gui:/home/joel/ros2_jazzy/install/ros2trace:/home/joel/ros2_jazzy/install/ros2topic:/home/joel/ros2_jazzy/install/ros2test:/home/joel/ros2_jazzy/install/ros2param:/home/joel/ros2_jazzy/install/ros2lifecycle:/home/joel/ros2_jazzy/install/ros2service:/home/joel/ros2_jazzy/install/ros2run:/home/joel/ros2_jazzy/install/ros2launch:/home/joel/ros2_jazzy/install/ros2pkg:/home/joel/ros2_jazzy/install/ros2node:/home/joel/ros2_jazzy/install/ros2multicast:/home/joel/ros2_jazzy/install/ros2interface:/home/joel/ros2_jazzy/install/ros2action:/home/joel/ros2_jazzy/install/ros2cli:/home/joel/ros2_jazzy/install/launch_testing_ros:/home/joel/ros2_jazzy/install/launch_ros:/home/joel/ros2_jazzy/install/examples_rclpy_minimal_action_server:/home/joel/ros2_jazzy/install/examples_rclpy_minimal_action_client:/home/joel/ros2_jazzy/install/examples_rclpy_guard_conditions:/home/joel/ros2_jazzy/install/action_tutorials_py:/home/joel/ros2_jazzy/install/ament_uncrustify:/home/joel/ros2_jazzy/install/tracetools_trace:/home/joel/ros2_jazzy/install/tracetools_read:/home/joel/ros2_jazzy/install/test_tracetools_launch:/home/joel/ros2_jazzy/install/test_ros2trace:/home/joel/ros2_jazzy/install/test_launch_ros:/home/joel/ros2_jazzy/install/rpyutils:/home/joel/ros2_jazzy/install/rosidl_runtime_py:/home/joel/ros2_jazzy/install/rosidl_pycommon:/home/joel/ros2_jazzy/install/rosidl_cli:/home/joel/ros2_jazzy/install/launch_pytest:/home/joel/ros2_jazzy/install/launch_testing:/home/joel/ros2_jazzy/install/launch_yaml:/home/joel/ros2_jazzy/install/launch_xml:/home/joel/ros2_jazzy/install/launch:/home/joel/ros2_jazzy/install/osrf_pycommon:/home/joel/ros2_jazzy/install/domain_coordinator:/home/joel/ros2_jazzy/install/ament_xmllint:/home/joel/ros2_jazzy/install/ament_pyflakes:/home/joel/ros2_jazzy/install/ament_pycodestyle:/home/joel/ros2_jazzy/install/ament_pep257:/home/joel/ros2_jazzy/install/ament_pclint:/home/joel/ros2_jazzy/install/ament_package:/home/joel/ros2_jazzy/install/ament_mypy:/home/joel/ros2_jazzy/install/ament_lint_cmake:/home/joel/ros2_jazzy/install/ament_flake8:/home/joel/ros2_jazzy/install/ament_copyright:/home/joel/ros2_jazzy/install/ament_lint:/home/joel/ros2_jazzy/install/ament_index_python:/home/joel/ros2_jazzy/install/ament_cpplint:/home/joel/ros2_jazzy/install/ament_cppcheck:/home/joel/ros2_jazzy/install/ament_clang_tidy:/home/joel/ros2_jazzy/install/ament_clang_format:/opt/ros/jazzy DEBUGINFOD_URLS=https://debuginfod.ubuntu.com /usr/bin/cmake --install /home/joel/vsC/Self-Driving-and-ROS-2-Learn-by-Doing-Plan-Navigation/Section3_Introduction_to_ROS_2/bumperbot_ws/build/bumperbot_firmware
[39.899s] INFO:colcon.colcon_core.shell:Creating environment hook '/home/joel/vsC/Self-Driving-and-ROS-2-Learn-by-Doing-Plan-Navigation/Section3_Introduction_to_ROS_2/bumperbot_ws/install/bumperbot_firmware/share/bumperbot_firmware/hook/cmake_prefix_path.ps1'
[39.911s] INFO:colcon.colcon_core.shell:Creating environment descriptor '/home/joel/vsC/Self-Driving-and-ROS-2-Learn-by-Doing-Plan-Navigation/Section3_Introduction_to_ROS_2/bumperbot_ws/install/bumperbot_firmware/share/bumperbot_firmware/hook/cmake_prefix_path.dsv'
[39.914s] INFO:colcon.colcon_core.shell:Creating environment hook '/home/joel/vsC/Self-Driving-and-ROS-2-Learn-by-Doing-Plan-Navigation/Section3_Introduction_to_ROS_2/bumperbot_ws/install/bumperbot_firmware/share/bumperbot_firmware/hook/cmake_prefix_path.sh'
[39.918s] Level 1:colcon.colcon_core.environment:checking '/home/joel/vsC/Self-Driving-and-ROS-2-Learn-by-Doing-Plan-Navigation/Section3_Introduction_to_ROS_2/bumperbot_ws/install/bumperbot_firmware/lib'
[39.921s] Level 1:colcon.colcon_core.shell:create_environment_hook('bumperbot_firmware', 'ld_library_path_lib')
[39.922s] INFO:colcon.colcon_core.shell:Creating environment hook '/home/joel/vsC/Self-Driving-and-ROS-2-Learn-by-Doing-Plan-Navigation/Section3_Introduction_to_ROS_2/bumperbot_ws/install/bumperbot_firmware/share/bumperbot_firmware/hook/ld_library_path_lib.ps1'
[39.923s] INFO:colcon.colcon_core.shell:Creating environment descriptor '/home/joel/vsC/Self-Driving-and-ROS-2-Learn-by-Doing-Plan-Navigation/Section3_Introduction_to_ROS_2/bumperbot_ws/install/bumperbot_firmware/share/bumperbot_firmware/hook/ld_library_path_lib.dsv'
[39.924s] INFO:colcon.colcon_core.shell:Creating environment hook '/home/joel/vsC/Self-Driving-and-ROS-2-Learn-by-Doing-Plan-Navigation/Section3_Introduction_to_ROS_2/bumperbot_ws/install/bumperbot_firmware/share/bumperbot_firmware/hook/ld_library_path_lib.sh'
[39.929s] Level 1:colcon.colcon_core.environment:checking '/home/joel/vsC/Self-Driving-and-ROS-2-Learn-by-Doing-Plan-Navigation/Section3_Introduction_to_ROS_2/bumperbot_ws/install/bumperbot_firmware/bin'
[39.929s] Level 1:colcon.colcon_core.environment:checking '/home/joel/vsC/Self-Driving-and-ROS-2-Learn-by-Doing-Plan-Navigation/Section3_Introduction_to_ROS_2/bumperbot_ws/install/bumperbot_firmware/lib/pkgconfig/bumperbot_firmware.pc'
[39.930s] Level 1:colcon.colcon_core.environment:checking '/home/joel/vsC/Self-Driving-and-ROS-2-Learn-by-Doing-Plan-Navigation/Section3_Introduction_to_ROS_2/bumperbot_ws/install/bumperbot_firmware/lib/python3.12/site-packages'
[39.930s] Level 1:colcon.colcon_core.shell:create_environment_hook('bumperbot_firmware', 'pythonpath')
[39.940s] INFO:colcon.colcon_core.shell:Creating environment hook '/home/joel/vsC/Self-Driving-and-ROS-2-Learn-by-Doing-Plan-Navigation/Section3_Introduction_to_ROS_2/bumperbot_ws/install/bumperbot_firmware/share/bumperbot_firmware/hook/pythonpath.ps1'
[39.942s] INFO:colcon.colcon_core.shell:Creating environment descriptor '/home/joel/vsC/Self-Driving-and-ROS-2-Learn-by-Doing-Plan-Navigation/Section3_Introduction_to_ROS_2/bumperbot_ws/install/bumperbot_firmware/share/bumperbot_firmware/hook/pythonpath.dsv'
[39.955s] INFO:colcon.colcon_core.shell:Creating environment hook '/home/joel/vsC/Self-Driving-and-ROS-2-Learn-by-Doing-Plan-Navigation/Section3_Introduction_to_ROS_2/bumperbot_ws/install/bumperbot_firmware/share/bumperbot_firmware/hook/pythonpath.sh'
[39.957s] Level 1:colcon.colcon_core.environment:checking '/home/joel/vsC/Self-Driving-and-ROS-2-Learn-by-Doing-Plan-Navigation/Section3_Introduction_to_ROS_2/bumperbot_ws/install/bumperbot_firmware/bin'
[39.972s] INFO:colcon.colcon_core.shell:Creating package script '/home/joel/vsC/Self-Driving-and-ROS-2-Learn-by-Doing-Plan-Navigation/Section3_Introduction_to_ROS_2/bumperbot_ws/install/bumperbot_firmware/share/bumperbot_firmware/package.ps1'
[39.977s] INFO:colcon.colcon_core.shell:Creating package descriptor '/home/joel/vsC/Self-Driving-and-ROS-2-Learn-by-Doing-Plan-Navigation/Section3_Introduction_to_ROS_2/bumperbot_ws/install/bumperbot_firmware/share/bumperbot_firmware/package.dsv'
[39.982s] INFO:colcon.colcon_core.shell:Creating package script '/home/joel/vsC/Self-Driving-and-ROS-2-Learn-by-Doing-Plan-Navigation/Section3_Introduction_to_ROS_2/bumperbot_ws/install/bumperbot_firmware/share/bumperbot_firmware/package.sh'
[39.988s] INFO:colcon.colcon_core.shell:Creating package script '/home/joel/vsC/Self-Driving-and-ROS-2-Learn-by-Doing-Plan-Navigation/Section3_Introduction_to_ROS_2/bumperbot_ws/install/bumperbot_firmware/share/bumperbot_firmware/package.bash'
[39.994s] INFO:colcon.colcon_core.shell:Creating package script '/home/joel/vsC/Self-Driving-and-ROS-2-Learn-by-Doing-Plan-Navigation/Section3_Introduction_to_ROS_2/bumperbot_ws/install/bumperbot_firmware/share/bumperbot_firmware/package.zsh'
[40.003s] Level 1:colcon.colcon_core.environment:create_file_with_runtime_dependencies(/home/joel/vsC/Self-Driving-and-ROS-2-Learn-by-Doing-Plan-Navigation/Section3_Introduction_to_ROS_2/bumperbot_ws/install/bumperbot_firmware/share/colcon-core/packages/bumperbot_firmware)
[40.005s] Level 1:colcon.colcon_core.environment:create_environment_scripts_only(bumperbot_firmware)
[40.006s] Level 1:colcon.colcon_core.environment:checking '/home/joel/vsC/Self-Driving-and-ROS-2-Learn-by-Doing-Plan-Navigation/Section3_Introduction_to_ROS_2/bumperbot_ws/install/bumperbot_firmware' for CMake module files
[40.008s] Level 1:colcon.colcon_core.environment:checking '/home/joel/vsC/Self-Driving-and-ROS-2-Learn-by-Doing-Plan-Navigation/Section3_Introduction_to_ROS_2/bumperbot_ws/install/bumperbot_firmware' for CMake config files
[40.009s] Level 1:colcon.colcon_core.shell:create_environment_hook('bumperbot_firmware', 'cmake_prefix_path')
[40.016s] INFO:colcon.colcon_core.shell:Creating environment hook '/home/joel/vsC/Self-Driving-and-ROS-2-Learn-by-Doing-Plan-Navigation/Section3_Introduction_to_ROS_2/bumperbot_ws/install/bumperbot_firmware/share/bumperbot_firmware/hook/cmake_prefix_path.ps1'
[40.024s] INFO:colcon.colcon_core.shell:Creating environment descriptor '/home/joel/vsC/Self-Driving-and-ROS-2-Learn-by-Doing-Plan-Navigation/Section3_Introduction_to_ROS_2/bumperbot_ws/install/bumperbot_firmware/share/bumperbot_firmware/hook/cmake_prefix_path.dsv'
[40.038s] INFO:colcon.colcon_core.shell:Creating environment hook '/home/joel/vsC/Self-Driving-and-ROS-2-Learn-by-Doing-Plan-Navigation/Section3_Introduction_to_ROS_2/bumperbot_ws/install/bumperbot_firmware/share/bumperbot_firmware/hook/cmake_prefix_path.sh'
[40.043s] Level 1:colcon.colcon_core.environment:checking '/home/joel/vsC/Self-Driving-and-ROS-2-Learn-by-Doing-Plan-Navigation/Section3_Introduction_to_ROS_2/bumperbot_ws/install/bumperbot_firmware/lib'
[40.044s] Level 1:colcon.colcon_core.shell:create_environment_hook('bumperbot_firmware', 'ld_library_path_lib')
[40.045s] INFO:colcon.colcon_core.shell:Creating environment hook '/home/joel/vsC/Self-Driving-and-ROS-2-Learn-by-Doing-Plan-Navigation/Section3_Introduction_to_ROS_2/bumperbot_ws/install/bumperbot_firmware/share/bumperbot_firmware/hook/ld_library_path_lib.ps1'
[40.050s] INFO:colcon.colcon_core.shell:Creating environment descriptor '/home/joel/vsC/Self-Driving-and-ROS-2-Learn-by-Doing-Plan-Navigation/Section3_Introduction_to_ROS_2/bumperbot_ws/install/bumperbot_firmware/share/bumperbot_firmware/hook/ld_library_path_lib.dsv'
[40.051s] INFO:colcon.colcon_core.shell:Creating environment hook '/home/joel/vsC/Self-Driving-and-ROS-2-Learn-by-Doing-Plan-Navigation/Section3_Introduction_to_ROS_2/bumperbot_ws/install/bumperbot_firmware/share/bumperbot_firmware/hook/ld_library_path_lib.sh'
[40.056s] Level 1:colcon.colcon_core.environment:checking '/home/joel/vsC/Self-Driving-and-ROS-2-Learn-by-Doing-Plan-Navigation/Section3_Introduction_to_ROS_2/bumperbot_ws/install/bumperbot_firmware/bin'
[40.056s] Level 1:colcon.colcon_core.environment:checking '/home/joel/vsC/Self-Driving-and-ROS-2-Learn-by-Doing-Plan-Navigation/Section3_Introduction_to_ROS_2/bumperbot_ws/install/bumperbot_firmware/lib/pkgconfig/bumperbot_firmware.pc'
[40.057s] Level 1:colcon.colcon_core.environment:checking '/home/joel/vsC/Self-Driving-and-ROS-2-Learn-by-Doing-Plan-Navigation/Section3_Introduction_to_ROS_2/bumperbot_ws/install/bumperbot_firmware/lib/python3.12/site-packages'
[40.057s] Level 1:colcon.colcon_core.shell:create_environment_hook('bumperbot_firmware', 'pythonpath')
[40.058s] INFO:colcon.colcon_core.shell:Creating environment hook '/home/joel/vsC/Self-Driving-and-ROS-2-Learn-by-Doing-Plan-Navigation/Section3_Introduction_to_ROS_2/bumperbot_ws/install/bumperbot_firmware/share/bumperbot_firmware/hook/pythonpath.ps1'
[40.061s] INFO:colcon.colcon_core.shell:Creating environment descriptor '/home/joel/vsC/Self-Driving-and-ROS-2-Learn-by-Doing-Plan-Navigation/Section3_Introduction_to_ROS_2/bumperbot_ws/install/bumperbot_firmware/share/bumperbot_firmware/hook/pythonpath.dsv'
[40.063s] INFO:colcon.colcon_core.shell:Creating environment hook '/home/joel/vsC/Self-Driving-and-ROS-2-Learn-by-Doing-Plan-Navigation/Section3_Introduction_to_ROS_2/bumperbot_ws/install/bumperbot_firmware/share/bumperbot_firmware/hook/pythonpath.sh'
[40.066s] Level 1:colcon.colcon_core.environment:checking '/home/joel/vsC/Self-Driving-and-ROS-2-Learn-by-Doing-Plan-Navigation/Section3_Introduction_to_ROS_2/bumperbot_ws/install/bumperbot_firmware/bin'
[40.067s] INFO:colcon.colcon_core.shell:Creating package script '/home/joel/vsC/Self-Driving-and-ROS-2-Learn-by-Doing-Plan-Navigation/Section3_Introduction_to_ROS_2/bumperbot_ws/install/bumperbot_firmware/share/bumperbot_firmware/package.ps1'
[40.071s] INFO:colcon.colcon_core.shell:Creating package descriptor '/home/joel/vsC/Self-Driving-and-ROS-2-Learn-by-Doing-Plan-Navigation/Section3_Introduction_to_ROS_2/bumperbot_ws/install/bumperbot_firmware/share/bumperbot_firmware/package.dsv'
[40.073s] INFO:colcon.colcon_core.shell:Creating package script '/home/joel/vsC/Self-Driving-and-ROS-2-Learn-by-Doing-Plan-Navigation/Section3_Introduction_to_ROS_2/bumperbot_ws/install/bumperbot_firmware/share/bumperbot_firmware/package.sh'
[40.078s] INFO:colcon.colcon_core.shell:Creating package script '/home/joel/vsC/Self-Driving-and-ROS-2-Learn-by-Doing-Plan-Navigation/Section3_Introduction_to_ROS_2/bumperbot_ws/install/bumperbot_firmware/share/bumperbot_firmware/package.bash'
[40.079s] INFO:colcon.colcon_core.shell:Creating package script '/home/joel/vsC/Self-Driving-and-ROS-2-Learn-by-Doing-Plan-Navigation/Section3_Introduction_to_ROS_2/bumperbot_ws/install/bumperbot_firmware/share/bumperbot_firmware/package.zsh'
[40.080s] Level 1:colcon.colcon_core.environment:create_file_with_runtime_dependencies(/home/joel/vsC/Self-Driving-and-ROS-2-Learn-by-Doing-Plan-Navigation/Section3_Introduction_to_ROS_2/bumperbot_ws/install/bumperbot_firmware/share/colcon-core/packages/bumperbot_firmware)
[46.385s] DEBUG:colcon.colcon_core.event_handler.log_command:Invoked command in '/home/joel/vsC/Self-Driving-and-ROS-2-Learn-by-Doing-Plan-Navigation/Section3_Introduction_to_ROS_2/bumperbot_ws/build/bumperbot_localization' returned '0': CMAKE_PREFIX_PATH=${CMAKE_PREFIX_PATH}:/home/joel/ros2_jazzy/install/rqt_bag_plugins:/home/joel/ros2_jazzy/install/rqt_bag:/home/joel/ros2_jazzy/install/rosbag2_examples_py:/home/joel/ros2_jazzy/install/launch_testing_examples:/home/joel/ros2_jazzy/install/ros2bag:/home/joel/ros2_jazzy/install/tracetools_test:/home/joel/ros2_jazzy/install/tracetools_launch:/home/joel/ros2_jazzy/install/topic_monitor:/home/joel/ros2_jazzy/install/tf2_tools:/home/joel/ros2_jazzy/install/examples_tf2_py:/home/joel/ros2_jazzy/install/tf2_ros_py:/home/joel/ros2_jazzy/install/examples_rclpy_pointcloud_publisher:/home/joel/ros2_jazzy/install/sensor_msgs_py:/home/joel/ros2_jazzy/install/quality_of_service_demo_py:/home/joel/ros2_jazzy/install/camera_info_manager_py:/home/joel/ros2_jazzy/install/rqt_plot:/home/joel/ros2_jazzy/install/ros2doctor:/home/joel/ros2_jazzy/install/lifecycle_py:/home/joel/ros2_jazzy/install/examples_rclpy_minimal_subscriber:/home/joel/ros2_jazzy/install/examples_rclpy_minimal_service:/home/joel/ros2_jazzy/install/examples_rclpy_minimal_publisher:/home/joel/ros2_jazzy/install/examples_rclpy_minimal_client:/home/joel/ros2_jazzy/install/examples_rclpy_executors:/home/joel/ros2_jazzy/install/demo_nodes_py:/home/joel/ros2_jazzy/install/rqt:/home/joel/ros2_jazzy/install/ros2component:/home/joel/ros2_jazzy/install/sros2:/home/joel/ros2_jazzy/install/rqt_topic:/home/joel/ros2_jazzy/install/rqt_srv:/home/joel/ros2_jazzy/install/rqt_shell:/home/joel/ros2_jazzy/install/rqt_service_caller:/home/joel/ros2_jazzy/install/rqt_reconfigure:/home/joel/ros2_jazzy/install/rqt_py_console:/home/joel/ros2_jazzy/install/rqt_publisher:/home/joel/ros2_jazzy/install/rqt_action:/home/joel/ros2_jazzy/install/rqt_msg:/home/joel/ros2_jazzy/install/rqt_console:/home/joel/ros2_jazzy/install/rqt_graph:/home/joel/ros2_jazzy/install/rqt_gui_py:/home/joel/ros2_jazzy/install/rqt_gui:/home/joel/ros2_jazzy/install/ros2trace:/home/joel/ros2_jazzy/install/ros2topic:/home/joel/ros2_jazzy/install/ros2test:/home/joel/ros2_jazzy/install/ros2param:/home/joel/ros2_jazzy/install/ros2lifecycle:/home/joel/ros2_jazzy/install/ros2service:/home/joel/ros2_jazzy/install/ros2run:/home/joel/ros2_jazzy/install/ros2launch:/home/joel/ros2_jazzy/install/ros2pkg:/home/joel/ros2_jazzy/install/ros2node:/home/joel/ros2_jazzy/install/ros2multicast:/home/joel/ros2_jazzy/install/ros2interface:/home/joel/ros2_jazzy/install/ros2action:/home/joel/ros2_jazzy/install/ros2cli:/home/joel/ros2_jazzy/install/launch_testing_ros:/home/joel/ros2_jazzy/install/launch_ros:/home/joel/ros2_jazzy/install/examples_rclpy_minimal_action_server:/home/joel/ros2_jazzy/install/examples_rclpy_minimal_action_client:/home/joel/ros2_jazzy/install/examples_rclpy_guard_conditions:/home/joel/ros2_jazzy/install/action_tutorials_py:/home/joel/ros2_jazzy/install/ament_uncrustify:/home/joel/ros2_jazzy/install/tracetools_trace:/home/joel/ros2_jazzy/install/tracetools_read:/home/joel/ros2_jazzy/install/test_tracetools_launch:/home/joel/ros2_jazzy/install/test_ros2trace:/home/joel/ros2_jazzy/install/test_launch_ros:/home/joel/ros2_jazzy/install/rpyutils:/home/joel/ros2_jazzy/install/rosidl_runtime_py:/home/joel/ros2_jazzy/install/rosidl_pycommon:/home/joel/ros2_jazzy/install/rosidl_cli:/home/joel/ros2_jazzy/install/launch_pytest:/home/joel/ros2_jazzy/install/launch_testing:/home/joel/ros2_jazzy/install/launch_yaml:/home/joel/ros2_jazzy/install/launch_xml:/home/joel/ros2_jazzy/install/launch:/home/joel/ros2_jazzy/install/osrf_pycommon:/home/joel/ros2_jazzy/install/domain_coordinator:/home/joel/ros2_jazzy/install/ament_xmllint:/home/joel/ros2_jazzy/install/ament_pyflakes:/home/joel/ros2_jazzy/install/ament_pycodestyle:/home/joel/ros2_jazzy/install/ament_pep257:/home/joel/ros2_jazzy/install/ament_pclint:/home/joel/ros2_jazzy/install/ament_package:/home/joel/ros2_jazzy/install/ament_mypy:/home/joel/ros2_jazzy/install/ament_lint_cmake:/home/joel/ros2_jazzy/install/ament_flake8:/home/joel/ros2_jazzy/install/ament_copyright:/home/joel/ros2_jazzy/install/ament_lint:/home/joel/ros2_jazzy/install/ament_index_python:/home/joel/ros2_jazzy/install/ament_cpplint:/home/joel/ros2_jazzy/install/ament_cppcheck:/home/joel/ros2_jazzy/install/ament_clang_tidy:/home/joel/ros2_jazzy/install/ament_clang_format:/opt/ros/jazzy DEBUGINFOD_URLS=https://debuginfod.ubuntu.com /usr/bin/cmake --build /home/joel/vsC/Self-Driving-and-ROS-2-Learn-by-Doing-Plan-Navigation/Section3_Introduction_to_ROS_2/bumperbot_ws/build/bumperbot_localization -- -j8 -l8
[46.390s] DEBUG:colcon.colcon_core.event_handler.log_command:Invoking command in '/home/joel/vsC/Self-Driving-and-ROS-2-Learn-by-Doing-Plan-Navigation/Section3_Introduction_to_ROS_2/bumperbot_ws/build/bumperbot_localization': CMAKE_PREFIX_PATH=${CMAKE_PREFIX_PATH}:/home/joel/ros2_jazzy/install/rqt_bag_plugins:/home/joel/ros2_jazzy/install/rqt_bag:/home/joel/ros2_jazzy/install/rosbag2_examples_py:/home/joel/ros2_jazzy/install/launch_testing_examples:/home/joel/ros2_jazzy/install/ros2bag:/home/joel/ros2_jazzy/install/tracetools_test:/home/joel/ros2_jazzy/install/tracetools_launch:/home/joel/ros2_jazzy/install/topic_monitor:/home/joel/ros2_jazzy/install/tf2_tools:/home/joel/ros2_jazzy/install/examples_tf2_py:/home/joel/ros2_jazzy/install/tf2_ros_py:/home/joel/ros2_jazzy/install/examples_rclpy_pointcloud_publisher:/home/joel/ros2_jazzy/install/sensor_msgs_py:/home/joel/ros2_jazzy/install/quality_of_service_demo_py:/home/joel/ros2_jazzy/install/camera_info_manager_py:/home/joel/ros2_jazzy/install/rqt_plot:/home/joel/ros2_jazzy/install/ros2doctor:/home/joel/ros2_jazzy/install/lifecycle_py:/home/joel/ros2_jazzy/install/examples_rclpy_minimal_subscriber:/home/joel/ros2_jazzy/install/examples_rclpy_minimal_service:/home/joel/ros2_jazzy/install/examples_rclpy_minimal_publisher:/home/joel/ros2_jazzy/install/examples_rclpy_minimal_client:/home/joel/ros2_jazzy/install/examples_rclpy_executors:/home/joel/ros2_jazzy/install/demo_nodes_py:/home/joel/ros2_jazzy/install/rqt:/home/joel/ros2_jazzy/install/ros2component:/home/joel/ros2_jazzy/install/sros2:/home/joel/ros2_jazzy/install/rqt_topic:/home/joel/ros2_jazzy/install/rqt_srv:/home/joel/ros2_jazzy/install/rqt_shell:/home/joel/ros2_jazzy/install/rqt_service_caller:/home/joel/ros2_jazzy/install/rqt_reconfigure:/home/joel/ros2_jazzy/install/rqt_py_console:/home/joel/ros2_jazzy/install/rqt_publisher:/home/joel/ros2_jazzy/install/rqt_action:/home/joel/ros2_jazzy/install/rqt_msg:/home/joel/ros2_jazzy/install/rqt_console:/home/joel/ros2_jazzy/install/rqt_graph:/home/joel/ros2_jazzy/install/rqt_gui_py:/home/joel/ros2_jazzy/install/rqt_gui:/home/joel/ros2_jazzy/install/ros2trace:/home/joel/ros2_jazzy/install/ros2topic:/home/joel/ros2_jazzy/install/ros2test:/home/joel/ros2_jazzy/install/ros2param:/home/joel/ros2_jazzy/install/ros2lifecycle:/home/joel/ros2_jazzy/install/ros2service:/home/joel/ros2_jazzy/install/ros2run:/home/joel/ros2_jazzy/install/ros2launch:/home/joel/ros2_jazzy/install/ros2pkg:/home/joel/ros2_jazzy/install/ros2node:/home/joel/ros2_jazzy/install/ros2multicast:/home/joel/ros2_jazzy/install/ros2interface:/home/joel/ros2_jazzy/install/ros2action:/home/joel/ros2_jazzy/install/ros2cli:/home/joel/ros2_jazzy/install/launch_testing_ros:/home/joel/ros2_jazzy/install/launch_ros:/home/joel/ros2_jazzy/install/examples_rclpy_minimal_action_server:/home/joel/ros2_jazzy/install/examples_rclpy_minimal_action_client:/home/joel/ros2_jazzy/install/examples_rclpy_guard_conditions:/home/joel/ros2_jazzy/install/action_tutorials_py:/home/joel/ros2_jazzy/install/ament_uncrustify:/home/joel/ros2_jazzy/install/tracetools_trace:/home/joel/ros2_jazzy/install/tracetools_read:/home/joel/ros2_jazzy/install/test_tracetools_launch:/home/joel/ros2_jazzy/install/test_ros2trace:/home/joel/ros2_jazzy/install/test_launch_ros:/home/joel/ros2_jazzy/install/rpyutils:/home/joel/ros2_jazzy/install/rosidl_runtime_py:/home/joel/ros2_jazzy/install/rosidl_pycommon:/home/joel/ros2_jazzy/install/rosidl_cli:/home/joel/ros2_jazzy/install/launch_pytest:/home/joel/ros2_jazzy/install/launch_testing:/home/joel/ros2_jazzy/install/launch_yaml:/home/joel/ros2_jazzy/install/launch_xml:/home/joel/ros2_jazzy/install/launch:/home/joel/ros2_jazzy/install/osrf_pycommon:/home/joel/ros2_jazzy/install/domain_coordinator:/home/joel/ros2_jazzy/install/ament_xmllint:/home/joel/ros2_jazzy/install/ament_pyflakes:/home/joel/ros2_jazzy/install/ament_pycodestyle:/home/joel/ros2_jazzy/install/ament_pep257:/home/joel/ros2_jazzy/install/ament_pclint:/home/joel/ros2_jazzy/install/ament_package:/home/joel/ros2_jazzy/install/ament_mypy:/home/joel/ros2_jazzy/install/ament_lint_cmake:/home/joel/ros2_jazzy/install/ament_flake8:/home/joel/ros2_jazzy/install/ament_copyright:/home/joel/ros2_jazzy/install/ament_lint:/home/joel/ros2_jazzy/install/ament_index_python:/home/joel/ros2_jazzy/install/ament_cpplint:/home/joel/ros2_jazzy/install/ament_cppcheck:/home/joel/ros2_jazzy/install/ament_clang_tidy:/home/joel/ros2_jazzy/install/ament_clang_format:/opt/ros/jazzy DEBUGINFOD_URLS=https://debuginfod.ubuntu.com /usr/bin/cmake --install /home/joel/vsC/Self-Driving-and-ROS-2-Learn-by-Doing-Plan-Navigation/Section3_Introduction_to_ROS_2/bumperbot_ws/build/bumperbot_localization
[46.788s] Level 1:colcon.colcon_core.environment:create_environment_scripts_only(bumperbot_localization)
[46.789s] Level 1:colcon.colcon_core.environment:checking '/home/joel/vsC/Self-Driving-and-ROS-2-Learn-by-Doing-Plan-Navigation/Section3_Introduction_to_ROS_2/bumperbot_ws/install/bumperbot_localization' for CMake module files
[46.790s] DEBUG:colcon.colcon_core.event_handler.log_command:Invoked command in '/home/joel/vsC/Self-Driving-and-ROS-2-Learn-by-Doing-Plan-Navigation/Section3_Introduction_to_ROS_2/bumperbot_ws/build/bumperbot_localization' returned '0': CMAKE_PREFIX_PATH=${CMAKE_PREFIX_PATH}:/home/joel/ros2_jazzy/install/rqt_bag_plugins:/home/joel/ros2_jazzy/install/rqt_bag:/home/joel/ros2_jazzy/install/rosbag2_examples_py:/home/joel/ros2_jazzy/install/launch_testing_examples:/home/joel/ros2_jazzy/install/ros2bag:/home/joel/ros2_jazzy/install/tracetools_test:/home/joel/ros2_jazzy/install/tracetools_launch:/home/joel/ros2_jazzy/install/topic_monitor:/home/joel/ros2_jazzy/install/tf2_tools:/home/joel/ros2_jazzy/install/examples_tf2_py:/home/joel/ros2_jazzy/install/tf2_ros_py:/home/joel/ros2_jazzy/install/examples_rclpy_pointcloud_publisher:/home/joel/ros2_jazzy/install/sensor_msgs_py:/home/joel/ros2_jazzy/install/quality_of_service_demo_py:/home/joel/ros2_jazzy/install/camera_info_manager_py:/home/joel/ros2_jazzy/install/rqt_plot:/home/joel/ros2_jazzy/install/ros2doctor:/home/joel/ros2_jazzy/install/lifecycle_py:/home/joel/ros2_jazzy/install/examples_rclpy_minimal_subscriber:/home/joel/ros2_jazzy/install/examples_rclpy_minimal_service:/home/joel/ros2_jazzy/install/examples_rclpy_minimal_publisher:/home/joel/ros2_jazzy/install/examples_rclpy_minimal_client:/home/joel/ros2_jazzy/install/examples_rclpy_executors:/home/joel/ros2_jazzy/install/demo_nodes_py:/home/joel/ros2_jazzy/install/rqt:/home/joel/ros2_jazzy/install/ros2component:/home/joel/ros2_jazzy/install/sros2:/home/joel/ros2_jazzy/install/rqt_topic:/home/joel/ros2_jazzy/install/rqt_srv:/home/joel/ros2_jazzy/install/rqt_shell:/home/joel/ros2_jazzy/install/rqt_service_caller:/home/joel/ros2_jazzy/install/rqt_reconfigure:/home/joel/ros2_jazzy/install/rqt_py_console:/home/joel/ros2_jazzy/install/rqt_publisher:/home/joel/ros2_jazzy/install/rqt_action:/home/joel/ros2_jazzy/install/rqt_msg:/home/joel/ros2_jazzy/install/rqt_console:/home/joel/ros2_jazzy/install/rqt_graph:/home/joel/ros2_jazzy/install/rqt_gui_py:/home/joel/ros2_jazzy/install/rqt_gui:/home/joel/ros2_jazzy/install/ros2trace:/home/joel/ros2_jazzy/install/ros2topic:/home/joel/ros2_jazzy/install/ros2test:/home/joel/ros2_jazzy/install/ros2param:/home/joel/ros2_jazzy/install/ros2lifecycle:/home/joel/ros2_jazzy/install/ros2service:/home/joel/ros2_jazzy/install/ros2run:/home/joel/ros2_jazzy/install/ros2launch:/home/joel/ros2_jazzy/install/ros2pkg:/home/joel/ros2_jazzy/install/ros2node:/home/joel/ros2_jazzy/install/ros2multicast:/home/joel/ros2_jazzy/install/ros2interface:/home/joel/ros2_jazzy/install/ros2action:/home/joel/ros2_jazzy/install/ros2cli:/home/joel/ros2_jazzy/install/launch_testing_ros:/home/joel/ros2_jazzy/install/launch_ros:/home/joel/ros2_jazzy/install/examples_rclpy_minimal_action_server:/home/joel/ros2_jazzy/install/examples_rclpy_minimal_action_client:/home/joel/ros2_jazzy/install/examples_rclpy_guard_conditions:/home/joel/ros2_jazzy/install/action_tutorials_py:/home/joel/ros2_jazzy/install/ament_uncrustify:/home/joel/ros2_jazzy/install/tracetools_trace:/home/joel/ros2_jazzy/install/tracetools_read:/home/joel/ros2_jazzy/install/test_tracetools_launch:/home/joel/ros2_jazzy/install/test_ros2trace:/home/joel/ros2_jazzy/install/test_launch_ros:/home/joel/ros2_jazzy/install/rpyutils:/home/joel/ros2_jazzy/install/rosidl_runtime_py:/home/joel/ros2_jazzy/install/rosidl_pycommon:/home/joel/ros2_jazzy/install/rosidl_cli:/home/joel/ros2_jazzy/install/launch_pytest:/home/joel/ros2_jazzy/install/launch_testing:/home/joel/ros2_jazzy/install/launch_yaml:/home/joel/ros2_jazzy/install/launch_xml:/home/joel/ros2_jazzy/install/launch:/home/joel/ros2_jazzy/install/osrf_pycommon:/home/joel/ros2_jazzy/install/domain_coordinator:/home/joel/ros2_jazzy/install/ament_xmllint:/home/joel/ros2_jazzy/install/ament_pyflakes:/home/joel/ros2_jazzy/install/ament_pycodestyle:/home/joel/ros2_jazzy/install/ament_pep257:/home/joel/ros2_jazzy/install/ament_pclint:/home/joel/ros2_jazzy/install/ament_package:/home/joel/ros2_jazzy/install/ament_mypy:/home/joel/ros2_jazzy/install/ament_lint_cmake:/home/joel/ros2_jazzy/install/ament_flake8:/home/joel/ros2_jazzy/install/ament_copyright:/home/joel/ros2_jazzy/install/ament_lint:/home/joel/ros2_jazzy/install/ament_index_python:/home/joel/ros2_jazzy/install/ament_cpplint:/home/joel/ros2_jazzy/install/ament_cppcheck:/home/joel/ros2_jazzy/install/ament_clang_tidy:/home/joel/ros2_jazzy/install/ament_clang_format:/opt/ros/jazzy DEBUGINFOD_URLS=https://debuginfod.ubuntu.com /usr/bin/cmake --install /home/joel/vsC/Self-Driving-and-ROS-2-Learn-by-Doing-Plan-Navigation/Section3_Introduction_to_ROS_2/bumperbot_ws/build/bumperbot_localization
[46.791s] Level 1:colcon.colcon_core.environment:checking '/home/joel/vsC/Self-Driving-and-ROS-2-Learn-by-Doing-Plan-Navigation/Section3_Introduction_to_ROS_2/bumperbot_ws/install/bumperbot_localization' for CMake config files
[46.792s] Level 1:colcon.colcon_core.shell:create_environment_hook('bumperbot_localization', 'cmake_prefix_path')
[46.794s] INFO:colcon.colcon_core.shell:Creating environment hook '/home/joel/vsC/Self-Driving-and-ROS-2-Learn-by-Doing-Plan-Navigation/Section3_Introduction_to_ROS_2/bumperbot_ws/install/bumperbot_localization/share/bumperbot_localization/hook/cmake_prefix_path.ps1'
[46.795s] INFO:colcon.colcon_core.shell:Creating environment descriptor '/home/joel/vsC/Self-Driving-and-ROS-2-Learn-by-Doing-Plan-Navigation/Section3_Introduction_to_ROS_2/bumperbot_ws/install/bumperbot_localization/share/bumperbot_localization/hook/cmake_prefix_path.dsv'
[46.796s] INFO:colcon.colcon_core.shell:Creating environment hook '/home/joel/vsC/Self-Driving-and-ROS-2-Learn-by-Doing-Plan-Navigation/Section3_Introduction_to_ROS_2/bumperbot_ws/install/bumperbot_localization/share/bumperbot_localization/hook/cmake_prefix_path.sh'
[46.797s] Level 1:colcon.colcon_core.environment:checking '/home/joel/vsC/Self-Driving-and-ROS-2-Learn-by-Doing-Plan-Navigation/Section3_Introduction_to_ROS_2/bumperbot_ws/install/bumperbot_localization/lib'
[46.797s] Level 1:colcon.colcon_core.environment:checking '/home/joel/vsC/Self-Driving-and-ROS-2-Learn-by-Doing-Plan-Navigation/Section3_Introduction_to_ROS_2/bumperbot_ws/install/bumperbot_localization/bin'
[46.798s] Level 1:colcon.colcon_core.shell:create_environment_hook('bumperbot_localization', 'path')
[46.799s] INFO:colcon.colcon_core.shell:Creating environment hook '/home/joel/vsC/Self-Driving-and-ROS-2-Learn-by-Doing-Plan-Navigation/Section3_Introduction_to_ROS_2/bumperbot_ws/install/bumperbot_localization/share/bumperbot_localization/hook/path.ps1'
[46.799s] INFO:colcon.colcon_core.shell:Creating environment descriptor '/home/joel/vsC/Self-Driving-and-ROS-2-Learn-by-Doing-Plan-Navigation/Section3_Introduction_to_ROS_2/bumperbot_ws/install/bumperbot_localization/share/bumperbot_localization/hook/path.dsv'
[46.800s] INFO:colcon.colcon_core.shell:Creating environment hook '/home/joel/vsC/Self-Driving-and-ROS-2-Learn-by-Doing-Plan-Navigation/Section3_Introduction_to_ROS_2/bumperbot_ws/install/bumperbot_localization/share/bumperbot_localization/hook/path.sh'
[46.801s] Level 1:colcon.colcon_core.environment:checking '/home/joel/vsC/Self-Driving-and-ROS-2-Learn-by-Doing-Plan-Navigation/Section3_Introduction_to_ROS_2/bumperbot_ws/install/bumperbot_localization/lib/pkgconfig/bumperbot_localization.pc'
[46.801s] Level 1:colcon.colcon_core.environment:checking '/home/joel/vsC/Self-Driving-and-ROS-2-Learn-by-Doing-Plan-Navigation/Section3_Introduction_to_ROS_2/bumperbot_ws/install/bumperbot_localization/lib/python3.12/site-packages'
[46.802s] Level 1:colcon.colcon_core.shell:create_environment_hook('bumperbot_localization', 'pythonpath')
[46.802s] INFO:colcon.colcon_core.shell:Creating environment hook '/home/joel/vsC/Self-Driving-and-ROS-2-Learn-by-Doing-Plan-Navigation/Section3_Introduction_to_ROS_2/bumperbot_ws/install/bumperbot_localization/share/bumperbot_localization/hook/pythonpath.ps1'
[46.803s] INFO:colcon.colcon_core.shell:Creating environment descriptor '/home/joel/vsC/Self-Driving-and-ROS-2-Learn-by-Doing-Plan-Navigation/Section3_Introduction_to_ROS_2/bumperbot_ws/install/bumperbot_localization/share/bumperbot_localization/hook/pythonpath.dsv'
[46.804s] INFO:colcon.colcon_core.shell:Creating environment hook '/home/joel/vsC/Self-Driving-and-ROS-2-Learn-by-Doing-Plan-Navigation/Section3_Introduction_to_ROS_2/bumperbot_ws/install/bumperbot_localization/share/bumperbot_localization/hook/pythonpath.sh'
[46.806s] Level 1:colcon.colcon_core.environment:checking '/home/joel/vsC/Self-Driving-and-ROS-2-Learn-by-Doing-Plan-Navigation/Section3_Introduction_to_ROS_2/bumperbot_ws/install/bumperbot_localization/bin'
[46.806s] Level 1:colcon.colcon_core.shell:create_environment_hook('bumperbot_localization', 'pythonscriptspath')
[46.807s] INFO:colcon.colcon_core.shell:Creating environment hook '/home/joel/vsC/Self-Driving-and-ROS-2-Learn-by-Doing-Plan-Navigation/Section3_Introduction_to_ROS_2/bumperbot_ws/install/bumperbot_localization/share/bumperbot_localization/hook/pythonscriptspath.ps1'
[46.808s] INFO:colcon.colcon_core.shell:Creating environment descriptor '/home/joel/vsC/Self-Driving-and-ROS-2-Learn-by-Doing-Plan-Navigation/Section3_Introduction_to_ROS_2/bumperbot_ws/install/bumperbot_localization/share/bumperbot_localization/hook/pythonscriptspath.dsv'
[46.810s] INFO:colcon.colcon_core.shell:Creating environment hook '/home/joel/vsC/Self-Driving-and-ROS-2-Learn-by-Doing-Plan-Navigation/Section3_Introduction_to_ROS_2/bumperbot_ws/install/bumperbot_localization/share/bumperbot_localization/hook/pythonscriptspath.sh'
[46.813s] INFO:colcon.colcon_core.shell:Creating package script '/home/joel/vsC/Self-Driving-and-ROS-2-Learn-by-Doing-Plan-Navigation/Section3_Introduction_to_ROS_2/bumperbot_ws/install/bumperbot_localization/share/bumperbot_localization/package.ps1'
[46.814s] INFO:colcon.colcon_core.shell:Creating package descriptor '/home/joel/vsC/Self-Driving-and-ROS-2-Learn-by-Doing-Plan-Navigation/Section3_Introduction_to_ROS_2/bumperbot_ws/install/bumperbot_localization/share/bumperbot_localization/package.dsv'
[46.815s] INFO:colcon.colcon_core.shell:Creating package script '/home/joel/vsC/Self-Driving-and-ROS-2-Learn-by-Doing-Plan-Navigation/Section3_Introduction_to_ROS_2/bumperbot_ws/install/bumperbot_localization/share/bumperbot_localization/package.sh'
[46.817s] INFO:colcon.colcon_core.shell:Creating package script '/home/joel/vsC/Self-Driving-and-ROS-2-Learn-by-Doing-Plan-Navigation/Section3_Introduction_to_ROS_2/bumperbot_ws/install/bumperbot_localization/share/bumperbot_localization/package.bash'
[46.817s] INFO:colcon.colcon_core.shell:Creating package script '/home/joel/vsC/Self-Driving-and-ROS-2-Learn-by-Doing-Plan-Navigation/Section3_Introduction_to_ROS_2/bumperbot_ws/install/bumperbot_localization/share/bumperbot_localization/package.zsh'
[46.818s] Level 1:colcon.colcon_core.environment:create_file_with_runtime_dependencies(/home/joel/vsC/Self-Driving-and-ROS-2-Learn-by-Doing-Plan-Navigation/Section3_Introduction_to_ROS_2/bumperbot_ws/install/bumperbot_localization/share/colcon-core/packages/bumperbot_localization)
[46.820s] Level 1:colcon.colcon_core.environment:create_environment_scripts_only(bumperbot_localization)
[46.821s] Level 1:colcon.colcon_core.environment:checking '/home/joel/vsC/Self-Driving-and-ROS-2-Learn-by-Doing-Plan-Navigation/Section3_Introduction_to_ROS_2/bumperbot_ws/install/bumperbot_localization' for CMake module files
[46.822s] Level 1:colcon.colcon_core.environment:checking '/home/joel/vsC/Self-Driving-and-ROS-2-Learn-by-Doing-Plan-Navigation/Section3_Introduction_to_ROS_2/bumperbot_ws/install/bumperbot_localization' for CMake config files
[46.823s] Level 1:colcon.colcon_core.shell:create_environment_hook('bumperbot_localization', 'cmake_prefix_path')
[46.823s] INFO:colcon.colcon_core.shell:Creating environment hook '/home/joel/vsC/Self-Driving-and-ROS-2-Learn-by-Doing-Plan-Navigation/Section3_Introduction_to_ROS_2/bumperbot_ws/install/bumperbot_localization/share/bumperbot_localization/hook/cmake_prefix_path.ps1'
[46.824s] INFO:colcon.colcon_core.shell:Creating environment descriptor '/home/joel/vsC/Self-Driving-and-ROS-2-Learn-by-Doing-Plan-Navigation/Section3_Introduction_to_ROS_2/bumperbot_ws/install/bumperbot_localization/share/bumperbot_localization/hook/cmake_prefix_path.dsv'
[46.825s] INFO:colcon.colcon_core.shell:Creating environment hook '/home/joel/vsC/Self-Driving-and-ROS-2-Learn-by-Doing-Plan-Navigation/Section3_Introduction_to_ROS_2/bumperbot_ws/install/bumperbot_localization/share/bumperbot_localization/hook/cmake_prefix_path.sh'
[46.826s] Level 1:colcon.colcon_core.environment:checking '/home/joel/vsC/Self-Driving-and-ROS-2-Learn-by-Doing-Plan-Navigation/Section3_Introduction_to_ROS_2/bumperbot_ws/install/bumperbot_localization/lib'
[46.827s] Level 1:colcon.colcon_core.environment:checking '/home/joel/vsC/Self-Driving-and-ROS-2-Learn-by-Doing-Plan-Navigation/Section3_Introduction_to_ROS_2/bumperbot_ws/install/bumperbot_localization/bin'
[46.827s] Level 1:colcon.colcon_core.shell:create_environment_hook('bumperbot_localization', 'path')
[46.827s] INFO:colcon.colcon_core.shell:Creating environment hook '/home/joel/vsC/Self-Driving-and-ROS-2-Learn-by-Doing-Plan-Navigation/Section3_Introduction_to_ROS_2/bumperbot_ws/install/bumperbot_localization/share/bumperbot_localization/hook/path.ps1'
[46.828s] INFO:colcon.colcon_core.shell:Creating environment descriptor '/home/joel/vsC/Self-Driving-and-ROS-2-Learn-by-Doing-Plan-Navigation/Section3_Introduction_to_ROS_2/bumperbot_ws/install/bumperbot_localization/share/bumperbot_localization/hook/path.dsv'
[46.829s] INFO:colcon.colcon_core.shell:Creating environment hook '/home/joel/vsC/Self-Driving-and-ROS-2-Learn-by-Doing-Plan-Navigation/Section3_Introduction_to_ROS_2/bumperbot_ws/install/bumperbot_localization/share/bumperbot_localization/hook/path.sh'
[46.830s] Level 1:colcon.colcon_core.environment:checking '/home/joel/vsC/Self-Driving-and-ROS-2-Learn-by-Doing-Plan-Navigation/Section3_Introduction_to_ROS_2/bumperbot_ws/install/bumperbot_localization/lib/pkgconfig/bumperbot_localization.pc'
[46.830s] Level 1:colcon.colcon_core.environment:checking '/home/joel/vsC/Self-Driving-and-ROS-2-Learn-by-Doing-Plan-Navigation/Section3_Introduction_to_ROS_2/bumperbot_ws/install/bumperbot_localization/lib/python3.12/site-packages'
[46.830s] Level 1:colcon.colcon_core.shell:create_environment_hook('bumperbot_localization', 'pythonpath')
[46.831s] INFO:colcon.colcon_core.shell:Creating environment hook '/home/joel/vsC/Self-Driving-and-ROS-2-Learn-by-Doing-Plan-Navigation/Section3_Introduction_to_ROS_2/bumperbot_ws/install/bumperbot_localization/share/bumperbot_localization/hook/pythonpath.ps1'
[46.832s] INFO:colcon.colcon_core.shell:Creating environment descriptor '/home/joel/vsC/Self-Driving-and-ROS-2-Learn-by-Doing-Plan-Navigation/Section3_Introduction_to_ROS_2/bumperbot_ws/install/bumperbot_localization/share/bumperbot_localization/hook/pythonpath.dsv'
[46.832s] INFO:colcon.colcon_core.shell:Creating environment hook '/home/joel/vsC/Self-Driving-and-ROS-2-Learn-by-Doing-Plan-Navigation/Section3_Introduction_to_ROS_2/bumperbot_ws/install/bumperbot_localization/share/bumperbot_localization/hook/pythonpath.sh'
[46.833s] Level 1:colcon.colcon_core.environment:checking '/home/joel/vsC/Self-Driving-and-ROS-2-Learn-by-Doing-Plan-Navigation/Section3_Introduction_to_ROS_2/bumperbot_ws/install/bumperbot_localization/bin'
[46.834s] Level 1:colcon.colcon_core.shell:create_environment_hook('bumperbot_localization', 'pythonscriptspath')
[46.834s] INFO:colcon.colcon_core.shell:Creating environment hook '/home/joel/vsC/Self-Driving-and-ROS-2-Learn-by-Doing-Plan-Navigation/Section3_Introduction_to_ROS_2/bumperbot_ws/install/bumperbot_localization/share/bumperbot_localization/hook/pythonscriptspath.ps1'
[46.835s] INFO:colcon.colcon_core.shell:Creating environment descriptor '/home/joel/vsC/Self-Driving-and-ROS-2-Learn-by-Doing-Plan-Navigation/Section3_Introduction_to_ROS_2/bumperbot_ws/install/bumperbot_localization/share/bumperbot_localization/hook/pythonscriptspath.dsv'
[46.836s] INFO:colcon.colcon_core.shell:Creating environment hook '/home/joel/vsC/Self-Driving-and-ROS-2-Learn-by-Doing-Plan-Navigation/Section3_Introduction_to_ROS_2/bumperbot_ws/install/bumperbot_localization/share/bumperbot_localization/hook/pythonscriptspath.sh'
[46.838s] INFO:colcon.colcon_core.shell:Creating package script '/home/joel/vsC/Self-Driving-and-ROS-2-Learn-by-Doing-Plan-Navigation/Section3_Introduction_to_ROS_2/bumperbot_ws/install/bumperbot_localization/share/bumperbot_localization/package.ps1'
[46.839s] INFO:colcon.colcon_core.shell:Creating package descriptor '/home/joel/vsC/Self-Driving-and-ROS-2-Learn-by-Doing-Plan-Navigation/Section3_Introduction_to_ROS_2/bumperbot_ws/install/bumperbot_localization/share/bumperbot_localization/package.dsv'
[46.841s] INFO:colcon.colcon_core.shell:Creating package script '/home/joel/vsC/Self-Driving-and-ROS-2-Learn-by-Doing-Plan-Navigation/Section3_Introduction_to_ROS_2/bumperbot_ws/install/bumperbot_localization/share/bumperbot_localization/package.sh'
[46.842s] INFO:colcon.colcon_core.shell:Creating package script '/home/joel/vsC/Self-Driving-and-ROS-2-Learn-by-Doing-Plan-Navigation/Section3_Introduction_to_ROS_2/bumperbot_ws/install/bumperbot_localization/share/bumperbot_localization/package.bash'
[46.844s] INFO:colcon.colcon_core.shell:Creating package script '/home/joel/vsC/Self-Driving-and-ROS-2-Learn-by-Doing-Plan-Navigation/Section3_Introduction_to_ROS_2/bumperbot_ws/install/bumperbot_localization/share/bumperbot_localization/package.zsh'
[46.845s] Level 1:colcon.colcon_core.environment:create_file_with_runtime_dependencies(/home/joel/vsC/Self-Driving-and-ROS-2-Learn-by-Doing-Plan-Navigation/Section3_Introduction_to_ROS_2/bumperbot_ws/install/bumperbot_localization/share/colcon-core/packages/bumperbot_localization)
[47.399s] DEBUG:colcon.colcon_core.event_handler.log_command:Invoked command in '/home/joel/vsC/Self-Driving-and-ROS-2-Learn-by-Doing-Plan-Navigation/Section3_Introduction_to_ROS_2/bumperbot_ws/build/bumperbot_msgs' returned '0': CMAKE_PREFIX_PATH=${CMAKE_PREFIX_PATH}:/home/joel/ros2_jazzy/install/rqt_bag_plugins:/home/joel/ros2_jazzy/install/rqt_bag:/home/joel/ros2_jazzy/install/rosbag2_examples_py:/home/joel/ros2_jazzy/install/launch_testing_examples:/home/joel/ros2_jazzy/install/ros2bag:/home/joel/ros2_jazzy/install/tracetools_test:/home/joel/ros2_jazzy/install/tracetools_launch:/home/joel/ros2_jazzy/install/topic_monitor:/home/joel/ros2_jazzy/install/tf2_tools:/home/joel/ros2_jazzy/install/examples_tf2_py:/home/joel/ros2_jazzy/install/tf2_ros_py:/home/joel/ros2_jazzy/install/examples_rclpy_pointcloud_publisher:/home/joel/ros2_jazzy/install/sensor_msgs_py:/home/joel/ros2_jazzy/install/quality_of_service_demo_py:/home/joel/ros2_jazzy/install/camera_info_manager_py:/home/joel/ros2_jazzy/install/rqt_plot:/home/joel/ros2_jazzy/install/ros2doctor:/home/joel/ros2_jazzy/install/lifecycle_py:/home/joel/ros2_jazzy/install/examples_rclpy_minimal_subscriber:/home/joel/ros2_jazzy/install/examples_rclpy_minimal_service:/home/joel/ros2_jazzy/install/examples_rclpy_minimal_publisher:/home/joel/ros2_jazzy/install/examples_rclpy_minimal_client:/home/joel/ros2_jazzy/install/examples_rclpy_executors:/home/joel/ros2_jazzy/install/demo_nodes_py:/home/joel/ros2_jazzy/install/rqt:/home/joel/ros2_jazzy/install/ros2component:/home/joel/ros2_jazzy/install/sros2:/home/joel/ros2_jazzy/install/rqt_topic:/home/joel/ros2_jazzy/install/rqt_srv:/home/joel/ros2_jazzy/install/rqt_shell:/home/joel/ros2_jazzy/install/rqt_service_caller:/home/joel/ros2_jazzy/install/rqt_reconfigure:/home/joel/ros2_jazzy/install/rqt_py_console:/home/joel/ros2_jazzy/install/rqt_publisher:/home/joel/ros2_jazzy/install/rqt_action:/home/joel/ros2_jazzy/install/rqt_msg:/home/joel/ros2_jazzy/install/rqt_console:/home/joel/ros2_jazzy/install/rqt_graph:/home/joel/ros2_jazzy/install/rqt_gui_py:/home/joel/ros2_jazzy/install/rqt_gui:/home/joel/ros2_jazzy/install/ros2trace:/home/joel/ros2_jazzy/install/ros2topic:/home/joel/ros2_jazzy/install/ros2test:/home/joel/ros2_jazzy/install/ros2param:/home/joel/ros2_jazzy/install/ros2lifecycle:/home/joel/ros2_jazzy/install/ros2service:/home/joel/ros2_jazzy/install/ros2run:/home/joel/ros2_jazzy/install/ros2launch:/home/joel/ros2_jazzy/install/ros2pkg:/home/joel/ros2_jazzy/install/ros2node:/home/joel/ros2_jazzy/install/ros2multicast:/home/joel/ros2_jazzy/install/ros2interface:/home/joel/ros2_jazzy/install/ros2action:/home/joel/ros2_jazzy/install/ros2cli:/home/joel/ros2_jazzy/install/launch_testing_ros:/home/joel/ros2_jazzy/install/launch_ros:/home/joel/ros2_jazzy/install/examples_rclpy_minimal_action_server:/home/joel/ros2_jazzy/install/examples_rclpy_minimal_action_client:/home/joel/ros2_jazzy/install/examples_rclpy_guard_conditions:/home/joel/ros2_jazzy/install/action_tutorials_py:/home/joel/ros2_jazzy/install/ament_uncrustify:/home/joel/ros2_jazzy/install/tracetools_trace:/home/joel/ros2_jazzy/install/tracetools_read:/home/joel/ros2_jazzy/install/test_tracetools_launch:/home/joel/ros2_jazzy/install/test_ros2trace:/home/joel/ros2_jazzy/install/test_launch_ros:/home/joel/ros2_jazzy/install/rpyutils:/home/joel/ros2_jazzy/install/rosidl_runtime_py:/home/joel/ros2_jazzy/install/rosidl_pycommon:/home/joel/ros2_jazzy/install/rosidl_cli:/home/joel/ros2_jazzy/install/launch_pytest:/home/joel/ros2_jazzy/install/launch_testing:/home/joel/ros2_jazzy/install/launch_yaml:/home/joel/ros2_jazzy/install/launch_xml:/home/joel/ros2_jazzy/install/launch:/home/joel/ros2_jazzy/install/osrf_pycommon:/home/joel/ros2_jazzy/install/domain_coordinator:/home/joel/ros2_jazzy/install/ament_xmllint:/home/joel/ros2_jazzy/install/ament_pyflakes:/home/joel/ros2_jazzy/install/ament_pycodestyle:/home/joel/ros2_jazzy/install/ament_pep257:/home/joel/ros2_jazzy/install/ament_pclint:/home/joel/ros2_jazzy/install/ament_package:/home/joel/ros2_jazzy/install/ament_mypy:/home/joel/ros2_jazzy/install/ament_lint_cmake:/home/joel/ros2_jazzy/install/ament_flake8:/home/joel/ros2_jazzy/install/ament_copyright:/home/joel/ros2_jazzy/install/ament_lint:/home/joel/ros2_jazzy/install/ament_index_python:/home/joel/ros2_jazzy/install/ament_cpplint:/home/joel/ros2_jazzy/install/ament_cppcheck:/home/joel/ros2_jazzy/install/ament_clang_tidy:/home/joel/ros2_jazzy/install/ament_clang_format:/opt/ros/jazzy DEBUGINFOD_URLS=https://debuginfod.ubuntu.com /usr/bin/cmake --build /home/joel/vsC/Self-Driving-and-ROS-2-Learn-by-Doing-Plan-Navigation/Section3_Introduction_to_ROS_2/bumperbot_ws/build/bumperbot_msgs -- -j8 -l8
[47.401s] DEBUG:colcon.colcon_core.event_handler.log_command:Invoking command in '/home/joel/vsC/Self-Driving-and-ROS-2-Learn-by-Doing-Plan-Navigation/Section3_Introduction_to_ROS_2/bumperbot_ws/build/bumperbot_msgs': CMAKE_PREFIX_PATH=${CMAKE_PREFIX_PATH}:/home/joel/ros2_jazzy/install/rqt_bag_plugins:/home/joel/ros2_jazzy/install/rqt_bag:/home/joel/ros2_jazzy/install/rosbag2_examples_py:/home/joel/ros2_jazzy/install/launch_testing_examples:/home/joel/ros2_jazzy/install/ros2bag:/home/joel/ros2_jazzy/install/tracetools_test:/home/joel/ros2_jazzy/install/tracetools_launch:/home/joel/ros2_jazzy/install/topic_monitor:/home/joel/ros2_jazzy/install/tf2_tools:/home/joel/ros2_jazzy/install/examples_tf2_py:/home/joel/ros2_jazzy/install/tf2_ros_py:/home/joel/ros2_jazzy/install/examples_rclpy_pointcloud_publisher:/home/joel/ros2_jazzy/install/sensor_msgs_py:/home/joel/ros2_jazzy/install/quality_of_service_demo_py:/home/joel/ros2_jazzy/install/camera_info_manager_py:/home/joel/ros2_jazzy/install/rqt_plot:/home/joel/ros2_jazzy/install/ros2doctor:/home/joel/ros2_jazzy/install/lifecycle_py:/home/joel/ros2_jazzy/install/examples_rclpy_minimal_subscriber:/home/joel/ros2_jazzy/install/examples_rclpy_minimal_service:/home/joel/ros2_jazzy/install/examples_rclpy_minimal_publisher:/home/joel/ros2_jazzy/install/examples_rclpy_minimal_client:/home/joel/ros2_jazzy/install/examples_rclpy_executors:/home/joel/ros2_jazzy/install/demo_nodes_py:/home/joel/ros2_jazzy/install/rqt:/home/joel/ros2_jazzy/install/ros2component:/home/joel/ros2_jazzy/install/sros2:/home/joel/ros2_jazzy/install/rqt_topic:/home/joel/ros2_jazzy/install/rqt_srv:/home/joel/ros2_jazzy/install/rqt_shell:/home/joel/ros2_jazzy/install/rqt_service_caller:/home/joel/ros2_jazzy/install/rqt_reconfigure:/home/joel/ros2_jazzy/install/rqt_py_console:/home/joel/ros2_jazzy/install/rqt_publisher:/home/joel/ros2_jazzy/install/rqt_action:/home/joel/ros2_jazzy/install/rqt_msg:/home/joel/ros2_jazzy/install/rqt_console:/home/joel/ros2_jazzy/install/rqt_graph:/home/joel/ros2_jazzy/install/rqt_gui_py:/home/joel/ros2_jazzy/install/rqt_gui:/home/joel/ros2_jazzy/install/ros2trace:/home/joel/ros2_jazzy/install/ros2topic:/home/joel/ros2_jazzy/install/ros2test:/home/joel/ros2_jazzy/install/ros2param:/home/joel/ros2_jazzy/install/ros2lifecycle:/home/joel/ros2_jazzy/install/ros2service:/home/joel/ros2_jazzy/install/ros2run:/home/joel/ros2_jazzy/install/ros2launch:/home/joel/ros2_jazzy/install/ros2pkg:/home/joel/ros2_jazzy/install/ros2node:/home/joel/ros2_jazzy/install/ros2multicast:/home/joel/ros2_jazzy/install/ros2interface:/home/joel/ros2_jazzy/install/ros2action:/home/joel/ros2_jazzy/install/ros2cli:/home/joel/ros2_jazzy/install/launch_testing_ros:/home/joel/ros2_jazzy/install/launch_ros:/home/joel/ros2_jazzy/install/examples_rclpy_minimal_action_server:/home/joel/ros2_jazzy/install/examples_rclpy_minimal_action_client:/home/joel/ros2_jazzy/install/examples_rclpy_guard_conditions:/home/joel/ros2_jazzy/install/action_tutorials_py:/home/joel/ros2_jazzy/install/ament_uncrustify:/home/joel/ros2_jazzy/install/tracetools_trace:/home/joel/ros2_jazzy/install/tracetools_read:/home/joel/ros2_jazzy/install/test_tracetools_launch:/home/joel/ros2_jazzy/install/test_ros2trace:/home/joel/ros2_jazzy/install/test_launch_ros:/home/joel/ros2_jazzy/install/rpyutils:/home/joel/ros2_jazzy/install/rosidl_runtime_py:/home/joel/ros2_jazzy/install/rosidl_pycommon:/home/joel/ros2_jazzy/install/rosidl_cli:/home/joel/ros2_jazzy/install/launch_pytest:/home/joel/ros2_jazzy/install/launch_testing:/home/joel/ros2_jazzy/install/launch_yaml:/home/joel/ros2_jazzy/install/launch_xml:/home/joel/ros2_jazzy/install/launch:/home/joel/ros2_jazzy/install/osrf_pycommon:/home/joel/ros2_jazzy/install/domain_coordinator:/home/joel/ros2_jazzy/install/ament_xmllint:/home/joel/ros2_jazzy/install/ament_pyflakes:/home/joel/ros2_jazzy/install/ament_pycodestyle:/home/joel/ros2_jazzy/install/ament_pep257:/home/joel/ros2_jazzy/install/ament_pclint:/home/joel/ros2_jazzy/install/ament_package:/home/joel/ros2_jazzy/install/ament_mypy:/home/joel/ros2_jazzy/install/ament_lint_cmake:/home/joel/ros2_jazzy/install/ament_flake8:/home/joel/ros2_jazzy/install/ament_copyright:/home/joel/ros2_jazzy/install/ament_lint:/home/joel/ros2_jazzy/install/ament_index_python:/home/joel/ros2_jazzy/install/ament_cpplint:/home/joel/ros2_jazzy/install/ament_cppcheck:/home/joel/ros2_jazzy/install/ament_clang_tidy:/home/joel/ros2_jazzy/install/ament_clang_format:/opt/ros/jazzy DEBUGINFOD_URLS=https://debuginfod.ubuntu.com /usr/bin/cmake --install /home/joel/vsC/Self-Driving-and-ROS-2-Learn-by-Doing-Plan-Navigation/Section3_Introduction_to_ROS_2/bumperbot_ws/build/bumperbot_msgs
[47.680s] Level 1:colcon.colcon_core.environment:create_environment_scripts_only(bumperbot_msgs)
[47.681s] Level 1:colcon.colcon_core.environment:checking '/home/joel/vsC/Self-Driving-and-ROS-2-Learn-by-Doing-Plan-Navigation/Section3_Introduction_to_ROS_2/bumperbot_ws/install/bumperbot_msgs' for CMake module files
[47.682s] DEBUG:colcon.colcon_core.event_handler.log_command:Invoked command in '/home/joel/vsC/Self-Driving-and-ROS-2-Learn-by-Doing-Plan-Navigation/Section3_Introduction_to_ROS_2/bumperbot_ws/build/bumperbot_msgs' returned '0': CMAKE_PREFIX_PATH=${CMAKE_PREFIX_PATH}:/home/joel/ros2_jazzy/install/rqt_bag_plugins:/home/joel/ros2_jazzy/install/rqt_bag:/home/joel/ros2_jazzy/install/rosbag2_examples_py:/home/joel/ros2_jazzy/install/launch_testing_examples:/home/joel/ros2_jazzy/install/ros2bag:/home/joel/ros2_jazzy/install/tracetools_test:/home/joel/ros2_jazzy/install/tracetools_launch:/home/joel/ros2_jazzy/install/topic_monitor:/home/joel/ros2_jazzy/install/tf2_tools:/home/joel/ros2_jazzy/install/examples_tf2_py:/home/joel/ros2_jazzy/install/tf2_ros_py:/home/joel/ros2_jazzy/install/examples_rclpy_pointcloud_publisher:/home/joel/ros2_jazzy/install/sensor_msgs_py:/home/joel/ros2_jazzy/install/quality_of_service_demo_py:/home/joel/ros2_jazzy/install/camera_info_manager_py:/home/joel/ros2_jazzy/install/rqt_plot:/home/joel/ros2_jazzy/install/ros2doctor:/home/joel/ros2_jazzy/install/lifecycle_py:/home/joel/ros2_jazzy/install/examples_rclpy_minimal_subscriber:/home/joel/ros2_jazzy/install/examples_rclpy_minimal_service:/home/joel/ros2_jazzy/install/examples_rclpy_minimal_publisher:/home/joel/ros2_jazzy/install/examples_rclpy_minimal_client:/home/joel/ros2_jazzy/install/examples_rclpy_executors:/home/joel/ros2_jazzy/install/demo_nodes_py:/home/joel/ros2_jazzy/install/rqt:/home/joel/ros2_jazzy/install/ros2component:/home/joel/ros2_jazzy/install/sros2:/home/joel/ros2_jazzy/install/rqt_topic:/home/joel/ros2_jazzy/install/rqt_srv:/home/joel/ros2_jazzy/install/rqt_shell:/home/joel/ros2_jazzy/install/rqt_service_caller:/home/joel/ros2_jazzy/install/rqt_reconfigure:/home/joel/ros2_jazzy/install/rqt_py_console:/home/joel/ros2_jazzy/install/rqt_publisher:/home/joel/ros2_jazzy/install/rqt_action:/home/joel/ros2_jazzy/install/rqt_msg:/home/joel/ros2_jazzy/install/rqt_console:/home/joel/ros2_jazzy/install/rqt_graph:/home/joel/ros2_jazzy/install/rqt_gui_py:/home/joel/ros2_jazzy/install/rqt_gui:/home/joel/ros2_jazzy/install/ros2trace:/home/joel/ros2_jazzy/install/ros2topic:/home/joel/ros2_jazzy/install/ros2test:/home/joel/ros2_jazzy/install/ros2param:/home/joel/ros2_jazzy/install/ros2lifecycle:/home/joel/ros2_jazzy/install/ros2service:/home/joel/ros2_jazzy/install/ros2run:/home/joel/ros2_jazzy/install/ros2launch:/home/joel/ros2_jazzy/install/ros2pkg:/home/joel/ros2_jazzy/install/ros2node:/home/joel/ros2_jazzy/install/ros2multicast:/home/joel/ros2_jazzy/install/ros2interface:/home/joel/ros2_jazzy/install/ros2action:/home/joel/ros2_jazzy/install/ros2cli:/home/joel/ros2_jazzy/install/launch_testing_ros:/home/joel/ros2_jazzy/install/launch_ros:/home/joel/ros2_jazzy/install/examples_rclpy_minimal_action_server:/home/joel/ros2_jazzy/install/examples_rclpy_minimal_action_client:/home/joel/ros2_jazzy/install/examples_rclpy_guard_conditions:/home/joel/ros2_jazzy/install/action_tutorials_py:/home/joel/ros2_jazzy/install/ament_uncrustify:/home/joel/ros2_jazzy/install/tracetools_trace:/home/joel/ros2_jazzy/install/tracetools_read:/home/joel/ros2_jazzy/install/test_tracetools_launch:/home/joel/ros2_jazzy/install/test_ros2trace:/home/joel/ros2_jazzy/install/test_launch_ros:/home/joel/ros2_jazzy/install/rpyutils:/home/joel/ros2_jazzy/install/rosidl_runtime_py:/home/joel/ros2_jazzy/install/rosidl_pycommon:/home/joel/ros2_jazzy/install/rosidl_cli:/home/joel/ros2_jazzy/install/launch_pytest:/home/joel/ros2_jazzy/install/launch_testing:/home/joel/ros2_jazzy/install/launch_yaml:/home/joel/ros2_jazzy/install/launch_xml:/home/joel/ros2_jazzy/install/launch:/home/joel/ros2_jazzy/install/osrf_pycommon:/home/joel/ros2_jazzy/install/domain_coordinator:/home/joel/ros2_jazzy/install/ament_xmllint:/home/joel/ros2_jazzy/install/ament_pyflakes:/home/joel/ros2_jazzy/install/ament_pycodestyle:/home/joel/ros2_jazzy/install/ament_pep257:/home/joel/ros2_jazzy/install/ament_pclint:/home/joel/ros2_jazzy/install/ament_package:/home/joel/ros2_jazzy/install/ament_mypy:/home/joel/ros2_jazzy/install/ament_lint_cmake:/home/joel/ros2_jazzy/install/ament_flake8:/home/joel/ros2_jazzy/install/ament_copyright:/home/joel/ros2_jazzy/install/ament_lint:/home/joel/ros2_jazzy/install/ament_index_python:/home/joel/ros2_jazzy/install/ament_cpplint:/home/joel/ros2_jazzy/install/ament_cppcheck:/home/joel/ros2_jazzy/install/ament_clang_tidy:/home/joel/ros2_jazzy/install/ament_clang_format:/opt/ros/jazzy DEBUGINFOD_URLS=https://debuginfod.ubuntu.com /usr/bin/cmake --install /home/joel/vsC/Self-Driving-and-ROS-2-Learn-by-Doing-Plan-Navigation/Section3_Introduction_to_ROS_2/bumperbot_ws/build/bumperbot_msgs
[47.683s] Level 1:colcon.colcon_core.environment:checking '/home/joel/vsC/Self-Driving-and-ROS-2-Learn-by-Doing-Plan-Navigation/Section3_Introduction_to_ROS_2/bumperbot_ws/install/bumperbot_msgs' for CMake config files
[47.684s] Level 1:colcon.colcon_core.shell:create_environment_hook('bumperbot_msgs', 'cmake_prefix_path')
[47.684s] INFO:colcon.colcon_core.shell:Creating environment hook '/home/joel/vsC/Self-Driving-and-ROS-2-Learn-by-Doing-Plan-Navigation/Section3_Introduction_to_ROS_2/bumperbot_ws/install/bumperbot_msgs/share/bumperbot_msgs/hook/cmake_prefix_path.ps1'
[47.685s] INFO:colcon.colcon_core.shell:Creating environment descriptor '/home/joel/vsC/Self-Driving-and-ROS-2-Learn-by-Doing-Plan-Navigation/Section3_Introduction_to_ROS_2/bumperbot_ws/install/bumperbot_msgs/share/bumperbot_msgs/hook/cmake_prefix_path.dsv'
[47.686s] INFO:colcon.colcon_core.shell:Creating environment hook '/home/joel/vsC/Self-Driving-and-ROS-2-Learn-by-Doing-Plan-Navigation/Section3_Introduction_to_ROS_2/bumperbot_ws/install/bumperbot_msgs/share/bumperbot_msgs/hook/cmake_prefix_path.sh'
[47.686s] Level 1:colcon.colcon_core.environment:checking '/home/joel/vsC/Self-Driving-and-ROS-2-Learn-by-Doing-Plan-Navigation/Section3_Introduction_to_ROS_2/bumperbot_ws/install/bumperbot_msgs/lib'
[47.687s] Level 1:colcon.colcon_core.shell:create_environment_hook('bumperbot_msgs', 'ld_library_path_lib')
[47.687s] INFO:colcon.colcon_core.shell:Creating environment hook '/home/joel/vsC/Self-Driving-and-ROS-2-Learn-by-Doing-Plan-Navigation/Section3_Introduction_to_ROS_2/bumperbot_ws/install/bumperbot_msgs/share/bumperbot_msgs/hook/ld_library_path_lib.ps1'
[47.688s] INFO:colcon.colcon_core.shell:Creating environment descriptor '/home/joel/vsC/Self-Driving-and-ROS-2-Learn-by-Doing-Plan-Navigation/Section3_Introduction_to_ROS_2/bumperbot_ws/install/bumperbot_msgs/share/bumperbot_msgs/hook/ld_library_path_lib.dsv'
[47.688s] INFO:colcon.colcon_core.shell:Creating environment hook '/home/joel/vsC/Self-Driving-and-ROS-2-Learn-by-Doing-Plan-Navigation/Section3_Introduction_to_ROS_2/bumperbot_ws/install/bumperbot_msgs/share/bumperbot_msgs/hook/ld_library_path_lib.sh'
[47.689s] Level 1:colcon.colcon_core.environment:checking '/home/joel/vsC/Self-Driving-and-ROS-2-Learn-by-Doing-Plan-Navigation/Section3_Introduction_to_ROS_2/bumperbot_ws/install/bumperbot_msgs/bin'
[47.689s] Level 1:colcon.colcon_core.environment:checking '/home/joel/vsC/Self-Driving-and-ROS-2-Learn-by-Doing-Plan-Navigation/Section3_Introduction_to_ROS_2/bumperbot_ws/install/bumperbot_msgs/lib/pkgconfig/bumperbot_msgs.pc'
[47.689s] Level 1:colcon.colcon_core.environment:checking '/home/joel/vsC/Self-Driving-and-ROS-2-Learn-by-Doing-Plan-Navigation/Section3_Introduction_to_ROS_2/bumperbot_ws/install/bumperbot_msgs/lib/python3.12/site-packages'
[47.690s] Level 1:colcon.colcon_core.shell:create_environment_hook('bumperbot_msgs', 'pythonpath')
[47.690s] INFO:colcon.colcon_core.shell:Creating environment hook '/home/joel/vsC/Self-Driving-and-ROS-2-Learn-by-Doing-Plan-Navigation/Section3_Introduction_to_ROS_2/bumperbot_ws/install/bumperbot_msgs/share/bumperbot_msgs/hook/pythonpath.ps1'
[47.691s] INFO:colcon.colcon_core.shell:Creating environment descriptor '/home/joel/vsC/Self-Driving-and-ROS-2-Learn-by-Doing-Plan-Navigation/Section3_Introduction_to_ROS_2/bumperbot_ws/install/bumperbot_msgs/share/bumperbot_msgs/hook/pythonpath.dsv'
[47.691s] INFO:colcon.colcon_core.shell:Creating environment hook '/home/joel/vsC/Self-Driving-and-ROS-2-Learn-by-Doing-Plan-Navigation/Section3_Introduction_to_ROS_2/bumperbot_ws/install/bumperbot_msgs/share/bumperbot_msgs/hook/pythonpath.sh'
[47.692s] Level 1:colcon.colcon_core.environment:checking '/home/joel/vsC/Self-Driving-and-ROS-2-Learn-by-Doing-Plan-Navigation/Section3_Introduction_to_ROS_2/bumperbot_ws/install/bumperbot_msgs/bin'
[47.693s] INFO:colcon.colcon_core.shell:Creating package script '/home/joel/vsC/Self-Driving-and-ROS-2-Learn-by-Doing-Plan-Navigation/Section3_Introduction_to_ROS_2/bumperbot_ws/install/bumperbot_msgs/share/bumperbot_msgs/package.ps1'
[47.694s] INFO:colcon.colcon_core.shell:Creating package descriptor '/home/joel/vsC/Self-Driving-and-ROS-2-Learn-by-Doing-Plan-Navigation/Section3_Introduction_to_ROS_2/bumperbot_ws/install/bumperbot_msgs/share/bumperbot_msgs/package.dsv'
[47.695s] INFO:colcon.colcon_core.shell:Creating package script '/home/joel/vsC/Self-Driving-and-ROS-2-Learn-by-Doing-Plan-Navigation/Section3_Introduction_to_ROS_2/bumperbot_ws/install/bumperbot_msgs/share/bumperbot_msgs/package.sh'
[47.696s] INFO:colcon.colcon_core.shell:Creating package script '/home/joel/vsC/Self-Driving-and-ROS-2-Learn-by-Doing-Plan-Navigation/Section3_Introduction_to_ROS_2/bumperbot_ws/install/bumperbot_msgs/share/bumperbot_msgs/package.bash'
[47.696s] INFO:colcon.colcon_core.shell:Creating package script '/home/joel/vsC/Self-Driving-and-ROS-2-Learn-by-Doing-Plan-Navigation/Section3_Introduction_to_ROS_2/bumperbot_ws/install/bumperbot_msgs/share/bumperbot_msgs/package.zsh'
[47.697s] Level 1:colcon.colcon_core.environment:create_file_with_runtime_dependencies(/home/joel/vsC/Self-Driving-and-ROS-2-Learn-by-Doing-Plan-Navigation/Section3_Introduction_to_ROS_2/bumperbot_ws/install/bumperbot_msgs/share/colcon-core/packages/bumperbot_msgs)
[47.698s] Level 1:colcon.colcon_core.environment:create_environment_scripts_only(bumperbot_msgs)
[47.699s] Level 1:colcon.colcon_core.environment:checking '/home/joel/vsC/Self-Driving-and-ROS-2-Learn-by-Doing-Plan-Navigation/Section3_Introduction_to_ROS_2/bumperbot_ws/install/bumperbot_msgs' for CMake module files
[47.700s] Level 1:colcon.colcon_core.environment:checking '/home/joel/vsC/Self-Driving-and-ROS-2-Learn-by-Doing-Plan-Navigation/Section3_Introduction_to_ROS_2/bumperbot_ws/install/bumperbot_msgs' for CMake config files
[47.701s] Level 1:colcon.colcon_core.shell:create_environment_hook('bumperbot_msgs', 'cmake_prefix_path')
[47.702s] INFO:colcon.colcon_core.shell:Creating environment hook '/home/joel/vsC/Self-Driving-and-ROS-2-Learn-by-Doing-Plan-Navigation/Section3_Introduction_to_ROS_2/bumperbot_ws/install/bumperbot_msgs/share/bumperbot_msgs/hook/cmake_prefix_path.ps1'
[47.703s] INFO:colcon.colcon_core.shell:Creating environment descriptor '/home/joel/vsC/Self-Driving-and-ROS-2-Learn-by-Doing-Plan-Navigation/Section3_Introduction_to_ROS_2/bumperbot_ws/install/bumperbot_msgs/share/bumperbot_msgs/hook/cmake_prefix_path.dsv'
[47.703s] INFO:colcon.colcon_core.shell:Creating environment hook '/home/joel/vsC/Self-Driving-and-ROS-2-Learn-by-Doing-Plan-Navigation/Section3_Introduction_to_ROS_2/bumperbot_ws/install/bumperbot_msgs/share/bumperbot_msgs/hook/cmake_prefix_path.sh'
[47.704s] Level 1:colcon.colcon_core.environment:checking '/home/joel/vsC/Self-Driving-and-ROS-2-Learn-by-Doing-Plan-Navigation/Section3_Introduction_to_ROS_2/bumperbot_ws/install/bumperbot_msgs/lib'
[47.704s] Level 1:colcon.colcon_core.shell:create_environment_hook('bumperbot_msgs', 'ld_library_path_lib')
[47.705s] INFO:colcon.colcon_core.shell:Creating environment hook '/home/joel/vsC/Self-Driving-and-ROS-2-Learn-by-Doing-Plan-Navigation/Section3_Introduction_to_ROS_2/bumperbot_ws/install/bumperbot_msgs/share/bumperbot_msgs/hook/ld_library_path_lib.ps1'
[47.706s] INFO:colcon.colcon_core.shell:Creating environment descriptor '/home/joel/vsC/Self-Driving-and-ROS-2-Learn-by-Doing-Plan-Navigation/Section3_Introduction_to_ROS_2/bumperbot_ws/install/bumperbot_msgs/share/bumperbot_msgs/hook/ld_library_path_lib.dsv'
[47.706s] INFO:colcon.colcon_core.shell:Creating environment hook '/home/joel/vsC/Self-Driving-and-ROS-2-Learn-by-Doing-Plan-Navigation/Section3_Introduction_to_ROS_2/bumperbot_ws/install/bumperbot_msgs/share/bumperbot_msgs/hook/ld_library_path_lib.sh'
[47.707s] Level 1:colcon.colcon_core.environment:checking '/home/joel/vsC/Self-Driving-and-ROS-2-Learn-by-Doing-Plan-Navigation/Section3_Introduction_to_ROS_2/bumperbot_ws/install/bumperbot_msgs/bin'
[47.707s] Level 1:colcon.colcon_core.environment:checking '/home/joel/vsC/Self-Driving-and-ROS-2-Learn-by-Doing-Plan-Navigation/Section3_Introduction_to_ROS_2/bumperbot_ws/install/bumperbot_msgs/lib/pkgconfig/bumperbot_msgs.pc'
[47.707s] Level 1:colcon.colcon_core.environment:checking '/home/joel/vsC/Self-Driving-and-ROS-2-Learn-by-Doing-Plan-Navigation/Section3_Introduction_to_ROS_2/bumperbot_ws/install/bumperbot_msgs/lib/python3.12/site-packages'
[47.708s] Level 1:colcon.colcon_core.shell:create_environment_hook('bumperbot_msgs', 'pythonpath')
[47.708s] INFO:colcon.colcon_core.shell:Creating environment hook '/home/joel/vsC/Self-Driving-and-ROS-2-Learn-by-Doing-Plan-Navigation/Section3_Introduction_to_ROS_2/bumperbot_ws/install/bumperbot_msgs/share/bumperbot_msgs/hook/pythonpath.ps1'
[47.710s] INFO:colcon.colcon_core.shell:Creating environment descriptor '/home/joel/vsC/Self-Driving-and-ROS-2-Learn-by-Doing-Plan-Navigation/Section3_Introduction_to_ROS_2/bumperbot_ws/install/bumperbot_msgs/share/bumperbot_msgs/hook/pythonpath.dsv'
[47.710s] INFO:colcon.colcon_core.shell:Creating environment hook '/home/joel/vsC/Self-Driving-and-ROS-2-Learn-by-Doing-Plan-Navigation/Section3_Introduction_to_ROS_2/bumperbot_ws/install/bumperbot_msgs/share/bumperbot_msgs/hook/pythonpath.sh'
[47.711s] Level 1:colcon.colcon_core.environment:checking '/home/joel/vsC/Self-Driving-and-ROS-2-Learn-by-Doing-Plan-Navigation/Section3_Introduction_to_ROS_2/bumperbot_ws/install/bumperbot_msgs/bin'
[47.713s] INFO:colcon.colcon_core.shell:Creating package script '/home/joel/vsC/Self-Driving-and-ROS-2-Learn-by-Doing-Plan-Navigation/Section3_Introduction_to_ROS_2/bumperbot_ws/install/bumperbot_msgs/share/bumperbot_msgs/package.ps1'
[47.715s] INFO:colcon.colcon_core.shell:Creating package descriptor '/home/joel/vsC/Self-Driving-and-ROS-2-Learn-by-Doing-Plan-Navigation/Section3_Introduction_to_ROS_2/bumperbot_ws/install/bumperbot_msgs/share/bumperbot_msgs/package.dsv'
[47.716s] INFO:colcon.colcon_core.shell:Creating package script '/home/joel/vsC/Self-Driving-and-ROS-2-Learn-by-Doing-Plan-Navigation/Section3_Introduction_to_ROS_2/bumperbot_ws/install/bumperbot_msgs/share/bumperbot_msgs/package.sh'
[47.717s] INFO:colcon.colcon_core.shell:Creating package script '/home/joel/vsC/Self-Driving-and-ROS-2-Learn-by-Doing-Plan-Navigation/Section3_Introduction_to_ROS_2/bumperbot_ws/install/bumperbot_msgs/share/bumperbot_msgs/package.bash'
[47.718s] INFO:colcon.colcon_core.shell:Creating package script '/home/joel/vsC/Self-Driving-and-ROS-2-Learn-by-Doing-Plan-Navigation/Section3_Introduction_to_ROS_2/bumperbot_ws/install/bumperbot_msgs/share/bumperbot_msgs/package.zsh'
[47.719s] Level 1:colcon.colcon_core.environment:create_file_with_runtime_dependencies(/home/joel/vsC/Self-Driving-and-ROS-2-Learn-by-Doing-Plan-Navigation/Section3_Introduction_to_ROS_2/bumperbot_ws/install/bumperbot_msgs/share/colcon-core/packages/bumperbot_msgs)
[47.721s] INFO:colcon.colcon_ros.task.ament_cmake.build:Building ROS package in '/home/joel/vsC/Self-Driving-and-ROS-2-Learn-by-Doing-Plan-Navigation/Section3_Introduction_to_ROS_2/bumperbot_ws/src/bumperbot_cpp_examples' with build type 'ament_cmake'
[47.722s] INFO:colcon.colcon_cmake.task.cmake.build:Building CMake package in '/home/joel/vsC/Self-Driving-and-ROS-2-Learn-by-Doing-Plan-Navigation/Section3_Introduction_to_ROS_2/bumperbot_ws/src/bumperbot_cpp_examples'
[47.723s] INFO:colcon.colcon_core.shell:Skip shell extension 'powershell' for command environment: Not usable outside of PowerShell
[47.723s] DEBUG:colcon.colcon_core.shell:Skip shell extension 'dsv' for command environment
[47.878s] INFO:colcon.colcon_ros.task.ament_python.build:Building ROS package in '/home/joel/vsC/Self-Driving-and-ROS-2-Learn-by-Doing-Plan-Navigation/Section3_Introduction_to_ROS_2/bumperbot_ws/src/bumperbot_py_examples' with build type 'ament_python'
[47.878s] Level 1:colcon.colcon_core.shell:create_environment_hook('bumperbot_py_examples', 'ament_prefix_path')
[47.879s] INFO:colcon.colcon_core.shell:Creating environment hook '/home/joel/vsC/Self-Driving-and-ROS-2-Learn-by-Doing-Plan-Navigation/Section3_Introduction_to_ROS_2/bumperbot_ws/install/bumperbot_py_examples/share/bumperbot_py_examples/hook/ament_prefix_path.ps1'
[47.881s] INFO:colcon.colcon_core.shell:Creating environment descriptor '/home/joel/vsC/Self-Driving-and-ROS-2-Learn-by-Doing-Plan-Navigation/Section3_Introduction_to_ROS_2/bumperbot_ws/install/bumperbot_py_examples/share/bumperbot_py_examples/hook/ament_prefix_path.dsv'
[47.881s] INFO:colcon.colcon_core.shell:Creating environment hook '/home/joel/vsC/Self-Driving-and-ROS-2-Learn-by-Doing-Plan-Navigation/Section3_Introduction_to_ROS_2/bumperbot_ws/install/bumperbot_py_examples/share/bumperbot_py_examples/hook/ament_prefix_path.sh'
[47.883s] INFO:colcon.colcon_core.shell:Skip shell extension 'powershell' for command environment: Not usable outside of PowerShell
[47.883s] DEBUG:colcon.colcon_core.shell:Skip shell extension 'dsv' for command environment
[47.946s] DEBUG:colcon.colcon_core.event_handler.log_command:Invoking command in '/home/joel/vsC/Self-Driving-and-ROS-2-Learn-by-Doing-Plan-Navigation/Section3_Introduction_to_ROS_2/bumperbot_ws/build/bumperbot_cpp_examples': AMENT_PREFIX_PATH=/home/joel/vsC/Self-Driving-and-ROS-2-Learn-by-Doing-Plan-Navigation/Section3_Introduction_to_ROS_2/bumperbot_ws/install/bumperbot_msgs:${AMENT_PREFIX_PATH} CMAKE_PREFIX_PATH=/home/joel/vsC/Self-Driving-and-ROS-2-Learn-by-Doing-Plan-Navigation/Section3_Introduction_to_ROS_2/bumperbot_ws/install/bumperbot_msgs:/home/joel/ros2_jazzy/install/rosbag2:/home/joel/ros2_jazzy/install/rosbag2_storage_default_plugins:/home/joel/ros2_jazzy/install/rosbag2_storage_mcap:/home/joel/ros2_jazzy/install/rosbag2_compression_zstd:/home/joel/ros2_jazzy/install/mcap_vendor:/home/joel/ros2_jazzy/install/zstd_vendor:/home/joel/ros2_jazzy/install/rviz_visual_testing_framework:/home/joel/ros2_jazzy/install/rviz2:/home/joel/ros2_jazzy/install/rviz_default_plugins:/home/joel/ros2_jazzy/install/rviz_common:/home/joel/ros2_jazzy/install/rosbag2_py:/home/joel/ros2_jazzy/install/rosbag2_transport:/home/joel/ros2_jazzy/install/rosbag2_storage_sqlite3:/home/joel/ros2_jazzy/install/rosbag2_examples_cpp:/home/joel/ros2_jazzy/install/rosbag2_compression:/home/joel/ros2_jazzy/install/rosbag2_cpp:/home/joel/ros2_jazzy/install/rosbag2_storage:/home/joel/ros2_jazzy/install/image_common:/home/joel/ros2_jazzy/install/camera_info_manager:/home/joel/ros2_jazzy/install/camera_calibration_parsers:/home/joel/ros2_jazzy/install/yaml_cpp_vendor:/home/joel/ros2_jazzy/install/interactive_markers:/home/joel/ros2_jazzy/install/common_interfaces:/home/joel/ros2_jazzy/install/visualization_msgs:/home/joel/ros2_jazzy/install/mobile_robot:/home/joel/ros2_jazzy/install/dummy_robot_bringup:/home/joel/ros2_jazzy/install/robot_state_publisher:/home/joel/ros2_jazzy/install/kdl_parser:/home/joel/ros2_jazzy/install/urdf:/home/joel/ros2_jazzy/install/urdfdom:/home/joel/ros2_jazzy/install/urdf_parser_plugin:/home/joel/ros2_jazzy/install/urdfdom_headers:/home/joel/ros2_jazzy/install/turtlesim:/home/joel/ros2_jazzy/install/trajectory_msgs:/home/joel/ros2_jazzy/install/topic_statistics_demo:/home/joel/ros2_jazzy/install/pendulum_control:/home/joel/ros2_jazzy/install/tlsf_cpp:/home/joel/ros2_jazzy/install/geometry2:/home/joel/ros2_jazzy/install/tf2_sensor_msgs:/home/joel/ros2_jazzy/install/test_tf2:/home/joel/ros2_jazzy/install/tf2_kdl:/home/joel/ros2_jazzy/install/tf2_geometry_msgs:/home/joel/ros2_jazzy/install/tf2_eigen:/home/joel/ros2_jazzy/install/tf2_bullet:/home/joel/ros2_jazzy/install/tf2_ros:/home/joel/ros2_jazzy/install/tf2_py:/home/joel/ros2_jazzy/install/tf2_msgs:/home/joel/ros2_jazzy/install/tf2_eigen_kdl:/home/joel/ros2_jazzy/install/laser_geometry:/home/joel/ros2_jazzy/install/tf2:/home/joel/ros2_jazzy/install/test_tracetools:/home/joel/ros2_jazzy/install/rosbag2_test_common:/home/joel/ros2_jazzy/install/test_msgs:/home/joel/ros2_jazzy/install/test_communication:/home/joel/ros2_jazzy/install/stereo_msgs:/home/joel/ros2_jazzy/install/std_srvs:/home/joel/ros2_jazzy/install/shape_msgs:/home/joel/ros2_jazzy/install/quality_of_service_demo_cpp:/home/joel/ros2_jazzy/install/point_cloud_transport_py:/home/joel/ros2_jazzy/install/point_cloud_transport:/home/joel/ros2_jazzy/install/map_msgs:/home/joel/ros2_jazzy/install/intra_process_demo:/home/joel/ros2_jazzy/install/image_transport:/home/joel/ros2_jazzy/install/image_tools:/home/joel/ros2_jazzy/install/dummy_sensors:/home/joel/ros2_jazzy/install/sensor_msgs:/home/joel/ros2_jazzy/install/ros2cli_common_extensions:/home/joel/ros2_jazzy/install/dummy_map_server:/home/joel/ros2_jazzy/install/nav_msgs:/home/joel/ros2_jazzy/install/message_filters:/home/joel/ros2_jazzy/install/logging_demo:/home/joel/ros2_jazzy/install/lifecycle:/home/joel/ros2_jazzy/install/diagnostic_msgs:/home/joel/ros2_jazzy/install/geometry_msgs:/home/joel/ros2_jazzy/install/examples_rclcpp_wait_set:/home/joel/ros2_jazzy/install/examples_rclcpp_multithreaded_executor:/home/joel/ros2_jazzy/install/examples_rclcpp_minimal_subscriber:/home/joel/ros2_jazzy/install/examples_rclcpp_minimal_publisher:/home/joel/ros2_jazzy/install/examples_rclcpp_minimal_composition:/home/joel/ros2_jazzy/install/examples_rclcpp_cbg_executor:/home/joel/ros2_jazzy/install/demo_nodes_cpp_native:/home/joel/ros2_jazzy/install/demo_nodes_cpp:/home/joel/ros2_jazzy/install/composition:/home/joel/ros2_jazzy/install/actionlib_msgs:/home/joel/ros2_jazzy/install/std_msgs:/home/joel/ros2_jazzy/install/rqt_gui_cpp:/home/joel/ros2_jazzy/install/ros2lifecycle_test_fixtures:/home/joel/ros2_jazzy/install/rclcpp_lifecycle:/home/joel/ros2_jazzy/install/action_tutorials_cpp:/home/joel/ros2_jazzy/install/rclcpp_components:/home/joel/ros2_jazzy/install/examples_rclcpp_minimal_action_server:/home/joel/ros2_jazzy/install/examples_rclcpp_minimal_action_client:/home/joel/ros2_jazzy/install/rclcpp_action:/home/joel/ros2_jazzy/install/examples_rclcpp_minimal_timer:/home/joel/ros2_jazzy/install/examples_rclcpp_minimal_service:/home/joel/ros2_jazzy/install/examples_rclcpp_minimal_client:/home/joel/ros2_jazzy/install/examples_rclcpp_async_client:/home/joel/ros2_jazzy/install/rclcpp:/home/joel/ros2_jazzy/install/libstatistics_collector:/home/joel/ros2_jazzy/install/statistics_msgs:/home/joel/ros2_jazzy/install/sros2_cmake:/home/joel/ros2_jazzy/install/rqt_py_common:/home/joel/ros2_jazzy/install/ros_testing:/home/joel/ros2_jazzy/install/rclpy:/home/joel/ros2_jazzy/install/rosgraph_msgs:/home/joel/ros2_jazzy/install/rosbag2_interfaces:/home/joel/ros2_jazzy/install/ros2cli_test_interfaces:/home/joel/ros2_jazzy/install/rcl_lifecycle:/home/joel/ros2_jazzy/install/rcl_action:/home/joel/ros2_jazzy/install/rcl:/home/joel/ros2_jazzy/install/rmw_implementation:/home/joel/ros2_jazzy/install/rmw_fastrtps_dynamic_cpp:/home/joel/ros2_jazzy/install/rmw_fastrtps_cpp:/home/joel/ros2_jazzy/install/rmw_fastrtps_shared_cpp:/home/joel/ros2_jazzy/install/rmw_cyclonedds_cpp:/home/joel/ros2_jazzy/install/rmw_connextddsmicro:/home/joel/ros2_jazzy/install/rmw_connextdds:/home/joel/ros2_jazzy/install/rmw_connextdds_common:/home/joel/ros2_jazzy/install/rmw_dds_common:/home/joel/ros2_jazzy/install/composition_interfaces:/home/joel/ros2_jazzy/install/rcl_interfaces:/home/joel/ros2_jazzy/install/pendulum_msgs:/home/joel/ros2_jazzy/install/lifecycle_msgs:/home/joel/ros2_jazzy/install/example_interfaces:/home/joel/ros2_jazzy/install/action_tutorials_interfaces:/home/joel/ros2_jazzy/install/rosidl_default_runtime:/home/joel/ros2_jazzy/install/rosidl_default_generators:/home/joel/ros2_jazzy/install/action_msgs:/home/joel/ros2_jazzy/install/unique_identifier_msgs:/home/joel/ros2_jazzy/install/type_description_interfaces:/home/joel/ros2_jazzy/install/service_msgs:/home/joel/ros2_jazzy/install/builtin_interfaces:/home/joel/ros2_jazzy/install/rosidl_core_runtime:/home/joel/ros2_jazzy/install/rosidl_core_generators:/home/joel/ros2_jazzy/install/rosidl_generator_py:/home/joel/ros2_jazzy/install/ament_lint_common:/home/joel/ros2_jazzy/install/ament_cmake_uncrustify:/home/joel/ros2_jazzy/install/uncrustify_vendor:/home/joel/ros2_jazzy/install/tracetools:/home/joel/ros2_jazzy/install/tlsf:/home/joel/ros2_jazzy/install/qt_gui_core:/home/joel/ros2_jazzy/install/qt_gui_cpp:/home/joel/ros2_jazzy/install/pluginlib:/home/joel/ros2_jazzy/install/tinyxml2_vendor:/home/joel/ros2_jazzy/install/test_security:/home/joel/ros2_jazzy/install/test_rmw_implementation:/home/joel/ros2_jazzy/install/test_rclcpp:/home/joel/ros2_jazzy/install/test_quality_of_service:/home/joel/ros2_jazzy/install/test_launch_testing:/home/joel/ros2_jazzy/install/test_interface_files:/home/joel/ros2_jazzy/install/test_cli_remapping:/home/joel/ros2_jazzy/install/test_cli:/home/joel/ros2_jazzy/install/qt_gui_app:/home/joel/ros2_jazzy/install/qt_gui:/home/joel/ros2_jazzy/install/tango_icons_vendor:/home/joel/ros2_jazzy/install/sqlite3_vendor:/home/joel/ros2_jazzy/install/rcl_logging_spdlog:/home/joel/ros2_jazzy/install/spdlog_vendor:/home/joel/ros2_jazzy/install/shared_queues_vendor:/home/joel/ros2_jazzy/install/rviz_rendering_tests:/home/joel/ros2_jazzy/install/rviz_rendering:/home/joel/ros2_jazzy/install/rviz_ogre_vendor:/home/joel/ros2_jazzy/install/rviz_assimp_vendor:/home/joel/ros2_jazzy/install/rttest:/home/joel/ros2_jazzy/install/rti_connext_dds_cmake_module:/home/joel/ros2_jazzy/install/lttngpy:/home/joel/ros2_jazzy/install/rosidl_typesupport_tests:/home/joel/ros2_jazzy/install/rosidl_typesupport_introspection_tests:/home/joel/ros2_jazzy/install/rosidl_typesupport_cpp:/home/joel/ros2_jazzy/install/rosidl_typesupport_introspection_cpp:/home/joel/ros2_jazzy/install/rosidl_typesupport_c:/home/joel/ros2_jazzy/install/rosidl_typesupport_introspection_c:/home/joel/ros2_jazzy/install/rosidl_typesupport_fastrtps_c:/home/joel/ros2_jazzy/install/rosidl_typesupport_fastrtps_cpp:/home/joel/ros2_jazzy/install/rosidl_generator_cpp:/home/joel/ros2_jazzy/install/rosidl_runtime_cpp:/home/joel/ros2_jazzy/install/rosidl_dynamic_typesupport_fastrtps:/home/joel/ros2_jazzy/install/rcl_yaml_param_parser:/home/joel/ros2_jazzy/install/rmw:/home/joel/ros2_jazzy/install/rosidl_dynamic_typesupport:/home/joel/ros2_jazzy/install/rosidl_runtime_c:/home/joel/ros2_jazzy/install/rosidl_generator_c:/home/joel/ros2_jazzy/install/rosidl_typesupport_interface:/home/joel/ros2_jazzy/install/rosidl_generator_dds_idl:/home/joel/ros2_jazzy/install/rosidl_cmake:/home/joel/ros2_jazzy/install/rosidl_generator_type_description:/home/joel/ros2_jazzy/install/rosidl_parser:/home/joel/ros2_jazzy/install/rosidl_generator_tests:/home/joel/ros2_jazzy/install/rosidl_adapter:/home/joel/ros2_jazzy/install/rosbag2_tests:/home/joel/ros2_jazzy/install/rosbag2_test_msgdefs:/home/joel/ros2_jazzy/install/ros_environment:/home/joel/ros2_jazzy/install/rmw_implementation_cmake:/home/joel/ros2_jazzy/install/resource_retriever:/home/joel/ros2_jazzy/install/class_loader:/home/joel/ros2_jazzy/install/rcpputils:/home/joel/ros2_jazzy/install/rcl_logging_noop:/home/joel/ros2_jazzy/install/rcl_logging_interface:/home/joel/ros2_jazzy/install/rcutils:/home/joel/ros2_jazzy/install/qt_gui_py_common:/home/joel/ros2_jazzy/install/qt_dotgraph:/home/joel/ros2_jazzy/install/python_qt_binding:/home/joel/ros2_jazzy/install/python_orocos_kdl_vendor:/home/joel/ros2_jazzy/install/launch_testing_ament_cmake:/home/joel/ros2_jazzy/install/python_cmake_module:/home/joel/ros2_jazzy/install/pybind11_vendor:/home/joel/ros2_jazzy/install/performance_test_fixture:/home/joel/ros2_jazzy/install/osrf_testing_tools_cpp:/home/joel/ros2_jazzy/install/orocos_kdl_vendor:/home/joel/ros2_jazzy/install/mimick_vendor:/home/joel/ros2_jazzy/install/libyaml_vendor:/home/joel/ros2_jazzy/install/liblz4_vendor:/home/joel/ros2_jazzy/install/libcurl_vendor:/home/joel/ros2_jazzy/install/keyboard_handler:/home/joel/ros2_jazzy/install/iceoryx_introspection:/home/joel/ros2_jazzy/install/cyclonedds:/home/joel/ros2_jazzy/install/iceoryx_posh:/home/joel/ros2_jazzy/install/iceoryx_hoofs:/home/joel/ros2_jazzy/install/iceoryx_binding_c:/home/joel/ros2_jazzy/install/gz_math_vendor:/home/joel/ros2_jazzy/install/gz_utils_vendor:/home/joel/ros2_jazzy/install/gz_cmake_vendor:/home/joel/ros2_jazzy/install/ament_cmake_ros:/home/joel/ros2_jazzy/install/ament_cmake_auto:/home/joel/ros2_jazzy/install/ament_cmake_gmock:/home/joel/ros2_jazzy/install/gmock_vendor:/home/joel/ros2_jazzy/install/fastrtps:/home/joel/ros2_jazzy/install/fastcdr:/home/joel/ros2_jazzy/install/ament_cmake_gtest:/home/joel/ros2_jazzy/install/gtest_vendor:/home/joel/ros2_jazzy/install/ament_cmake_google_benchmark:/home/joel/ros2_jazzy/install/google_benchmark_vendor:/home/joel/ros2_jazzy/install/foonathan_memory_vendor:/home/joel/ros2_jazzy/install/fastrtps_cmake_module:/home/joel/ros2_jazzy/install/eigen3_cmake_module:/home/joel/ros2_jazzy/install/console_bridge_vendor:/home/joel/ros2_jazzy/install/ament_cmake_xmllint:/home/joel/ros2_jazzy/install/ament_cmake_pyflakes:/home/joel/ros2_jazzy/install/ament_cmake_pycodestyle:/home/joel/ros2_jazzy/install/ament_cmake_pep257:/home/joel/ros2_jazzy/install/ament_cmake_pclint:/home/joel/ros2_jazzy/install/ament_lint_auto:/home/joel/ros2_jazzy/install/ament_cmake:/home/joel/ros2_jazzy/install/ament_cmake_version:/home/joel/ros2_jazzy/install/ament_cmake_vendor_package:/home/joel/ros2_jazzy/install/ament_cmake_pytest:/home/joel/ros2_jazzy/install/ament_cmake_mypy:/home/joel/ros2_jazzy/install/ament_cmake_lint_cmake:/home/joel/ros2_jazzy/install/ament_cmake_flake8:/home/joel/ros2_jazzy/install/ament_cmake_cpplint:/home/joel/ros2_jazzy/install/ament_cmake_cppcheck:/home/joel/ros2_jazzy/install/ament_cmake_copyright:/home/joel/ros2_jazzy/install/ament_cmake_clang_tidy:/home/joel/ros2_jazzy/install/ament_cmake_clang_format:/home/joel/ros2_jazzy/install/ament_cmake_test:/home/joel/ros2_jazzy/install/ament_cmake_target_dependencies:/home/joel/ros2_jazzy/install/ament_cmake_python:/home/joel/ros2_jazzy/install/ament_cmake_export_dependencies:/home/joel/ros2_jazzy/install/ament_cmake_libraries:/home/joel/ros2_jazzy/install/ament_cmake_include_directories:/home/joel/ros2_jazzy/install/ament_cmake_gen_version_h:/home/joel/ros2_jazzy/install/ament_cmake_export_targets:/home/joel/ros2_jazzy/install/ament_cmake_export_link_flags:/home/joel/ros2_jazzy/install/ament_cmake_export_interfaces:/home/joel/ros2_jazzy/install/ament_cmake_export_libraries:/home/joel/ros2_jazzy/install/ament_cmake_export_include_directories:/home/joel/ros2_jazzy/install/ament_cmake_export_definitions:/home/joel/ros2_jazzy/install/ament_cmake_core:/home/joel/ros2_jazzy/install/ament_index_cpp:/opt/ros/jazzy/opt/gz_sim_vendor:/opt/ros/jazzy/opt/gz_sensors_vendor:/opt/ros/jazzy/opt/gz_physics_vendor:/opt/ros/jazzy/opt/sdformat_vendor:/opt/ros/jazzy/opt/gz_gui_vendor:/opt/ros/jazzy/opt/gz_transport_vendor:/opt/ros/jazzy/opt/gz_rendering_vendor:/opt/ros/jazzy/opt/gz_plugin_vendor:/opt/ros/jazzy/opt/gz_fuel_tools_vendor:/opt/ros/jazzy/opt/gz_msgs_vendor:/opt/ros/jazzy/opt/gz_common_vendor:/opt/ros/jazzy/opt/gz_math_vendor:/opt/ros/jazzy/opt/gz_utils_vendor:/opt/ros/jazzy/opt/gz_tools_vendor:/opt/ros/jazzy/opt/gz_ogre_next_vendor:/opt/ros/jazzy/opt/gz_dartsim_vendor:/opt/ros/jazzy/opt/gz_cmake_vendor:/home/joel/ros2_jazzy/install/rqt_bag_plugins:/home/joel/ros2_jazzy/install/rqt_bag:/home/joel/ros2_jazzy/install/rosbag2_examples_py:/home/joel/ros2_jazzy/install/launch_testing_examples:/home/joel/ros2_jazzy/install/ros2bag:/home/joel/ros2_jazzy/install/tracetools_test:/home/joel/ros2_jazzy/install/tracetools_launch:/home/joel/ros2_jazzy/install/topic_monitor:/home/joel/ros2_jazzy/install/tf2_tools:/home/joel/ros2_jazzy/install/examples_tf2_py:/home/joel/ros2_jazzy/install/tf2_ros_py:/home/joel/ros2_jazzy/install/examples_rclpy_pointcloud_publisher:/home/joel/ros2_jazzy/install/sensor_msgs_py:/home/joel/ros2_jazzy/install/quality_of_service_demo_py:/home/joel/ros2_jazzy/install/camera_info_manager_py:/home/joel/ros2_jazzy/install/rqt_plot:/home/joel/ros2_jazzy/install/ros2doctor:/home/joel/ros2_jazzy/install/lifecycle_py:/home/joel/ros2_jazzy/install/examples_rclpy_minimal_subscriber:/home/joel/ros2_jazzy/install/examples_rclpy_minimal_service:/home/joel/ros2_jazzy/install/examples_rclpy_minimal_publisher:/home/joel/ros2_jazzy/install/examples_rclpy_minimal_client:/home/joel/ros2_jazzy/install/examples_rclpy_executors:/home/joel/ros2_jazzy/install/demo_nodes_py:/home/joel/ros2_jazzy/install/rqt:/home/joel/ros2_jazzy/install/ros2component:/home/joel/ros2_jazzy/install/sros2:/home/joel/ros2_jazzy/install/rqt_topic:/home/joel/ros2_jazzy/install/rqt_srv:/home/joel/ros2_jazzy/install/rqt_shell:/home/joel/ros2_jazzy/install/rqt_service_caller:/home/joel/ros2_jazzy/install/rqt_reconfigure:/home/joel/ros2_jazzy/install/rqt_py_console:/home/joel/ros2_jazzy/install/rqt_publisher:/home/joel/ros2_jazzy/install/rqt_action:/home/joel/ros2_jazzy/install/rqt_msg:/home/joel/ros2_jazzy/install/rqt_console:/home/joel/ros2_jazzy/install/rqt_graph:/home/joel/ros2_jazzy/install/rqt_gui_py:/home/joel/ros2_jazzy/install/rqt_gui:/home/joel/ros2_jazzy/install/ros2trace:/home/joel/ros2_jazzy/install/ros2topic:/home/joel/ros2_jazzy/install/ros2test:/home/joel/ros2_jazzy/install/ros2param:/home/joel/ros2_jazzy/install/ros2lifecycle:/home/joel/ros2_jazzy/install/ros2service:/home/joel/ros2_jazzy/install/ros2run:/home/joel/ros2_jazzy/install/ros2launch:/home/joel/ros2_jazzy/install/ros2pkg:/home/joel/ros2_jazzy/install/ros2node:/home/joel/ros2_jazzy/install/ros2multicast:/home/joel/ros2_jazzy/install/ros2interface:/home/joel/ros2_jazzy/install/ros2action:/home/joel/ros2_jazzy/install/ros2cli:/home/joel/ros2_jazzy/install/launch_testing_ros:/home/joel/ros2_jazzy/install/launch_ros:/home/joel/ros2_jazzy/install/examples_rclpy_minimal_action_server:/home/joel/ros2_jazzy/install/examples_rclpy_minimal_action_client:/home/joel/ros2_jazzy/install/examples_rclpy_guard_conditions:/home/joel/ros2_jazzy/install/action_tutorials_py:/home/joel/ros2_jazzy/install/ament_uncrustify:/home/joel/ros2_jazzy/install/tracetools_trace:/home/joel/ros2_jazzy/install/tracetools_read:/home/joel/ros2_jazzy/install/test_tracetools_launch:/home/joel/ros2_jazzy/install/test_ros2trace:/home/joel/ros2_jazzy/install/test_launch_ros:/home/joel/ros2_jazzy/install/rpyutils:/home/joel/ros2_jazzy/install/rosidl_runtime_py:/home/joel/ros2_jazzy/install/rosidl_pycommon:/home/joel/ros2_jazzy/install/rosidl_cli:/home/joel/ros2_jazzy/install/launch_pytest:/home/joel/ros2_jazzy/install/launch_testing:/home/joel/ros2_jazzy/install/launch_yaml:/home/joel/ros2_jazzy/install/launch_xml:/home/joel/ros2_jazzy/install/launch:/home/joel/ros2_jazzy/install/osrf_pycommon:/home/joel/ros2_jazzy/install/domain_coordinator:/home/joel/ros2_jazzy/install/ament_xmllint:/home/joel/ros2_jazzy/install/ament_pyflakes:/home/joel/ros2_jazzy/install/ament_pycodestyle:/home/joel/ros2_jazzy/install/ament_pep257:/home/joel/ros2_jazzy/install/ament_pclint:/home/joel/ros2_jazzy/install/ament_package:/home/joel/ros2_jazzy/install/ament_mypy:/home/joel/ros2_jazzy/install/ament_lint_cmake:/home/joel/ros2_jazzy/install/ament_flake8:/home/joel/ros2_jazzy/install/ament_copyright:/home/joel/ros2_jazzy/install/ament_lint:/home/joel/ros2_jazzy/install/ament_index_python:/home/joel/ros2_jazzy/install/ament_cpplint:/home/joel/ros2_jazzy/install/ament_cppcheck:/home/joel/ros2_jazzy/install/ament_clang_tidy:/home/joel/ros2_jazzy/install/ament_clang_format:/opt/ros/jazzy DEBUGINFOD_URLS=https://debuginfod.ubuntu.com LD_LIBRARY_PATH=/home/joel/vsC/Self-Driving-and-ROS-2-Learn-by-Doing-Plan-Navigation/Section3_Introduction_to_ROS_2/bumperbot_ws/install/bumperbot_msgs/lib:${LD_LIBRARY_PATH} PYTHONPATH=/home/joel/vsC/Self-Driving-and-ROS-2-Learn-by-Doing-Plan-Navigation/Section3_Introduction_to_ROS_2/bumperbot_ws/install/bumperbot_msgs/lib/python3.12/site-packages:${PYTHONPATH} /usr/bin/cmake /home/joel/vsC/Self-Driving-and-ROS-2-Learn-by-Doing-Plan-Navigation/Section3_Introduction_to_ROS_2/bumperbot_ws/src/bumperbot_cpp_examples -DCMAKE_INSTALL_PREFIX=/home/joel/vsC/Self-Driving-and-ROS-2-Learn-by-Doing-Plan-Navigation/Section3_Introduction_to_ROS_2/bumperbot_ws/install/bumperbot_cpp_examples
[48.575s] INFO:colcon.colcon_core.task.python.build:Building Python package in '/home/joel/vsC/Self-Driving-and-ROS-2-Learn-by-Doing-Plan-Navigation/Section3_Introduction_to_ROS_2/bumperbot_ws/src/bumperbot_py_examples'
[48.575s] INFO:colcon.colcon_core.shell:Skip shell extension 'powershell' for command environment: Not usable outside of PowerShell
[48.575s] DEBUG:colcon.colcon_core.shell:Skip shell extension 'dsv' for command environment
[48.605s] DEBUG:colcon.colcon_core.event_handler.log_command:Invoked command in '/home/joel/vsC/Self-Driving-and-ROS-2-Learn-by-Doing-Plan-Navigation/Section3_Introduction_to_ROS_2/bumperbot_ws/build/bumperbot_mapping' returned '0': CMAKE_PREFIX_PATH=${CMAKE_PREFIX_PATH}:/home/joel/ros2_jazzy/install/rqt_bag_plugins:/home/joel/ros2_jazzy/install/rqt_bag:/home/joel/ros2_jazzy/install/rosbag2_examples_py:/home/joel/ros2_jazzy/install/launch_testing_examples:/home/joel/ros2_jazzy/install/ros2bag:/home/joel/ros2_jazzy/install/tracetools_test:/home/joel/ros2_jazzy/install/tracetools_launch:/home/joel/ros2_jazzy/install/topic_monitor:/home/joel/ros2_jazzy/install/tf2_tools:/home/joel/ros2_jazzy/install/examples_tf2_py:/home/joel/ros2_jazzy/install/tf2_ros_py:/home/joel/ros2_jazzy/install/examples_rclpy_pointcloud_publisher:/home/joel/ros2_jazzy/install/sensor_msgs_py:/home/joel/ros2_jazzy/install/quality_of_service_demo_py:/home/joel/ros2_jazzy/install/camera_info_manager_py:/home/joel/ros2_jazzy/install/rqt_plot:/home/joel/ros2_jazzy/install/ros2doctor:/home/joel/ros2_jazzy/install/lifecycle_py:/home/joel/ros2_jazzy/install/examples_rclpy_minimal_subscriber:/home/joel/ros2_jazzy/install/examples_rclpy_minimal_service:/home/joel/ros2_jazzy/install/examples_rclpy_minimal_publisher:/home/joel/ros2_jazzy/install/examples_rclpy_minimal_client:/home/joel/ros2_jazzy/install/examples_rclpy_executors:/home/joel/ros2_jazzy/install/demo_nodes_py:/home/joel/ros2_jazzy/install/rqt:/home/joel/ros2_jazzy/install/ros2component:/home/joel/ros2_jazzy/install/sros2:/home/joel/ros2_jazzy/install/rqt_topic:/home/joel/ros2_jazzy/install/rqt_srv:/home/joel/ros2_jazzy/install/rqt_shell:/home/joel/ros2_jazzy/install/rqt_service_caller:/home/joel/ros2_jazzy/install/rqt_reconfigure:/home/joel/ros2_jazzy/install/rqt_py_console:/home/joel/ros2_jazzy/install/rqt_publisher:/home/joel/ros2_jazzy/install/rqt_action:/home/joel/ros2_jazzy/install/rqt_msg:/home/joel/ros2_jazzy/install/rqt_console:/home/joel/ros2_jazzy/install/rqt_graph:/home/joel/ros2_jazzy/install/rqt_gui_py:/home/joel/ros2_jazzy/install/rqt_gui:/home/joel/ros2_jazzy/install/ros2trace:/home/joel/ros2_jazzy/install/ros2topic:/home/joel/ros2_jazzy/install/ros2test:/home/joel/ros2_jazzy/install/ros2param:/home/joel/ros2_jazzy/install/ros2lifecycle:/home/joel/ros2_jazzy/install/ros2service:/home/joel/ros2_jazzy/install/ros2run:/home/joel/ros2_jazzy/install/ros2launch:/home/joel/ros2_jazzy/install/ros2pkg:/home/joel/ros2_jazzy/install/ros2node:/home/joel/ros2_jazzy/install/ros2multicast:/home/joel/ros2_jazzy/install/ros2interface:/home/joel/ros2_jazzy/install/ros2action:/home/joel/ros2_jazzy/install/ros2cli:/home/joel/ros2_jazzy/install/launch_testing_ros:/home/joel/ros2_jazzy/install/launch_ros:/home/joel/ros2_jazzy/install/examples_rclpy_minimal_action_server:/home/joel/ros2_jazzy/install/examples_rclpy_minimal_action_client:/home/joel/ros2_jazzy/install/examples_rclpy_guard_conditions:/home/joel/ros2_jazzy/install/action_tutorials_py:/home/joel/ros2_jazzy/install/ament_uncrustify:/home/joel/ros2_jazzy/install/tracetools_trace:/home/joel/ros2_jazzy/install/tracetools_read:/home/joel/ros2_jazzy/install/test_tracetools_launch:/home/joel/ros2_jazzy/install/test_ros2trace:/home/joel/ros2_jazzy/install/test_launch_ros:/home/joel/ros2_jazzy/install/rpyutils:/home/joel/ros2_jazzy/install/rosidl_runtime_py:/home/joel/ros2_jazzy/install/rosidl_pycommon:/home/joel/ros2_jazzy/install/rosidl_cli:/home/joel/ros2_jazzy/install/launch_pytest:/home/joel/ros2_jazzy/install/launch_testing:/home/joel/ros2_jazzy/install/launch_yaml:/home/joel/ros2_jazzy/install/launch_xml:/home/joel/ros2_jazzy/install/launch:/home/joel/ros2_jazzy/install/osrf_pycommon:/home/joel/ros2_jazzy/install/domain_coordinator:/home/joel/ros2_jazzy/install/ament_xmllint:/home/joel/ros2_jazzy/install/ament_pyflakes:/home/joel/ros2_jazzy/install/ament_pycodestyle:/home/joel/ros2_jazzy/install/ament_pep257:/home/joel/ros2_jazzy/install/ament_pclint:/home/joel/ros2_jazzy/install/ament_package:/home/joel/ros2_jazzy/install/ament_mypy:/home/joel/ros2_jazzy/install/ament_lint_cmake:/home/joel/ros2_jazzy/install/ament_flake8:/home/joel/ros2_jazzy/install/ament_copyright:/home/joel/ros2_jazzy/install/ament_lint:/home/joel/ros2_jazzy/install/ament_index_python:/home/joel/ros2_jazzy/install/ament_cpplint:/home/joel/ros2_jazzy/install/ament_cppcheck:/home/joel/ros2_jazzy/install/ament_clang_tidy:/home/joel/ros2_jazzy/install/ament_clang_format:/opt/ros/jazzy DEBUGINFOD_URLS=https://debuginfod.ubuntu.com /usr/bin/cmake --build /home/joel/vsC/Self-Driving-and-ROS-2-Learn-by-Doing-Plan-Navigation/Section3_Introduction_to_ROS_2/bumperbot_ws/build/bumperbot_mapping -- -j8 -l8
[48.607s] DEBUG:colcon.colcon_core.event_handler.log_command:Invoking command in '/home/joel/vsC/Self-Driving-and-ROS-2-Learn-by-Doing-Plan-Navigation/Section3_Introduction_to_ROS_2/bumperbot_ws/build/bumperbot_mapping': CMAKE_PREFIX_PATH=${CMAKE_PREFIX_PATH}:/home/joel/ros2_jazzy/install/rqt_bag_plugins:/home/joel/ros2_jazzy/install/rqt_bag:/home/joel/ros2_jazzy/install/rosbag2_examples_py:/home/joel/ros2_jazzy/install/launch_testing_examples:/home/joel/ros2_jazzy/install/ros2bag:/home/joel/ros2_jazzy/install/tracetools_test:/home/joel/ros2_jazzy/install/tracetools_launch:/home/joel/ros2_jazzy/install/topic_monitor:/home/joel/ros2_jazzy/install/tf2_tools:/home/joel/ros2_jazzy/install/examples_tf2_py:/home/joel/ros2_jazzy/install/tf2_ros_py:/home/joel/ros2_jazzy/install/examples_rclpy_pointcloud_publisher:/home/joel/ros2_jazzy/install/sensor_msgs_py:/home/joel/ros2_jazzy/install/quality_of_service_demo_py:/home/joel/ros2_jazzy/install/camera_info_manager_py:/home/joel/ros2_jazzy/install/rqt_plot:/home/joel/ros2_jazzy/install/ros2doctor:/home/joel/ros2_jazzy/install/lifecycle_py:/home/joel/ros2_jazzy/install/examples_rclpy_minimal_subscriber:/home/joel/ros2_jazzy/install/examples_rclpy_minimal_service:/home/joel/ros2_jazzy/install/examples_rclpy_minimal_publisher:/home/joel/ros2_jazzy/install/examples_rclpy_minimal_client:/home/joel/ros2_jazzy/install/examples_rclpy_executors:/home/joel/ros2_jazzy/install/demo_nodes_py:/home/joel/ros2_jazzy/install/rqt:/home/joel/ros2_jazzy/install/ros2component:/home/joel/ros2_jazzy/install/sros2:/home/joel/ros2_jazzy/install/rqt_topic:/home/joel/ros2_jazzy/install/rqt_srv:/home/joel/ros2_jazzy/install/rqt_shell:/home/joel/ros2_jazzy/install/rqt_service_caller:/home/joel/ros2_jazzy/install/rqt_reconfigure:/home/joel/ros2_jazzy/install/rqt_py_console:/home/joel/ros2_jazzy/install/rqt_publisher:/home/joel/ros2_jazzy/install/rqt_action:/home/joel/ros2_jazzy/install/rqt_msg:/home/joel/ros2_jazzy/install/rqt_console:/home/joel/ros2_jazzy/install/rqt_graph:/home/joel/ros2_jazzy/install/rqt_gui_py:/home/joel/ros2_jazzy/install/rqt_gui:/home/joel/ros2_jazzy/install/ros2trace:/home/joel/ros2_jazzy/install/ros2topic:/home/joel/ros2_jazzy/install/ros2test:/home/joel/ros2_jazzy/install/ros2param:/home/joel/ros2_jazzy/install/ros2lifecycle:/home/joel/ros2_jazzy/install/ros2service:/home/joel/ros2_jazzy/install/ros2run:/home/joel/ros2_jazzy/install/ros2launch:/home/joel/ros2_jazzy/install/ros2pkg:/home/joel/ros2_jazzy/install/ros2node:/home/joel/ros2_jazzy/install/ros2multicast:/home/joel/ros2_jazzy/install/ros2interface:/home/joel/ros2_jazzy/install/ros2action:/home/joel/ros2_jazzy/install/ros2cli:/home/joel/ros2_jazzy/install/launch_testing_ros:/home/joel/ros2_jazzy/install/launch_ros:/home/joel/ros2_jazzy/install/examples_rclpy_minimal_action_server:/home/joel/ros2_jazzy/install/examples_rclpy_minimal_action_client:/home/joel/ros2_jazzy/install/examples_rclpy_guard_conditions:/home/joel/ros2_jazzy/install/action_tutorials_py:/home/joel/ros2_jazzy/install/ament_uncrustify:/home/joel/ros2_jazzy/install/tracetools_trace:/home/joel/ros2_jazzy/install/tracetools_read:/home/joel/ros2_jazzy/install/test_tracetools_launch:/home/joel/ros2_jazzy/install/test_ros2trace:/home/joel/ros2_jazzy/install/test_launch_ros:/home/joel/ros2_jazzy/install/rpyutils:/home/joel/ros2_jazzy/install/rosidl_runtime_py:/home/joel/ros2_jazzy/install/rosidl_pycommon:/home/joel/ros2_jazzy/install/rosidl_cli:/home/joel/ros2_jazzy/install/launch_pytest:/home/joel/ros2_jazzy/install/launch_testing:/home/joel/ros2_jazzy/install/launch_yaml:/home/joel/ros2_jazzy/install/launch_xml:/home/joel/ros2_jazzy/install/launch:/home/joel/ros2_jazzy/install/osrf_pycommon:/home/joel/ros2_jazzy/install/domain_coordinator:/home/joel/ros2_jazzy/install/ament_xmllint:/home/joel/ros2_jazzy/install/ament_pyflakes:/home/joel/ros2_jazzy/install/ament_pycodestyle:/home/joel/ros2_jazzy/install/ament_pep257:/home/joel/ros2_jazzy/install/ament_pclint:/home/joel/ros2_jazzy/install/ament_package:/home/joel/ros2_jazzy/install/ament_mypy:/home/joel/ros2_jazzy/install/ament_lint_cmake:/home/joel/ros2_jazzy/install/ament_flake8:/home/joel/ros2_jazzy/install/ament_copyright:/home/joel/ros2_jazzy/install/ament_lint:/home/joel/ros2_jazzy/install/ament_index_python:/home/joel/ros2_jazzy/install/ament_cpplint:/home/joel/ros2_jazzy/install/ament_cppcheck:/home/joel/ros2_jazzy/install/ament_clang_tidy:/home/joel/ros2_jazzy/install/ament_clang_format:/opt/ros/jazzy DEBUGINFOD_URLS=https://debuginfod.ubuntu.com /usr/bin/cmake --install /home/joel/vsC/Self-Driving-and-ROS-2-Learn-by-Doing-Plan-Navigation/Section3_Introduction_to_ROS_2/bumperbot_ws/build/bumperbot_mapping
[48.609s] DEBUG:colcon.colcon_core.event_handler.log_command:Invoked command in '/home/joel/vsC/Self-Driving-and-ROS-2-Learn-by-Doing-Plan-Navigation/Section3_Introduction_to_ROS_2/bumperbot_ws/build/bumperbot_utils' returned '0': CMAKE_PREFIX_PATH=${CMAKE_PREFIX_PATH}:/home/joel/ros2_jazzy/install/rqt_bag_plugins:/home/joel/ros2_jazzy/install/rqt_bag:/home/joel/ros2_jazzy/install/rosbag2_examples_py:/home/joel/ros2_jazzy/install/launch_testing_examples:/home/joel/ros2_jazzy/install/ros2bag:/home/joel/ros2_jazzy/install/tracetools_test:/home/joel/ros2_jazzy/install/tracetools_launch:/home/joel/ros2_jazzy/install/topic_monitor:/home/joel/ros2_jazzy/install/tf2_tools:/home/joel/ros2_jazzy/install/examples_tf2_py:/home/joel/ros2_jazzy/install/tf2_ros_py:/home/joel/ros2_jazzy/install/examples_rclpy_pointcloud_publisher:/home/joel/ros2_jazzy/install/sensor_msgs_py:/home/joel/ros2_jazzy/install/quality_of_service_demo_py:/home/joel/ros2_jazzy/install/camera_info_manager_py:/home/joel/ros2_jazzy/install/rqt_plot:/home/joel/ros2_jazzy/install/ros2doctor:/home/joel/ros2_jazzy/install/lifecycle_py:/home/joel/ros2_jazzy/install/examples_rclpy_minimal_subscriber:/home/joel/ros2_jazzy/install/examples_rclpy_minimal_service:/home/joel/ros2_jazzy/install/examples_rclpy_minimal_publisher:/home/joel/ros2_jazzy/install/examples_rclpy_minimal_client:/home/joel/ros2_jazzy/install/examples_rclpy_executors:/home/joel/ros2_jazzy/install/demo_nodes_py:/home/joel/ros2_jazzy/install/rqt:/home/joel/ros2_jazzy/install/ros2component:/home/joel/ros2_jazzy/install/sros2:/home/joel/ros2_jazzy/install/rqt_topic:/home/joel/ros2_jazzy/install/rqt_srv:/home/joel/ros2_jazzy/install/rqt_shell:/home/joel/ros2_jazzy/install/rqt_service_caller:/home/joel/ros2_jazzy/install/rqt_reconfigure:/home/joel/ros2_jazzy/install/rqt_py_console:/home/joel/ros2_jazzy/install/rqt_publisher:/home/joel/ros2_jazzy/install/rqt_action:/home/joel/ros2_jazzy/install/rqt_msg:/home/joel/ros2_jazzy/install/rqt_console:/home/joel/ros2_jazzy/install/rqt_graph:/home/joel/ros2_jazzy/install/rqt_gui_py:/home/joel/ros2_jazzy/install/rqt_gui:/home/joel/ros2_jazzy/install/ros2trace:/home/joel/ros2_jazzy/install/ros2topic:/home/joel/ros2_jazzy/install/ros2test:/home/joel/ros2_jazzy/install/ros2param:/home/joel/ros2_jazzy/install/ros2lifecycle:/home/joel/ros2_jazzy/install/ros2service:/home/joel/ros2_jazzy/install/ros2run:/home/joel/ros2_jazzy/install/ros2launch:/home/joel/ros2_jazzy/install/ros2pkg:/home/joel/ros2_jazzy/install/ros2node:/home/joel/ros2_jazzy/install/ros2multicast:/home/joel/ros2_jazzy/install/ros2interface:/home/joel/ros2_jazzy/install/ros2action:/home/joel/ros2_jazzy/install/ros2cli:/home/joel/ros2_jazzy/install/launch_testing_ros:/home/joel/ros2_jazzy/install/launch_ros:/home/joel/ros2_jazzy/install/examples_rclpy_minimal_action_server:/home/joel/ros2_jazzy/install/examples_rclpy_minimal_action_client:/home/joel/ros2_jazzy/install/examples_rclpy_guard_conditions:/home/joel/ros2_jazzy/install/action_tutorials_py:/home/joel/ros2_jazzy/install/ament_uncrustify:/home/joel/ros2_jazzy/install/tracetools_trace:/home/joel/ros2_jazzy/install/tracetools_read:/home/joel/ros2_jazzy/install/test_tracetools_launch:/home/joel/ros2_jazzy/install/test_ros2trace:/home/joel/ros2_jazzy/install/test_launch_ros:/home/joel/ros2_jazzy/install/rpyutils:/home/joel/ros2_jazzy/install/rosidl_runtime_py:/home/joel/ros2_jazzy/install/rosidl_pycommon:/home/joel/ros2_jazzy/install/rosidl_cli:/home/joel/ros2_jazzy/install/launch_pytest:/home/joel/ros2_jazzy/install/launch_testing:/home/joel/ros2_jazzy/install/launch_yaml:/home/joel/ros2_jazzy/install/launch_xml:/home/joel/ros2_jazzy/install/launch:/home/joel/ros2_jazzy/install/osrf_pycommon:/home/joel/ros2_jazzy/install/domain_coordinator:/home/joel/ros2_jazzy/install/ament_xmllint:/home/joel/ros2_jazzy/install/ament_pyflakes:/home/joel/ros2_jazzy/install/ament_pycodestyle:/home/joel/ros2_jazzy/install/ament_pep257:/home/joel/ros2_jazzy/install/ament_pclint:/home/joel/ros2_jazzy/install/ament_package:/home/joel/ros2_jazzy/install/ament_mypy:/home/joel/ros2_jazzy/install/ament_lint_cmake:/home/joel/ros2_jazzy/install/ament_flake8:/home/joel/ros2_jazzy/install/ament_copyright:/home/joel/ros2_jazzy/install/ament_lint:/home/joel/ros2_jazzy/install/ament_index_python:/home/joel/ros2_jazzy/install/ament_cpplint:/home/joel/ros2_jazzy/install/ament_cppcheck:/home/joel/ros2_jazzy/install/ament_clang_tidy:/home/joel/ros2_jazzy/install/ament_clang_format:/opt/ros/jazzy DEBUGINFOD_URLS=https://debuginfod.ubuntu.com /usr/bin/cmake --build /home/joel/vsC/Self-Driving-and-ROS-2-Learn-by-Doing-Plan-Navigation/Section3_Introduction_to_ROS_2/bumperbot_ws/build/bumperbot_utils -- -j8 -l8
[48.612s] DEBUG:colcon.colcon_core.event_handler.log_command:Invoking command in '/home/joel/vsC/Self-Driving-and-ROS-2-Learn-by-Doing-Plan-Navigation/Section3_Introduction_to_ROS_2/bumperbot_ws/build/bumperbot_utils': CMAKE_PREFIX_PATH=${CMAKE_PREFIX_PATH}:/home/joel/ros2_jazzy/install/rqt_bag_plugins:/home/joel/ros2_jazzy/install/rqt_bag:/home/joel/ros2_jazzy/install/rosbag2_examples_py:/home/joel/ros2_jazzy/install/launch_testing_examples:/home/joel/ros2_jazzy/install/ros2bag:/home/joel/ros2_jazzy/install/tracetools_test:/home/joel/ros2_jazzy/install/tracetools_launch:/home/joel/ros2_jazzy/install/topic_monitor:/home/joel/ros2_jazzy/install/tf2_tools:/home/joel/ros2_jazzy/install/examples_tf2_py:/home/joel/ros2_jazzy/install/tf2_ros_py:/home/joel/ros2_jazzy/install/examples_rclpy_pointcloud_publisher:/home/joel/ros2_jazzy/install/sensor_msgs_py:/home/joel/ros2_jazzy/install/quality_of_service_demo_py:/home/joel/ros2_jazzy/install/camera_info_manager_py:/home/joel/ros2_jazzy/install/rqt_plot:/home/joel/ros2_jazzy/install/ros2doctor:/home/joel/ros2_jazzy/install/lifecycle_py:/home/joel/ros2_jazzy/install/examples_rclpy_minimal_subscriber:/home/joel/ros2_jazzy/install/examples_rclpy_minimal_service:/home/joel/ros2_jazzy/install/examples_rclpy_minimal_publisher:/home/joel/ros2_jazzy/install/examples_rclpy_minimal_client:/home/joel/ros2_jazzy/install/examples_rclpy_executors:/home/joel/ros2_jazzy/install/demo_nodes_py:/home/joel/ros2_jazzy/install/rqt:/home/joel/ros2_jazzy/install/ros2component:/home/joel/ros2_jazzy/install/sros2:/home/joel/ros2_jazzy/install/rqt_topic:/home/joel/ros2_jazzy/install/rqt_srv:/home/joel/ros2_jazzy/install/rqt_shell:/home/joel/ros2_jazzy/install/rqt_service_caller:/home/joel/ros2_jazzy/install/rqt_reconfigure:/home/joel/ros2_jazzy/install/rqt_py_console:/home/joel/ros2_jazzy/install/rqt_publisher:/home/joel/ros2_jazzy/install/rqt_action:/home/joel/ros2_jazzy/install/rqt_msg:/home/joel/ros2_jazzy/install/rqt_console:/home/joel/ros2_jazzy/install/rqt_graph:/home/joel/ros2_jazzy/install/rqt_gui_py:/home/joel/ros2_jazzy/install/rqt_gui:/home/joel/ros2_jazzy/install/ros2trace:/home/joel/ros2_jazzy/install/ros2topic:/home/joel/ros2_jazzy/install/ros2test:/home/joel/ros2_jazzy/install/ros2param:/home/joel/ros2_jazzy/install/ros2lifecycle:/home/joel/ros2_jazzy/install/ros2service:/home/joel/ros2_jazzy/install/ros2run:/home/joel/ros2_jazzy/install/ros2launch:/home/joel/ros2_jazzy/install/ros2pkg:/home/joel/ros2_jazzy/install/ros2node:/home/joel/ros2_jazzy/install/ros2multicast:/home/joel/ros2_jazzy/install/ros2interface:/home/joel/ros2_jazzy/install/ros2action:/home/joel/ros2_jazzy/install/ros2cli:/home/joel/ros2_jazzy/install/launch_testing_ros:/home/joel/ros2_jazzy/install/launch_ros:/home/joel/ros2_jazzy/install/examples_rclpy_minimal_action_server:/home/joel/ros2_jazzy/install/examples_rclpy_minimal_action_client:/home/joel/ros2_jazzy/install/examples_rclpy_guard_conditions:/home/joel/ros2_jazzy/install/action_tutorials_py:/home/joel/ros2_jazzy/install/ament_uncrustify:/home/joel/ros2_jazzy/install/tracetools_trace:/home/joel/ros2_jazzy/install/tracetools_read:/home/joel/ros2_jazzy/install/test_tracetools_launch:/home/joel/ros2_jazzy/install/test_ros2trace:/home/joel/ros2_jazzy/install/test_launch_ros:/home/joel/ros2_jazzy/install/rpyutils:/home/joel/ros2_jazzy/install/rosidl_runtime_py:/home/joel/ros2_jazzy/install/rosidl_pycommon:/home/joel/ros2_jazzy/install/rosidl_cli:/home/joel/ros2_jazzy/install/launch_pytest:/home/joel/ros2_jazzy/install/launch_testing:/home/joel/ros2_jazzy/install/launch_yaml:/home/joel/ros2_jazzy/install/launch_xml:/home/joel/ros2_jazzy/install/launch:/home/joel/ros2_jazzy/install/osrf_pycommon:/home/joel/ros2_jazzy/install/domain_coordinator:/home/joel/ros2_jazzy/install/ament_xmllint:/home/joel/ros2_jazzy/install/ament_pyflakes:/home/joel/ros2_jazzy/install/ament_pycodestyle:/home/joel/ros2_jazzy/install/ament_pep257:/home/joel/ros2_jazzy/install/ament_pclint:/home/joel/ros2_jazzy/install/ament_package:/home/joel/ros2_jazzy/install/ament_mypy:/home/joel/ros2_jazzy/install/ament_lint_cmake:/home/joel/ros2_jazzy/install/ament_flake8:/home/joel/ros2_jazzy/install/ament_copyright:/home/joel/ros2_jazzy/install/ament_lint:/home/joel/ros2_jazzy/install/ament_index_python:/home/joel/ros2_jazzy/install/ament_cpplint:/home/joel/ros2_jazzy/install/ament_cppcheck:/home/joel/ros2_jazzy/install/ament_clang_tidy:/home/joel/ros2_jazzy/install/ament_clang_format:/opt/ros/jazzy DEBUGINFOD_URLS=https://debuginfod.ubuntu.com /usr/bin/cmake --install /home/joel/vsC/Self-Driving-and-ROS-2-Learn-by-Doing-Plan-Navigation/Section3_Introduction_to_ROS_2/bumperbot_ws/build/bumperbot_utils
[48.872s] Level 1:colcon.colcon_core.environment:create_environment_scripts_only(bumperbot_utils)
[48.873s] Level 1:colcon.colcon_core.environment:checking '/home/joel/vsC/Self-Driving-and-ROS-2-Learn-by-Doing-Plan-Navigation/Section3_Introduction_to_ROS_2/bumperbot_ws/install/bumperbot_utils' for CMake module files
[48.874s] DEBUG:colcon.colcon_core.event_handler.log_command:Invoked command in '/home/joel/vsC/Self-Driving-and-ROS-2-Learn-by-Doing-Plan-Navigation/Section3_Introduction_to_ROS_2/bumperbot_ws/build/bumperbot_utils' returned '0': CMAKE_PREFIX_PATH=${CMAKE_PREFIX_PATH}:/home/joel/ros2_jazzy/install/rqt_bag_plugins:/home/joel/ros2_jazzy/install/rqt_bag:/home/joel/ros2_jazzy/install/rosbag2_examples_py:/home/joel/ros2_jazzy/install/launch_testing_examples:/home/joel/ros2_jazzy/install/ros2bag:/home/joel/ros2_jazzy/install/tracetools_test:/home/joel/ros2_jazzy/install/tracetools_launch:/home/joel/ros2_jazzy/install/topic_monitor:/home/joel/ros2_jazzy/install/tf2_tools:/home/joel/ros2_jazzy/install/examples_tf2_py:/home/joel/ros2_jazzy/install/tf2_ros_py:/home/joel/ros2_jazzy/install/examples_rclpy_pointcloud_publisher:/home/joel/ros2_jazzy/install/sensor_msgs_py:/home/joel/ros2_jazzy/install/quality_of_service_demo_py:/home/joel/ros2_jazzy/install/camera_info_manager_py:/home/joel/ros2_jazzy/install/rqt_plot:/home/joel/ros2_jazzy/install/ros2doctor:/home/joel/ros2_jazzy/install/lifecycle_py:/home/joel/ros2_jazzy/install/examples_rclpy_minimal_subscriber:/home/joel/ros2_jazzy/install/examples_rclpy_minimal_service:/home/joel/ros2_jazzy/install/examples_rclpy_minimal_publisher:/home/joel/ros2_jazzy/install/examples_rclpy_minimal_client:/home/joel/ros2_jazzy/install/examples_rclpy_executors:/home/joel/ros2_jazzy/install/demo_nodes_py:/home/joel/ros2_jazzy/install/rqt:/home/joel/ros2_jazzy/install/ros2component:/home/joel/ros2_jazzy/install/sros2:/home/joel/ros2_jazzy/install/rqt_topic:/home/joel/ros2_jazzy/install/rqt_srv:/home/joel/ros2_jazzy/install/rqt_shell:/home/joel/ros2_jazzy/install/rqt_service_caller:/home/joel/ros2_jazzy/install/rqt_reconfigure:/home/joel/ros2_jazzy/install/rqt_py_console:/home/joel/ros2_jazzy/install/rqt_publisher:/home/joel/ros2_jazzy/install/rqt_action:/home/joel/ros2_jazzy/install/rqt_msg:/home/joel/ros2_jazzy/install/rqt_console:/home/joel/ros2_jazzy/install/rqt_graph:/home/joel/ros2_jazzy/install/rqt_gui_py:/home/joel/ros2_jazzy/install/rqt_gui:/home/joel/ros2_jazzy/install/ros2trace:/home/joel/ros2_jazzy/install/ros2topic:/home/joel/ros2_jazzy/install/ros2test:/home/joel/ros2_jazzy/install/ros2param:/home/joel/ros2_jazzy/install/ros2lifecycle:/home/joel/ros2_jazzy/install/ros2service:/home/joel/ros2_jazzy/install/ros2run:/home/joel/ros2_jazzy/install/ros2launch:/home/joel/ros2_jazzy/install/ros2pkg:/home/joel/ros2_jazzy/install/ros2node:/home/joel/ros2_jazzy/install/ros2multicast:/home/joel/ros2_jazzy/install/ros2interface:/home/joel/ros2_jazzy/install/ros2action:/home/joel/ros2_jazzy/install/ros2cli:/home/joel/ros2_jazzy/install/launch_testing_ros:/home/joel/ros2_jazzy/install/launch_ros:/home/joel/ros2_jazzy/install/examples_rclpy_minimal_action_server:/home/joel/ros2_jazzy/install/examples_rclpy_minimal_action_client:/home/joel/ros2_jazzy/install/examples_rclpy_guard_conditions:/home/joel/ros2_jazzy/install/action_tutorials_py:/home/joel/ros2_jazzy/install/ament_uncrustify:/home/joel/ros2_jazzy/install/tracetools_trace:/home/joel/ros2_jazzy/install/tracetools_read:/home/joel/ros2_jazzy/install/test_tracetools_launch:/home/joel/ros2_jazzy/install/test_ros2trace:/home/joel/ros2_jazzy/install/test_launch_ros:/home/joel/ros2_jazzy/install/rpyutils:/home/joel/ros2_jazzy/install/rosidl_runtime_py:/home/joel/ros2_jazzy/install/rosidl_pycommon:/home/joel/ros2_jazzy/install/rosidl_cli:/home/joel/ros2_jazzy/install/launch_pytest:/home/joel/ros2_jazzy/install/launch_testing:/home/joel/ros2_jazzy/install/launch_yaml:/home/joel/ros2_jazzy/install/launch_xml:/home/joel/ros2_jazzy/install/launch:/home/joel/ros2_jazzy/install/osrf_pycommon:/home/joel/ros2_jazzy/install/domain_coordinator:/home/joel/ros2_jazzy/install/ament_xmllint:/home/joel/ros2_jazzy/install/ament_pyflakes:/home/joel/ros2_jazzy/install/ament_pycodestyle:/home/joel/ros2_jazzy/install/ament_pep257:/home/joel/ros2_jazzy/install/ament_pclint:/home/joel/ros2_jazzy/install/ament_package:/home/joel/ros2_jazzy/install/ament_mypy:/home/joel/ros2_jazzy/install/ament_lint_cmake:/home/joel/ros2_jazzy/install/ament_flake8:/home/joel/ros2_jazzy/install/ament_copyright:/home/joel/ros2_jazzy/install/ament_lint:/home/joel/ros2_jazzy/install/ament_index_python:/home/joel/ros2_jazzy/install/ament_cpplint:/home/joel/ros2_jazzy/install/ament_cppcheck:/home/joel/ros2_jazzy/install/ament_clang_tidy:/home/joel/ros2_jazzy/install/ament_clang_format:/opt/ros/jazzy DEBUGINFOD_URLS=https://debuginfod.ubuntu.com /usr/bin/cmake --install /home/joel/vsC/Self-Driving-and-ROS-2-Learn-by-Doing-Plan-Navigation/Section3_Introduction_to_ROS_2/bumperbot_ws/build/bumperbot_utils
[48.875s] Level 1:colcon.colcon_core.environment:checking '/home/joel/vsC/Self-Driving-and-ROS-2-Learn-by-Doing-Plan-Navigation/Section3_Introduction_to_ROS_2/bumperbot_ws/install/bumperbot_utils' for CMake config files
[48.875s] Level 1:colcon.colcon_core.shell:create_environment_hook('bumperbot_utils', 'cmake_prefix_path')
[48.875s] INFO:colcon.colcon_core.shell:Creating environment hook '/home/joel/vsC/Self-Driving-and-ROS-2-Learn-by-Doing-Plan-Navigation/Section3_Introduction_to_ROS_2/bumperbot_ws/install/bumperbot_utils/share/bumperbot_utils/hook/cmake_prefix_path.ps1'
[48.876s] INFO:colcon.colcon_core.shell:Creating environment descriptor '/home/joel/vsC/Self-Driving-and-ROS-2-Learn-by-Doing-Plan-Navigation/Section3_Introduction_to_ROS_2/bumperbot_ws/install/bumperbot_utils/share/bumperbot_utils/hook/cmake_prefix_path.dsv'
[48.876s] INFO:colcon.colcon_core.shell:Creating environment hook '/home/joel/vsC/Self-Driving-and-ROS-2-Learn-by-Doing-Plan-Navigation/Section3_Introduction_to_ROS_2/bumperbot_ws/install/bumperbot_utils/share/bumperbot_utils/hook/cmake_prefix_path.sh'
[48.877s] Level 1:colcon.colcon_core.environment:checking '/home/joel/vsC/Self-Driving-and-ROS-2-Learn-by-Doing-Plan-Navigation/Section3_Introduction_to_ROS_2/bumperbot_ws/install/bumperbot_utils/lib'
[48.877s] Level 1:colcon.colcon_core.environment:checking '/home/joel/vsC/Self-Driving-and-ROS-2-Learn-by-Doing-Plan-Navigation/Section3_Introduction_to_ROS_2/bumperbot_ws/install/bumperbot_utils/bin'
[48.877s] Level 1:colcon.colcon_core.environment:checking '/home/joel/vsC/Self-Driving-and-ROS-2-Learn-by-Doing-Plan-Navigation/Section3_Introduction_to_ROS_2/bumperbot_ws/install/bumperbot_utils/lib/pkgconfig/bumperbot_utils.pc'
[48.877s] Level 1:colcon.colcon_core.environment:checking '/home/joel/vsC/Self-Driving-and-ROS-2-Learn-by-Doing-Plan-Navigation/Section3_Introduction_to_ROS_2/bumperbot_ws/install/bumperbot_utils/lib/python3.12/site-packages'
[48.877s] Level 1:colcon.colcon_core.shell:create_environment_hook('bumperbot_utils', 'pythonpath')
[48.878s] INFO:colcon.colcon_core.shell:Creating environment hook '/home/joel/vsC/Self-Driving-and-ROS-2-Learn-by-Doing-Plan-Navigation/Section3_Introduction_to_ROS_2/bumperbot_ws/install/bumperbot_utils/share/bumperbot_utils/hook/pythonpath.ps1'
[48.878s] INFO:colcon.colcon_core.shell:Creating environment descriptor '/home/joel/vsC/Self-Driving-and-ROS-2-Learn-by-Doing-Plan-Navigation/Section3_Introduction_to_ROS_2/bumperbot_ws/install/bumperbot_utils/share/bumperbot_utils/hook/pythonpath.dsv'
[48.878s] INFO:colcon.colcon_core.shell:Creating environment hook '/home/joel/vsC/Self-Driving-and-ROS-2-Learn-by-Doing-Plan-Navigation/Section3_Introduction_to_ROS_2/bumperbot_ws/install/bumperbot_utils/share/bumperbot_utils/hook/pythonpath.sh'
[48.879s] Level 1:colcon.colcon_core.environment:checking '/home/joel/vsC/Self-Driving-and-ROS-2-Learn-by-Doing-Plan-Navigation/Section3_Introduction_to_ROS_2/bumperbot_ws/install/bumperbot_utils/bin'
[48.879s] INFO:colcon.colcon_core.shell:Creating package script '/home/joel/vsC/Self-Driving-and-ROS-2-Learn-by-Doing-Plan-Navigation/Section3_Introduction_to_ROS_2/bumperbot_ws/install/bumperbot_utils/share/bumperbot_utils/package.ps1'
[48.880s] INFO:colcon.colcon_core.shell:Creating package descriptor '/home/joel/vsC/Self-Driving-and-ROS-2-Learn-by-Doing-Plan-Navigation/Section3_Introduction_to_ROS_2/bumperbot_ws/install/bumperbot_utils/share/bumperbot_utils/package.dsv'
[48.880s] INFO:colcon.colcon_core.shell:Creating package script '/home/joel/vsC/Self-Driving-and-ROS-2-Learn-by-Doing-Plan-Navigation/Section3_Introduction_to_ROS_2/bumperbot_ws/install/bumperbot_utils/share/bumperbot_utils/package.sh'
[48.881s] INFO:colcon.colcon_core.shell:Creating package script '/home/joel/vsC/Self-Driving-and-ROS-2-Learn-by-Doing-Plan-Navigation/Section3_Introduction_to_ROS_2/bumperbot_ws/install/bumperbot_utils/share/bumperbot_utils/package.bash'
[48.881s] INFO:colcon.colcon_core.shell:Creating package script '/home/joel/vsC/Self-Driving-and-ROS-2-Learn-by-Doing-Plan-Navigation/Section3_Introduction_to_ROS_2/bumperbot_ws/install/bumperbot_utils/share/bumperbot_utils/package.zsh'
[48.881s] Level 1:colcon.colcon_core.environment:create_file_with_runtime_dependencies(/home/joel/vsC/Self-Driving-and-ROS-2-Learn-by-Doing-Plan-Navigation/Section3_Introduction_to_ROS_2/bumperbot_ws/install/bumperbot_utils/share/colcon-core/packages/bumperbot_utils)
[48.882s] Level 1:colcon.colcon_core.environment:create_environment_scripts_only(bumperbot_utils)
[48.882s] Level 1:colcon.colcon_core.environment:checking '/home/joel/vsC/Self-Driving-and-ROS-2-Learn-by-Doing-Plan-Navigation/Section3_Introduction_to_ROS_2/bumperbot_ws/install/bumperbot_utils' for CMake module files
[48.883s] Level 1:colcon.colcon_core.environment:checking '/home/joel/vsC/Self-Driving-and-ROS-2-Learn-by-Doing-Plan-Navigation/Section3_Introduction_to_ROS_2/bumperbot_ws/install/bumperbot_utils' for CMake config files
[48.883s] Level 1:colcon.colcon_core.shell:create_environment_hook('bumperbot_utils', 'cmake_prefix_path')
[48.883s] INFO:colcon.colcon_core.shell:Creating environment hook '/home/joel/vsC/Self-Driving-and-ROS-2-Learn-by-Doing-Plan-Navigation/Section3_Introduction_to_ROS_2/bumperbot_ws/install/bumperbot_utils/share/bumperbot_utils/hook/cmake_prefix_path.ps1'
[48.883s] INFO:colcon.colcon_core.shell:Creating environment descriptor '/home/joel/vsC/Self-Driving-and-ROS-2-Learn-by-Doing-Plan-Navigation/Section3_Introduction_to_ROS_2/bumperbot_ws/install/bumperbot_utils/share/bumperbot_utils/hook/cmake_prefix_path.dsv'
[48.884s] INFO:colcon.colcon_core.shell:Creating environment hook '/home/joel/vsC/Self-Driving-and-ROS-2-Learn-by-Doing-Plan-Navigation/Section3_Introduction_to_ROS_2/bumperbot_ws/install/bumperbot_utils/share/bumperbot_utils/hook/cmake_prefix_path.sh'
[48.884s] Level 1:colcon.colcon_core.environment:checking '/home/joel/vsC/Self-Driving-and-ROS-2-Learn-by-Doing-Plan-Navigation/Section3_Introduction_to_ROS_2/bumperbot_ws/install/bumperbot_utils/lib'
[48.884s] Level 1:colcon.colcon_core.environment:checking '/home/joel/vsC/Self-Driving-and-ROS-2-Learn-by-Doing-Plan-Navigation/Section3_Introduction_to_ROS_2/bumperbot_ws/install/bumperbot_utils/bin'
[48.885s] Level 1:colcon.colcon_core.environment:checking '/home/joel/vsC/Self-Driving-and-ROS-2-Learn-by-Doing-Plan-Navigation/Section3_Introduction_to_ROS_2/bumperbot_ws/install/bumperbot_utils/lib/pkgconfig/bumperbot_utils.pc'
[48.885s] Level 1:colcon.colcon_core.environment:checking '/home/joel/vsC/Self-Driving-and-ROS-2-Learn-by-Doing-Plan-Navigation/Section3_Introduction_to_ROS_2/bumperbot_ws/install/bumperbot_utils/lib/python3.12/site-packages'
[48.885s] Level 1:colcon.colcon_core.shell:create_environment_hook('bumperbot_utils', 'pythonpath')
[48.885s] INFO:colcon.colcon_core.shell:Creating environment hook '/home/joel/vsC/Self-Driving-and-ROS-2-Learn-by-Doing-Plan-Navigation/Section3_Introduction_to_ROS_2/bumperbot_ws/install/bumperbot_utils/share/bumperbot_utils/hook/pythonpath.ps1'
[48.886s] INFO:colcon.colcon_core.shell:Creating environment descriptor '/home/joel/vsC/Self-Driving-and-ROS-2-Learn-by-Doing-Plan-Navigation/Section3_Introduction_to_ROS_2/bumperbot_ws/install/bumperbot_utils/share/bumperbot_utils/hook/pythonpath.dsv'
[48.886s] INFO:colcon.colcon_core.shell:Creating environment hook '/home/joel/vsC/Self-Driving-and-ROS-2-Learn-by-Doing-Plan-Navigation/Section3_Introduction_to_ROS_2/bumperbot_ws/install/bumperbot_utils/share/bumperbot_utils/hook/pythonpath.sh'
[48.886s] Level 1:colcon.colcon_core.environment:checking '/home/joel/vsC/Self-Driving-and-ROS-2-Learn-by-Doing-Plan-Navigation/Section3_Introduction_to_ROS_2/bumperbot_ws/install/bumperbot_utils/bin'
[48.887s] INFO:colcon.colcon_core.shell:Creating package script '/home/joel/vsC/Self-Driving-and-ROS-2-Learn-by-Doing-Plan-Navigation/Section3_Introduction_to_ROS_2/bumperbot_ws/install/bumperbot_utils/share/bumperbot_utils/package.ps1'
[48.887s] INFO:colcon.colcon_core.shell:Creating package descriptor '/home/joel/vsC/Self-Driving-and-ROS-2-Learn-by-Doing-Plan-Navigation/Section3_Introduction_to_ROS_2/bumperbot_ws/install/bumperbot_utils/share/bumperbot_utils/package.dsv'
[48.888s] INFO:colcon.colcon_core.shell:Creating package script '/home/joel/vsC/Self-Driving-and-ROS-2-Learn-by-Doing-Plan-Navigation/Section3_Introduction_to_ROS_2/bumperbot_ws/install/bumperbot_utils/share/bumperbot_utils/package.sh'
[48.888s] INFO:colcon.colcon_core.shell:Creating package script '/home/joel/vsC/Self-Driving-and-ROS-2-Learn-by-Doing-Plan-Navigation/Section3_Introduction_to_ROS_2/bumperbot_ws/install/bumperbot_utils/share/bumperbot_utils/package.bash'
[48.889s] INFO:colcon.colcon_core.shell:Creating package script '/home/joel/vsC/Self-Driving-and-ROS-2-Learn-by-Doing-Plan-Navigation/Section3_Introduction_to_ROS_2/bumperbot_ws/install/bumperbot_utils/share/bumperbot_utils/package.zsh'
[48.889s] Level 1:colcon.colcon_core.environment:create_file_with_runtime_dependencies(/home/joel/vsC/Self-Driving-and-ROS-2-Learn-by-Doing-Plan-Navigation/Section3_Introduction_to_ROS_2/bumperbot_ws/install/bumperbot_utils/share/colcon-core/packages/bumperbot_utils)
[48.891s] Level 1:colcon.colcon_core.environment:create_environment_scripts_only(bumperbot_mapping)
[48.891s] Level 1:colcon.colcon_core.environment:checking '/home/joel/vsC/Self-Driving-and-ROS-2-Learn-by-Doing-Plan-Navigation/Section3_Introduction_to_ROS_2/bumperbot_ws/install/bumperbot_mapping' for CMake module files
[48.892s] DEBUG:colcon.colcon_core.event_handler.log_command:Invoked command in '/home/joel/vsC/Self-Driving-and-ROS-2-Learn-by-Doing-Plan-Navigation/Section3_Introduction_to_ROS_2/bumperbot_ws/build/bumperbot_mapping' returned '0': CMAKE_PREFIX_PATH=${CMAKE_PREFIX_PATH}:/home/joel/ros2_jazzy/install/rqt_bag_plugins:/home/joel/ros2_jazzy/install/rqt_bag:/home/joel/ros2_jazzy/install/rosbag2_examples_py:/home/joel/ros2_jazzy/install/launch_testing_examples:/home/joel/ros2_jazzy/install/ros2bag:/home/joel/ros2_jazzy/install/tracetools_test:/home/joel/ros2_jazzy/install/tracetools_launch:/home/joel/ros2_jazzy/install/topic_monitor:/home/joel/ros2_jazzy/install/tf2_tools:/home/joel/ros2_jazzy/install/examples_tf2_py:/home/joel/ros2_jazzy/install/tf2_ros_py:/home/joel/ros2_jazzy/install/examples_rclpy_pointcloud_publisher:/home/joel/ros2_jazzy/install/sensor_msgs_py:/home/joel/ros2_jazzy/install/quality_of_service_demo_py:/home/joel/ros2_jazzy/install/camera_info_manager_py:/home/joel/ros2_jazzy/install/rqt_plot:/home/joel/ros2_jazzy/install/ros2doctor:/home/joel/ros2_jazzy/install/lifecycle_py:/home/joel/ros2_jazzy/install/examples_rclpy_minimal_subscriber:/home/joel/ros2_jazzy/install/examples_rclpy_minimal_service:/home/joel/ros2_jazzy/install/examples_rclpy_minimal_publisher:/home/joel/ros2_jazzy/install/examples_rclpy_minimal_client:/home/joel/ros2_jazzy/install/examples_rclpy_executors:/home/joel/ros2_jazzy/install/demo_nodes_py:/home/joel/ros2_jazzy/install/rqt:/home/joel/ros2_jazzy/install/ros2component:/home/joel/ros2_jazzy/install/sros2:/home/joel/ros2_jazzy/install/rqt_topic:/home/joel/ros2_jazzy/install/rqt_srv:/home/joel/ros2_jazzy/install/rqt_shell:/home/joel/ros2_jazzy/install/rqt_service_caller:/home/joel/ros2_jazzy/install/rqt_reconfigure:/home/joel/ros2_jazzy/install/rqt_py_console:/home/joel/ros2_jazzy/install/rqt_publisher:/home/joel/ros2_jazzy/install/rqt_action:/home/joel/ros2_jazzy/install/rqt_msg:/home/joel/ros2_jazzy/install/rqt_console:/home/joel/ros2_jazzy/install/rqt_graph:/home/joel/ros2_jazzy/install/rqt_gui_py:/home/joel/ros2_jazzy/install/rqt_gui:/home/joel/ros2_jazzy/install/ros2trace:/home/joel/ros2_jazzy/install/ros2topic:/home/joel/ros2_jazzy/install/ros2test:/home/joel/ros2_jazzy/install/ros2param:/home/joel/ros2_jazzy/install/ros2lifecycle:/home/joel/ros2_jazzy/install/ros2service:/home/joel/ros2_jazzy/install/ros2run:/home/joel/ros2_jazzy/install/ros2launch:/home/joel/ros2_jazzy/install/ros2pkg:/home/joel/ros2_jazzy/install/ros2node:/home/joel/ros2_jazzy/install/ros2multicast:/home/joel/ros2_jazzy/install/ros2interface:/home/joel/ros2_jazzy/install/ros2action:/home/joel/ros2_jazzy/install/ros2cli:/home/joel/ros2_jazzy/install/launch_testing_ros:/home/joel/ros2_jazzy/install/launch_ros:/home/joel/ros2_jazzy/install/examples_rclpy_minimal_action_server:/home/joel/ros2_jazzy/install/examples_rclpy_minimal_action_client:/home/joel/ros2_jazzy/install/examples_rclpy_guard_conditions:/home/joel/ros2_jazzy/install/action_tutorials_py:/home/joel/ros2_jazzy/install/ament_uncrustify:/home/joel/ros2_jazzy/install/tracetools_trace:/home/joel/ros2_jazzy/install/tracetools_read:/home/joel/ros2_jazzy/install/test_tracetools_launch:/home/joel/ros2_jazzy/install/test_ros2trace:/home/joel/ros2_jazzy/install/test_launch_ros:/home/joel/ros2_jazzy/install/rpyutils:/home/joel/ros2_jazzy/install/rosidl_runtime_py:/home/joel/ros2_jazzy/install/rosidl_pycommon:/home/joel/ros2_jazzy/install/rosidl_cli:/home/joel/ros2_jazzy/install/launch_pytest:/home/joel/ros2_jazzy/install/launch_testing:/home/joel/ros2_jazzy/install/launch_yaml:/home/joel/ros2_jazzy/install/launch_xml:/home/joel/ros2_jazzy/install/launch:/home/joel/ros2_jazzy/install/osrf_pycommon:/home/joel/ros2_jazzy/install/domain_coordinator:/home/joel/ros2_jazzy/install/ament_xmllint:/home/joel/ros2_jazzy/install/ament_pyflakes:/home/joel/ros2_jazzy/install/ament_pycodestyle:/home/joel/ros2_jazzy/install/ament_pep257:/home/joel/ros2_jazzy/install/ament_pclint:/home/joel/ros2_jazzy/install/ament_package:/home/joel/ros2_jazzy/install/ament_mypy:/home/joel/ros2_jazzy/install/ament_lint_cmake:/home/joel/ros2_jazzy/install/ament_flake8:/home/joel/ros2_jazzy/install/ament_copyright:/home/joel/ros2_jazzy/install/ament_lint:/home/joel/ros2_jazzy/install/ament_index_python:/home/joel/ros2_jazzy/install/ament_cpplint:/home/joel/ros2_jazzy/install/ament_cppcheck:/home/joel/ros2_jazzy/install/ament_clang_tidy:/home/joel/ros2_jazzy/install/ament_clang_format:/opt/ros/jazzy DEBUGINFOD_URLS=https://debuginfod.ubuntu.com /usr/bin/cmake --install /home/joel/vsC/Self-Driving-and-ROS-2-Learn-by-Doing-Plan-Navigation/Section3_Introduction_to_ROS_2/bumperbot_ws/build/bumperbot_mapping
[48.893s] Level 1:colcon.colcon_core.environment:checking '/home/joel/vsC/Self-Driving-and-ROS-2-Learn-by-Doing-Plan-Navigation/Section3_Introduction_to_ROS_2/bumperbot_ws/install/bumperbot_mapping' for CMake config files
[48.894s] Level 1:colcon.colcon_core.shell:create_environment_hook('bumperbot_mapping', 'cmake_prefix_path')
[48.894s] INFO:colcon.colcon_core.shell:Creating environment hook '/home/joel/vsC/Self-Driving-and-ROS-2-Learn-by-Doing-Plan-Navigation/Section3_Introduction_to_ROS_2/bumperbot_ws/install/bumperbot_mapping/share/bumperbot_mapping/hook/cmake_prefix_path.ps1'
[48.895s] INFO:colcon.colcon_core.shell:Creating environment descriptor '/home/joel/vsC/Self-Driving-and-ROS-2-Learn-by-Doing-Plan-Navigation/Section3_Introduction_to_ROS_2/bumperbot_ws/install/bumperbot_mapping/share/bumperbot_mapping/hook/cmake_prefix_path.dsv'
[48.895s] INFO:colcon.colcon_core.shell:Creating environment hook '/home/joel/vsC/Self-Driving-and-ROS-2-Learn-by-Doing-Plan-Navigation/Section3_Introduction_to_ROS_2/bumperbot_ws/install/bumperbot_mapping/share/bumperbot_mapping/hook/cmake_prefix_path.sh'
[48.896s] Level 1:colcon.colcon_core.environment:checking '/home/joel/vsC/Self-Driving-and-ROS-2-Learn-by-Doing-Plan-Navigation/Section3_Introduction_to_ROS_2/bumperbot_ws/install/bumperbot_mapping/lib'
[48.896s] Level 1:colcon.colcon_core.environment:checking '/home/joel/vsC/Self-Driving-and-ROS-2-Learn-by-Doing-Plan-Navigation/Section3_Introduction_to_ROS_2/bumperbot_ws/install/bumperbot_mapping/bin'
[48.896s] Level 1:colcon.colcon_core.environment:checking '/home/joel/vsC/Self-Driving-and-ROS-2-Learn-by-Doing-Plan-Navigation/Section3_Introduction_to_ROS_2/bumperbot_ws/install/bumperbot_mapping/lib/pkgconfig/bumperbot_mapping.pc'
[48.896s] Level 1:colcon.colcon_core.environment:checking '/home/joel/vsC/Self-Driving-and-ROS-2-Learn-by-Doing-Plan-Navigation/Section3_Introduction_to_ROS_2/bumperbot_ws/install/bumperbot_mapping/lib/python3.12/site-packages'
[48.896s] Level 1:colcon.colcon_core.shell:create_environment_hook('bumperbot_mapping', 'pythonpath')
[48.897s] INFO:colcon.colcon_core.shell:Creating environment hook '/home/joel/vsC/Self-Driving-and-ROS-2-Learn-by-Doing-Plan-Navigation/Section3_Introduction_to_ROS_2/bumperbot_ws/install/bumperbot_mapping/share/bumperbot_mapping/hook/pythonpath.ps1'
[48.897s] INFO:colcon.colcon_core.shell:Creating environment descriptor '/home/joel/vsC/Self-Driving-and-ROS-2-Learn-by-Doing-Plan-Navigation/Section3_Introduction_to_ROS_2/bumperbot_ws/install/bumperbot_mapping/share/bumperbot_mapping/hook/pythonpath.dsv'
[48.897s] INFO:colcon.colcon_core.shell:Creating environment hook '/home/joel/vsC/Self-Driving-and-ROS-2-Learn-by-Doing-Plan-Navigation/Section3_Introduction_to_ROS_2/bumperbot_ws/install/bumperbot_mapping/share/bumperbot_mapping/hook/pythonpath.sh'
[48.898s] Level 1:colcon.colcon_core.environment:checking '/home/joel/vsC/Self-Driving-and-ROS-2-Learn-by-Doing-Plan-Navigation/Section3_Introduction_to_ROS_2/bumperbot_ws/install/bumperbot_mapping/bin'
[48.898s] INFO:colcon.colcon_core.shell:Creating package script '/home/joel/vsC/Self-Driving-and-ROS-2-Learn-by-Doing-Plan-Navigation/Section3_Introduction_to_ROS_2/bumperbot_ws/install/bumperbot_mapping/share/bumperbot_mapping/package.ps1'
[48.899s] INFO:colcon.colcon_core.shell:Creating package descriptor '/home/joel/vsC/Self-Driving-and-ROS-2-Learn-by-Doing-Plan-Navigation/Section3_Introduction_to_ROS_2/bumperbot_ws/install/bumperbot_mapping/share/bumperbot_mapping/package.dsv'
[48.899s] INFO:colcon.colcon_core.shell:Creating package script '/home/joel/vsC/Self-Driving-and-ROS-2-Learn-by-Doing-Plan-Navigation/Section3_Introduction_to_ROS_2/bumperbot_ws/install/bumperbot_mapping/share/bumperbot_mapping/package.sh'
[48.900s] INFO:colcon.colcon_core.shell:Creating package script '/home/joel/vsC/Self-Driving-and-ROS-2-Learn-by-Doing-Plan-Navigation/Section3_Introduction_to_ROS_2/bumperbot_ws/install/bumperbot_mapping/share/bumperbot_mapping/package.bash'
[48.900s] INFO:colcon.colcon_core.shell:Creating package script '/home/joel/vsC/Self-Driving-and-ROS-2-Learn-by-Doing-Plan-Navigation/Section3_Introduction_to_ROS_2/bumperbot_ws/install/bumperbot_mapping/share/bumperbot_mapping/package.zsh'
[48.900s] Level 1:colcon.colcon_core.environment:create_file_with_runtime_dependencies(/home/joel/vsC/Self-Driving-and-ROS-2-Learn-by-Doing-Plan-Navigation/Section3_Introduction_to_ROS_2/bumperbot_ws/install/bumperbot_mapping/share/colcon-core/packages/bumperbot_mapping)
[48.901s] Level 1:colcon.colcon_core.environment:create_environment_scripts_only(bumperbot_mapping)
[48.901s] Level 1:colcon.colcon_core.environment:checking '/home/joel/vsC/Self-Driving-and-ROS-2-Learn-by-Doing-Plan-Navigation/Section3_Introduction_to_ROS_2/bumperbot_ws/install/bumperbot_mapping' for CMake module files
[48.901s] Level 1:colcon.colcon_core.environment:checking '/home/joel/vsC/Self-Driving-and-ROS-2-Learn-by-Doing-Plan-Navigation/Section3_Introduction_to_ROS_2/bumperbot_ws/install/bumperbot_mapping' for CMake config files
[48.902s] Level 1:colcon.colcon_core.shell:create_environment_hook('bumperbot_mapping', 'cmake_prefix_path')
[48.902s] INFO:colcon.colcon_core.shell:Creating environment hook '/home/joel/vsC/Self-Driving-and-ROS-2-Learn-by-Doing-Plan-Navigation/Section3_Introduction_to_ROS_2/bumperbot_ws/install/bumperbot_mapping/share/bumperbot_mapping/hook/cmake_prefix_path.ps1'
[48.902s] INFO:colcon.colcon_core.shell:Creating environment descriptor '/home/joel/vsC/Self-Driving-and-ROS-2-Learn-by-Doing-Plan-Navigation/Section3_Introduction_to_ROS_2/bumperbot_ws/install/bumperbot_mapping/share/bumperbot_mapping/hook/cmake_prefix_path.dsv'
[48.903s] INFO:colcon.colcon_core.shell:Creating environment hook '/home/joel/vsC/Self-Driving-and-ROS-2-Learn-by-Doing-Plan-Navigation/Section3_Introduction_to_ROS_2/bumperbot_ws/install/bumperbot_mapping/share/bumperbot_mapping/hook/cmake_prefix_path.sh'
[48.903s] Level 1:colcon.colcon_core.environment:checking '/home/joel/vsC/Self-Driving-and-ROS-2-Learn-by-Doing-Plan-Navigation/Section3_Introduction_to_ROS_2/bumperbot_ws/install/bumperbot_mapping/lib'
[48.903s] Level 1:colcon.colcon_core.environment:checking '/home/joel/vsC/Self-Driving-and-ROS-2-Learn-by-Doing-Plan-Navigation/Section3_Introduction_to_ROS_2/bumperbot_ws/install/bumperbot_mapping/bin'
[48.904s] Level 1:colcon.colcon_core.environment:checking '/home/joel/vsC/Self-Driving-and-ROS-2-Learn-by-Doing-Plan-Navigation/Section3_Introduction_to_ROS_2/bumperbot_ws/install/bumperbot_mapping/lib/pkgconfig/bumperbot_mapping.pc'
[48.904s] Level 1:colcon.colcon_core.environment:checking '/home/joel/vsC/Self-Driving-and-ROS-2-Learn-by-Doing-Plan-Navigation/Section3_Introduction_to_ROS_2/bumperbot_ws/install/bumperbot_mapping/lib/python3.12/site-packages'
[48.904s] Level 1:colcon.colcon_core.shell:create_environment_hook('bumperbot_mapping', 'pythonpath')
[48.904s] INFO:colcon.colcon_core.shell:Creating environment hook '/home/joel/vsC/Self-Driving-and-ROS-2-Learn-by-Doing-Plan-Navigation/Section3_Introduction_to_ROS_2/bumperbot_ws/install/bumperbot_mapping/share/bumperbot_mapping/hook/pythonpath.ps1'
[48.905s] INFO:colcon.colcon_core.shell:Creating environment descriptor '/home/joel/vsC/Self-Driving-and-ROS-2-Learn-by-Doing-Plan-Navigation/Section3_Introduction_to_ROS_2/bumperbot_ws/install/bumperbot_mapping/share/bumperbot_mapping/hook/pythonpath.dsv'
[48.905s] INFO:colcon.colcon_core.shell:Creating environment hook '/home/joel/vsC/Self-Driving-and-ROS-2-Learn-by-Doing-Plan-Navigation/Section3_Introduction_to_ROS_2/bumperbot_ws/install/bumperbot_mapping/share/bumperbot_mapping/hook/pythonpath.sh'
[48.906s] Level 1:colcon.colcon_core.environment:checking '/home/joel/vsC/Self-Driving-and-ROS-2-Learn-by-Doing-Plan-Navigation/Section3_Introduction_to_ROS_2/bumperbot_ws/install/bumperbot_mapping/bin'
[48.906s] INFO:colcon.colcon_core.shell:Creating package script '/home/joel/vsC/Self-Driving-and-ROS-2-Learn-by-Doing-Plan-Navigation/Section3_Introduction_to_ROS_2/bumperbot_ws/install/bumperbot_mapping/share/bumperbot_mapping/package.ps1'
[48.906s] INFO:colcon.colcon_core.shell:Creating package descriptor '/home/joel/vsC/Self-Driving-and-ROS-2-Learn-by-Doing-Plan-Navigation/Section3_Introduction_to_ROS_2/bumperbot_ws/install/bumperbot_mapping/share/bumperbot_mapping/package.dsv'
[48.907s] INFO:colcon.colcon_core.shell:Creating package script '/home/joel/vsC/Self-Driving-and-ROS-2-Learn-by-Doing-Plan-Navigation/Section3_Introduction_to_ROS_2/bumperbot_ws/install/bumperbot_mapping/share/bumperbot_mapping/package.sh'
[48.907s] INFO:colcon.colcon_core.shell:Creating package script '/home/joel/vsC/Self-Driving-and-ROS-2-Learn-by-Doing-Plan-Navigation/Section3_Introduction_to_ROS_2/bumperbot_ws/install/bumperbot_mapping/share/bumperbot_mapping/package.bash'
[48.908s] INFO:colcon.colcon_core.shell:Creating package script '/home/joel/vsC/Self-Driving-and-ROS-2-Learn-by-Doing-Plan-Navigation/Section3_Introduction_to_ROS_2/bumperbot_ws/install/bumperbot_mapping/share/bumperbot_mapping/package.zsh'
[48.908s] Level 1:colcon.colcon_core.environment:create_file_with_runtime_dependencies(/home/joel/vsC/Self-Driving-and-ROS-2-Learn-by-Doing-Plan-Navigation/Section3_Introduction_to_ROS_2/bumperbot_ws/install/bumperbot_mapping/share/colcon-core/packages/bumperbot_mapping)
[50.249s] DEBUG:colcon.colcon_core.event_handler.log_command:Invoking command in '/home/joel/vsC/Self-Driving-and-ROS-2-Learn-by-Doing-Plan-Navigation/Section3_Introduction_to_ROS_2/bumperbot_ws/src/bumperbot_py_examples': AMENT_PREFIX_PATH=/home/joel/vsC/Self-Driving-and-ROS-2-Learn-by-Doing-Plan-Navigation/Section3_Introduction_to_ROS_2/bumperbot_ws/install/bumperbot_msgs:${AMENT_PREFIX_PATH} CMAKE_PREFIX_PATH=/home/joel/vsC/Self-Driving-and-ROS-2-Learn-by-Doing-Plan-Navigation/Section3_Introduction_to_ROS_2/bumperbot_ws/install/bumperbot_msgs:${CMAKE_PREFIX_PATH} DEBUGINFOD_URLS=https://debuginfod.ubuntu.com LD_LIBRARY_PATH=/home/joel/vsC/Self-Driving-and-ROS-2-Learn-by-Doing-Plan-Navigation/Section3_Introduction_to_ROS_2/bumperbot_ws/install/bumperbot_msgs/lib:${LD_LIBRARY_PATH} PYTHONPATH=/home/joel/vsC/Self-Driving-and-ROS-2-Learn-by-Doing-Plan-Navigation/Section3_Introduction_to_ROS_2/bumperbot_ws/build/bumperbot_py_examples/prefix_override:/usr/lib/python3/dist-packages/colcon_core/task/python/colcon_distutils_commands:/home/joel/vsC/Self-Driving-and-ROS-2-Learn-by-Doing-Plan-Navigation/Section3_Introduction_to_ROS_2/bumperbot_ws/install/bumperbot_py_examples/lib/python3.12/site-packages:/home/joel/vsC/Self-Driving-and-ROS-2-Learn-by-Doing-Plan-Navigation/Section3_Introduction_to_ROS_2/bumperbot_ws/install/bumperbot_msgs/lib/python3.12/site-packages:${PYTHONPATH} /usr/bin/python3 -W ignore:setup.py install is deprecated -W ignore:easy_install command is deprecated setup.py egg_info --egg-base ../../build/bumperbot_py_examples build --build-base /home/joel/vsC/Self-Driving-and-ROS-2-Learn-by-Doing-Plan-Navigation/Section3_Introduction_to_ROS_2/bumperbot_ws/build/bumperbot_py_examples/build install --record /home/joel/vsC/Self-Driving-and-ROS-2-Learn-by-Doing-Plan-Navigation/Section3_Introduction_to_ROS_2/bumperbot_ws/build/bumperbot_py_examples/install.log --single-version-externally-managed install_data
[51.720s] Level 1:colcon.colcon_core.environment:checking '/home/joel/vsC/Self-Driving-and-ROS-2-Learn-by-Doing-Plan-Navigation/Section3_Introduction_to_ROS_2/bumperbot_ws/install/bumperbot_py_examples' for CMake module files
[51.721s] DEBUG:colcon.colcon_core.event_handler.log_command:Invoked command in '/home/joel/vsC/Self-Driving-and-ROS-2-Learn-by-Doing-Plan-Navigation/Section3_Introduction_to_ROS_2/bumperbot_ws/src/bumperbot_py_examples' returned '0': AMENT_PREFIX_PATH=/home/joel/vsC/Self-Driving-and-ROS-2-Learn-by-Doing-Plan-Navigation/Section3_Introduction_to_ROS_2/bumperbot_ws/install/bumperbot_msgs:${AMENT_PREFIX_PATH} CMAKE_PREFIX_PATH=/home/joel/vsC/Self-Driving-and-ROS-2-Learn-by-Doing-Plan-Navigation/Section3_Introduction_to_ROS_2/bumperbot_ws/install/bumperbot_msgs:${CMAKE_PREFIX_PATH} DEBUGINFOD_URLS=https://debuginfod.ubuntu.com LD_LIBRARY_PATH=/home/joel/vsC/Self-Driving-and-ROS-2-Learn-by-Doing-Plan-Navigation/Section3_Introduction_to_ROS_2/bumperbot_ws/install/bumperbot_msgs/lib:${LD_LIBRARY_PATH} PYTHONPATH=/home/joel/vsC/Self-Driving-and-ROS-2-Learn-by-Doing-Plan-Navigation/Section3_Introduction_to_ROS_2/bumperbot_ws/build/bumperbot_py_examples/prefix_override:/usr/lib/python3/dist-packages/colcon_core/task/python/colcon_distutils_commands:/home/joel/vsC/Self-Driving-and-ROS-2-Learn-by-Doing-Plan-Navigation/Section3_Introduction_to_ROS_2/bumperbot_ws/install/bumperbot_py_examples/lib/python3.12/site-packages:/home/joel/vsC/Self-Driving-and-ROS-2-Learn-by-Doing-Plan-Navigation/Section3_Introduction_to_ROS_2/bumperbot_ws/install/bumperbot_msgs/lib/python3.12/site-packages:${PYTHONPATH} /usr/bin/python3 -W ignore:setup.py install is deprecated -W ignore:easy_install command is deprecated setup.py egg_info --egg-base ../../build/bumperbot_py_examples build --build-base /home/joel/vsC/Self-Driving-and-ROS-2-Learn-by-Doing-Plan-Navigation/Section3_Introduction_to_ROS_2/bumperbot_ws/build/bumperbot_py_examples/build install --record /home/joel/vsC/Self-Driving-and-ROS-2-Learn-by-Doing-Plan-Navigation/Section3_Introduction_to_ROS_2/bumperbot_ws/build/bumperbot_py_examples/install.log --single-version-externally-managed install_data
[51.723s] Level 1:colcon.colcon_core.environment:checking '/home/joel/vsC/Self-Driving-and-ROS-2-Learn-by-Doing-Plan-Navigation/Section3_Introduction_to_ROS_2/bumperbot_ws/install/bumperbot_py_examples' for CMake config files
[51.724s] Level 1:colcon.colcon_core.environment:checking '/home/joel/vsC/Self-Driving-and-ROS-2-Learn-by-Doing-Plan-Navigation/Section3_Introduction_to_ROS_2/bumperbot_ws/install/bumperbot_py_examples/lib'
[51.724s] Level 1:colcon.colcon_core.environment:checking '/home/joel/vsC/Self-Driving-and-ROS-2-Learn-by-Doing-Plan-Navigation/Section3_Introduction_to_ROS_2/bumperbot_ws/install/bumperbot_py_examples/bin'
[51.724s] Level 1:colcon.colcon_core.environment:checking '/home/joel/vsC/Self-Driving-and-ROS-2-Learn-by-Doing-Plan-Navigation/Section3_Introduction_to_ROS_2/bumperbot_ws/install/bumperbot_py_examples/lib/pkgconfig/bumperbot_py_examples.pc'
[51.724s] Level 1:colcon.colcon_core.environment:checking '/home/joel/vsC/Self-Driving-and-ROS-2-Learn-by-Doing-Plan-Navigation/Section3_Introduction_to_ROS_2/bumperbot_ws/install/bumperbot_py_examples/lib/python3.12/site-packages'
[51.724s] Level 1:colcon.colcon_core.shell:create_environment_hook('bumperbot_py_examples', 'pythonpath')
[51.725s] INFO:colcon.colcon_core.shell:Creating environment hook '/home/joel/vsC/Self-Driving-and-ROS-2-Learn-by-Doing-Plan-Navigation/Section3_Introduction_to_ROS_2/bumperbot_ws/install/bumperbot_py_examples/share/bumperbot_py_examples/hook/pythonpath.ps1'
[51.725s] INFO:colcon.colcon_core.shell:Creating environment descriptor '/home/joel/vsC/Self-Driving-and-ROS-2-Learn-by-Doing-Plan-Navigation/Section3_Introduction_to_ROS_2/bumperbot_ws/install/bumperbot_py_examples/share/bumperbot_py_examples/hook/pythonpath.dsv'
[51.726s] INFO:colcon.colcon_core.shell:Creating environment hook '/home/joel/vsC/Self-Driving-and-ROS-2-Learn-by-Doing-Plan-Navigation/Section3_Introduction_to_ROS_2/bumperbot_ws/install/bumperbot_py_examples/share/bumperbot_py_examples/hook/pythonpath.sh'
[51.726s] Level 1:colcon.colcon_core.environment:checking '/home/joel/vsC/Self-Driving-and-ROS-2-Learn-by-Doing-Plan-Navigation/Section3_Introduction_to_ROS_2/bumperbot_ws/install/bumperbot_py_examples/bin'
[51.726s] Level 1:colcon.colcon_core.environment:create_environment_scripts_only(bumperbot_py_examples)
[51.726s] INFO:colcon.colcon_core.shell:Creating package script '/home/joel/vsC/Self-Driving-and-ROS-2-Learn-by-Doing-Plan-Navigation/Section3_Introduction_to_ROS_2/bumperbot_ws/install/bumperbot_py_examples/share/bumperbot_py_examples/package.ps1'
[51.727s] INFO:colcon.colcon_core.shell:Creating package descriptor '/home/joel/vsC/Self-Driving-and-ROS-2-Learn-by-Doing-Plan-Navigation/Section3_Introduction_to_ROS_2/bumperbot_ws/install/bumperbot_py_examples/share/bumperbot_py_examples/package.dsv'
[51.727s] INFO:colcon.colcon_core.shell:Creating package script '/home/joel/vsC/Self-Driving-and-ROS-2-Learn-by-Doing-Plan-Navigation/Section3_Introduction_to_ROS_2/bumperbot_ws/install/bumperbot_py_examples/share/bumperbot_py_examples/package.sh'
[51.728s] INFO:colcon.colcon_core.shell:Creating package script '/home/joel/vsC/Self-Driving-and-ROS-2-Learn-by-Doing-Plan-Navigation/Section3_Introduction_to_ROS_2/bumperbot_ws/install/bumperbot_py_examples/share/bumperbot_py_examples/package.bash'
[51.728s] INFO:colcon.colcon_core.shell:Creating package script '/home/joel/vsC/Self-Driving-and-ROS-2-Learn-by-Doing-Plan-Navigation/Section3_Introduction_to_ROS_2/bumperbot_ws/install/bumperbot_py_examples/share/bumperbot_py_examples/package.zsh'
[51.728s] Level 1:colcon.colcon_core.environment:create_file_with_runtime_dependencies(/home/joel/vsC/Self-Driving-and-ROS-2-Learn-by-Doing-Plan-Navigation/Section3_Introduction_to_ROS_2/bumperbot_ws/install/bumperbot_py_examples/share/colcon-core/packages/bumperbot_py_examples)
[51.758s] DEBUG:colcon.colcon_core.event_handler.log_command:Invoked command in '/home/joel/vsC/Self-Driving-and-ROS-2-Learn-by-Doing-Plan-Navigation/Section3_Introduction_to_ROS_2/bumperbot_ws/build/bumperbot_controller' returned '0': CMAKE_PREFIX_PATH=${CMAKE_PREFIX_PATH}:/home/joel/ros2_jazzy/install/rqt_bag_plugins:/home/joel/ros2_jazzy/install/rqt_bag:/home/joel/ros2_jazzy/install/rosbag2_examples_py:/home/joel/ros2_jazzy/install/launch_testing_examples:/home/joel/ros2_jazzy/install/ros2bag:/home/joel/ros2_jazzy/install/tracetools_test:/home/joel/ros2_jazzy/install/tracetools_launch:/home/joel/ros2_jazzy/install/topic_monitor:/home/joel/ros2_jazzy/install/tf2_tools:/home/joel/ros2_jazzy/install/examples_tf2_py:/home/joel/ros2_jazzy/install/tf2_ros_py:/home/joel/ros2_jazzy/install/examples_rclpy_pointcloud_publisher:/home/joel/ros2_jazzy/install/sensor_msgs_py:/home/joel/ros2_jazzy/install/quality_of_service_demo_py:/home/joel/ros2_jazzy/install/camera_info_manager_py:/home/joel/ros2_jazzy/install/rqt_plot:/home/joel/ros2_jazzy/install/ros2doctor:/home/joel/ros2_jazzy/install/lifecycle_py:/home/joel/ros2_jazzy/install/examples_rclpy_minimal_subscriber:/home/joel/ros2_jazzy/install/examples_rclpy_minimal_service:/home/joel/ros2_jazzy/install/examples_rclpy_minimal_publisher:/home/joel/ros2_jazzy/install/examples_rclpy_minimal_client:/home/joel/ros2_jazzy/install/examples_rclpy_executors:/home/joel/ros2_jazzy/install/demo_nodes_py:/home/joel/ros2_jazzy/install/rqt:/home/joel/ros2_jazzy/install/ros2component:/home/joel/ros2_jazzy/install/sros2:/home/joel/ros2_jazzy/install/rqt_topic:/home/joel/ros2_jazzy/install/rqt_srv:/home/joel/ros2_jazzy/install/rqt_shell:/home/joel/ros2_jazzy/install/rqt_service_caller:/home/joel/ros2_jazzy/install/rqt_reconfigure:/home/joel/ros2_jazzy/install/rqt_py_console:/home/joel/ros2_jazzy/install/rqt_publisher:/home/joel/ros2_jazzy/install/rqt_action:/home/joel/ros2_jazzy/install/rqt_msg:/home/joel/ros2_jazzy/install/rqt_console:/home/joel/ros2_jazzy/install/rqt_graph:/home/joel/ros2_jazzy/install/rqt_gui_py:/home/joel/ros2_jazzy/install/rqt_gui:/home/joel/ros2_jazzy/install/ros2trace:/home/joel/ros2_jazzy/install/ros2topic:/home/joel/ros2_jazzy/install/ros2test:/home/joel/ros2_jazzy/install/ros2param:/home/joel/ros2_jazzy/install/ros2lifecycle:/home/joel/ros2_jazzy/install/ros2service:/home/joel/ros2_jazzy/install/ros2run:/home/joel/ros2_jazzy/install/ros2launch:/home/joel/ros2_jazzy/install/ros2pkg:/home/joel/ros2_jazzy/install/ros2node:/home/joel/ros2_jazzy/install/ros2multicast:/home/joel/ros2_jazzy/install/ros2interface:/home/joel/ros2_jazzy/install/ros2action:/home/joel/ros2_jazzy/install/ros2cli:/home/joel/ros2_jazzy/install/launch_testing_ros:/home/joel/ros2_jazzy/install/launch_ros:/home/joel/ros2_jazzy/install/examples_rclpy_minimal_action_server:/home/joel/ros2_jazzy/install/examples_rclpy_minimal_action_client:/home/joel/ros2_jazzy/install/examples_rclpy_guard_conditions:/home/joel/ros2_jazzy/install/action_tutorials_py:/home/joel/ros2_jazzy/install/ament_uncrustify:/home/joel/ros2_jazzy/install/tracetools_trace:/home/joel/ros2_jazzy/install/tracetools_read:/home/joel/ros2_jazzy/install/test_tracetools_launch:/home/joel/ros2_jazzy/install/test_ros2trace:/home/joel/ros2_jazzy/install/test_launch_ros:/home/joel/ros2_jazzy/install/rpyutils:/home/joel/ros2_jazzy/install/rosidl_runtime_py:/home/joel/ros2_jazzy/install/rosidl_pycommon:/home/joel/ros2_jazzy/install/rosidl_cli:/home/joel/ros2_jazzy/install/launch_pytest:/home/joel/ros2_jazzy/install/launch_testing:/home/joel/ros2_jazzy/install/launch_yaml:/home/joel/ros2_jazzy/install/launch_xml:/home/joel/ros2_jazzy/install/launch:/home/joel/ros2_jazzy/install/osrf_pycommon:/home/joel/ros2_jazzy/install/domain_coordinator:/home/joel/ros2_jazzy/install/ament_xmllint:/home/joel/ros2_jazzy/install/ament_pyflakes:/home/joel/ros2_jazzy/install/ament_pycodestyle:/home/joel/ros2_jazzy/install/ament_pep257:/home/joel/ros2_jazzy/install/ament_pclint:/home/joel/ros2_jazzy/install/ament_package:/home/joel/ros2_jazzy/install/ament_mypy:/home/joel/ros2_jazzy/install/ament_lint_cmake:/home/joel/ros2_jazzy/install/ament_flake8:/home/joel/ros2_jazzy/install/ament_copyright:/home/joel/ros2_jazzy/install/ament_lint:/home/joel/ros2_jazzy/install/ament_index_python:/home/joel/ros2_jazzy/install/ament_cpplint:/home/joel/ros2_jazzy/install/ament_cppcheck:/home/joel/ros2_jazzy/install/ament_clang_tidy:/home/joel/ros2_jazzy/install/ament_clang_format:/opt/ros/jazzy DEBUGINFOD_URLS=https://debuginfod.ubuntu.com /usr/bin/cmake --build /home/joel/vsC/Self-Driving-and-ROS-2-Learn-by-Doing-Plan-Navigation/Section3_Introduction_to_ROS_2/bumperbot_ws/build/bumperbot_controller -- -j8 -l8
[51.760s] DEBUG:colcon.colcon_core.event_handler.log_command:Invoking command in '/home/joel/vsC/Self-Driving-and-ROS-2-Learn-by-Doing-Plan-Navigation/Section3_Introduction_to_ROS_2/bumperbot_ws/build/bumperbot_controller': CMAKE_PREFIX_PATH=${CMAKE_PREFIX_PATH}:/home/joel/ros2_jazzy/install/rqt_bag_plugins:/home/joel/ros2_jazzy/install/rqt_bag:/home/joel/ros2_jazzy/install/rosbag2_examples_py:/home/joel/ros2_jazzy/install/launch_testing_examples:/home/joel/ros2_jazzy/install/ros2bag:/home/joel/ros2_jazzy/install/tracetools_test:/home/joel/ros2_jazzy/install/tracetools_launch:/home/joel/ros2_jazzy/install/topic_monitor:/home/joel/ros2_jazzy/install/tf2_tools:/home/joel/ros2_jazzy/install/examples_tf2_py:/home/joel/ros2_jazzy/install/tf2_ros_py:/home/joel/ros2_jazzy/install/examples_rclpy_pointcloud_publisher:/home/joel/ros2_jazzy/install/sensor_msgs_py:/home/joel/ros2_jazzy/install/quality_of_service_demo_py:/home/joel/ros2_jazzy/install/camera_info_manager_py:/home/joel/ros2_jazzy/install/rqt_plot:/home/joel/ros2_jazzy/install/ros2doctor:/home/joel/ros2_jazzy/install/lifecycle_py:/home/joel/ros2_jazzy/install/examples_rclpy_minimal_subscriber:/home/joel/ros2_jazzy/install/examples_rclpy_minimal_service:/home/joel/ros2_jazzy/install/examples_rclpy_minimal_publisher:/home/joel/ros2_jazzy/install/examples_rclpy_minimal_client:/home/joel/ros2_jazzy/install/examples_rclpy_executors:/home/joel/ros2_jazzy/install/demo_nodes_py:/home/joel/ros2_jazzy/install/rqt:/home/joel/ros2_jazzy/install/ros2component:/home/joel/ros2_jazzy/install/sros2:/home/joel/ros2_jazzy/install/rqt_topic:/home/joel/ros2_jazzy/install/rqt_srv:/home/joel/ros2_jazzy/install/rqt_shell:/home/joel/ros2_jazzy/install/rqt_service_caller:/home/joel/ros2_jazzy/install/rqt_reconfigure:/home/joel/ros2_jazzy/install/rqt_py_console:/home/joel/ros2_jazzy/install/rqt_publisher:/home/joel/ros2_jazzy/install/rqt_action:/home/joel/ros2_jazzy/install/rqt_msg:/home/joel/ros2_jazzy/install/rqt_console:/home/joel/ros2_jazzy/install/rqt_graph:/home/joel/ros2_jazzy/install/rqt_gui_py:/home/joel/ros2_jazzy/install/rqt_gui:/home/joel/ros2_jazzy/install/ros2trace:/home/joel/ros2_jazzy/install/ros2topic:/home/joel/ros2_jazzy/install/ros2test:/home/joel/ros2_jazzy/install/ros2param:/home/joel/ros2_jazzy/install/ros2lifecycle:/home/joel/ros2_jazzy/install/ros2service:/home/joel/ros2_jazzy/install/ros2run:/home/joel/ros2_jazzy/install/ros2launch:/home/joel/ros2_jazzy/install/ros2pkg:/home/joel/ros2_jazzy/install/ros2node:/home/joel/ros2_jazzy/install/ros2multicast:/home/joel/ros2_jazzy/install/ros2interface:/home/joel/ros2_jazzy/install/ros2action:/home/joel/ros2_jazzy/install/ros2cli:/home/joel/ros2_jazzy/install/launch_testing_ros:/home/joel/ros2_jazzy/install/launch_ros:/home/joel/ros2_jazzy/install/examples_rclpy_minimal_action_server:/home/joel/ros2_jazzy/install/examples_rclpy_minimal_action_client:/home/joel/ros2_jazzy/install/examples_rclpy_guard_conditions:/home/joel/ros2_jazzy/install/action_tutorials_py:/home/joel/ros2_jazzy/install/ament_uncrustify:/home/joel/ros2_jazzy/install/tracetools_trace:/home/joel/ros2_jazzy/install/tracetools_read:/home/joel/ros2_jazzy/install/test_tracetools_launch:/home/joel/ros2_jazzy/install/test_ros2trace:/home/joel/ros2_jazzy/install/test_launch_ros:/home/joel/ros2_jazzy/install/rpyutils:/home/joel/ros2_jazzy/install/rosidl_runtime_py:/home/joel/ros2_jazzy/install/rosidl_pycommon:/home/joel/ros2_jazzy/install/rosidl_cli:/home/joel/ros2_jazzy/install/launch_pytest:/home/joel/ros2_jazzy/install/launch_testing:/home/joel/ros2_jazzy/install/launch_yaml:/home/joel/ros2_jazzy/install/launch_xml:/home/joel/ros2_jazzy/install/launch:/home/joel/ros2_jazzy/install/osrf_pycommon:/home/joel/ros2_jazzy/install/domain_coordinator:/home/joel/ros2_jazzy/install/ament_xmllint:/home/joel/ros2_jazzy/install/ament_pyflakes:/home/joel/ros2_jazzy/install/ament_pycodestyle:/home/joel/ros2_jazzy/install/ament_pep257:/home/joel/ros2_jazzy/install/ament_pclint:/home/joel/ros2_jazzy/install/ament_package:/home/joel/ros2_jazzy/install/ament_mypy:/home/joel/ros2_jazzy/install/ament_lint_cmake:/home/joel/ros2_jazzy/install/ament_flake8:/home/joel/ros2_jazzy/install/ament_copyright:/home/joel/ros2_jazzy/install/ament_lint:/home/joel/ros2_jazzy/install/ament_index_python:/home/joel/ros2_jazzy/install/ament_cpplint:/home/joel/ros2_jazzy/install/ament_cppcheck:/home/joel/ros2_jazzy/install/ament_clang_tidy:/home/joel/ros2_jazzy/install/ament_clang_format:/opt/ros/jazzy DEBUGINFOD_URLS=https://debuginfod.ubuntu.com /usr/bin/cmake --install /home/joel/vsC/Self-Driving-and-ROS-2-Learn-by-Doing-Plan-Navigation/Section3_Introduction_to_ROS_2/bumperbot_ws/build/bumperbot_controller
[51.909s] Level 1:colcon.colcon_core.environment:create_environment_scripts_only(bumperbot_controller)
[51.909s] Level 1:colcon.colcon_core.environment:checking '/home/joel/vsC/Self-Driving-and-ROS-2-Learn-by-Doing-Plan-Navigation/Section3_Introduction_to_ROS_2/bumperbot_ws/install/bumperbot_controller' for CMake module files
[51.910s] DEBUG:colcon.colcon_core.event_handler.log_command:Invoked command in '/home/joel/vsC/Self-Driving-and-ROS-2-Learn-by-Doing-Plan-Navigation/Section3_Introduction_to_ROS_2/bumperbot_ws/build/bumperbot_controller' returned '0': CMAKE_PREFIX_PATH=${CMAKE_PREFIX_PATH}:/home/joel/ros2_jazzy/install/rqt_bag_plugins:/home/joel/ros2_jazzy/install/rqt_bag:/home/joel/ros2_jazzy/install/rosbag2_examples_py:/home/joel/ros2_jazzy/install/launch_testing_examples:/home/joel/ros2_jazzy/install/ros2bag:/home/joel/ros2_jazzy/install/tracetools_test:/home/joel/ros2_jazzy/install/tracetools_launch:/home/joel/ros2_jazzy/install/topic_monitor:/home/joel/ros2_jazzy/install/tf2_tools:/home/joel/ros2_jazzy/install/examples_tf2_py:/home/joel/ros2_jazzy/install/tf2_ros_py:/home/joel/ros2_jazzy/install/examples_rclpy_pointcloud_publisher:/home/joel/ros2_jazzy/install/sensor_msgs_py:/home/joel/ros2_jazzy/install/quality_of_service_demo_py:/home/joel/ros2_jazzy/install/camera_info_manager_py:/home/joel/ros2_jazzy/install/rqt_plot:/home/joel/ros2_jazzy/install/ros2doctor:/home/joel/ros2_jazzy/install/lifecycle_py:/home/joel/ros2_jazzy/install/examples_rclpy_minimal_subscriber:/home/joel/ros2_jazzy/install/examples_rclpy_minimal_service:/home/joel/ros2_jazzy/install/examples_rclpy_minimal_publisher:/home/joel/ros2_jazzy/install/examples_rclpy_minimal_client:/home/joel/ros2_jazzy/install/examples_rclpy_executors:/home/joel/ros2_jazzy/install/demo_nodes_py:/home/joel/ros2_jazzy/install/rqt:/home/joel/ros2_jazzy/install/ros2component:/home/joel/ros2_jazzy/install/sros2:/home/joel/ros2_jazzy/install/rqt_topic:/home/joel/ros2_jazzy/install/rqt_srv:/home/joel/ros2_jazzy/install/rqt_shell:/home/joel/ros2_jazzy/install/rqt_service_caller:/home/joel/ros2_jazzy/install/rqt_reconfigure:/home/joel/ros2_jazzy/install/rqt_py_console:/home/joel/ros2_jazzy/install/rqt_publisher:/home/joel/ros2_jazzy/install/rqt_action:/home/joel/ros2_jazzy/install/rqt_msg:/home/joel/ros2_jazzy/install/rqt_console:/home/joel/ros2_jazzy/install/rqt_graph:/home/joel/ros2_jazzy/install/rqt_gui_py:/home/joel/ros2_jazzy/install/rqt_gui:/home/joel/ros2_jazzy/install/ros2trace:/home/joel/ros2_jazzy/install/ros2topic:/home/joel/ros2_jazzy/install/ros2test:/home/joel/ros2_jazzy/install/ros2param:/home/joel/ros2_jazzy/install/ros2lifecycle:/home/joel/ros2_jazzy/install/ros2service:/home/joel/ros2_jazzy/install/ros2run:/home/joel/ros2_jazzy/install/ros2launch:/home/joel/ros2_jazzy/install/ros2pkg:/home/joel/ros2_jazzy/install/ros2node:/home/joel/ros2_jazzy/install/ros2multicast:/home/joel/ros2_jazzy/install/ros2interface:/home/joel/ros2_jazzy/install/ros2action:/home/joel/ros2_jazzy/install/ros2cli:/home/joel/ros2_jazzy/install/launch_testing_ros:/home/joel/ros2_jazzy/install/launch_ros:/home/joel/ros2_jazzy/install/examples_rclpy_minimal_action_server:/home/joel/ros2_jazzy/install/examples_rclpy_minimal_action_client:/home/joel/ros2_jazzy/install/examples_rclpy_guard_conditions:/home/joel/ros2_jazzy/install/action_tutorials_py:/home/joel/ros2_jazzy/install/ament_uncrustify:/home/joel/ros2_jazzy/install/tracetools_trace:/home/joel/ros2_jazzy/install/tracetools_read:/home/joel/ros2_jazzy/install/test_tracetools_launch:/home/joel/ros2_jazzy/install/test_ros2trace:/home/joel/ros2_jazzy/install/test_launch_ros:/home/joel/ros2_jazzy/install/rpyutils:/home/joel/ros2_jazzy/install/rosidl_runtime_py:/home/joel/ros2_jazzy/install/rosidl_pycommon:/home/joel/ros2_jazzy/install/rosidl_cli:/home/joel/ros2_jazzy/install/launch_pytest:/home/joel/ros2_jazzy/install/launch_testing:/home/joel/ros2_jazzy/install/launch_yaml:/home/joel/ros2_jazzy/install/launch_xml:/home/joel/ros2_jazzy/install/launch:/home/joel/ros2_jazzy/install/osrf_pycommon:/home/joel/ros2_jazzy/install/domain_coordinator:/home/joel/ros2_jazzy/install/ament_xmllint:/home/joel/ros2_jazzy/install/ament_pyflakes:/home/joel/ros2_jazzy/install/ament_pycodestyle:/home/joel/ros2_jazzy/install/ament_pep257:/home/joel/ros2_jazzy/install/ament_pclint:/home/joel/ros2_jazzy/install/ament_package:/home/joel/ros2_jazzy/install/ament_mypy:/home/joel/ros2_jazzy/install/ament_lint_cmake:/home/joel/ros2_jazzy/install/ament_flake8:/home/joel/ros2_jazzy/install/ament_copyright:/home/joel/ros2_jazzy/install/ament_lint:/home/joel/ros2_jazzy/install/ament_index_python:/home/joel/ros2_jazzy/install/ament_cpplint:/home/joel/ros2_jazzy/install/ament_cppcheck:/home/joel/ros2_jazzy/install/ament_clang_tidy:/home/joel/ros2_jazzy/install/ament_clang_format:/opt/ros/jazzy DEBUGINFOD_URLS=https://debuginfod.ubuntu.com /usr/bin/cmake --install /home/joel/vsC/Self-Driving-and-ROS-2-Learn-by-Doing-Plan-Navigation/Section3_Introduction_to_ROS_2/bumperbot_ws/build/bumperbot_controller
[51.911s] Level 1:colcon.colcon_core.environment:checking '/home/joel/vsC/Self-Driving-and-ROS-2-Learn-by-Doing-Plan-Navigation/Section3_Introduction_to_ROS_2/bumperbot_ws/install/bumperbot_controller' for CMake config files
[51.911s] Level 1:colcon.colcon_core.shell:create_environment_hook('bumperbot_controller', 'cmake_prefix_path')
[51.911s] INFO:colcon.colcon_core.shell:Creating environment hook '/home/joel/vsC/Self-Driving-and-ROS-2-Learn-by-Doing-Plan-Navigation/Section3_Introduction_to_ROS_2/bumperbot_ws/install/bumperbot_controller/share/bumperbot_controller/hook/cmake_prefix_path.ps1'
[51.912s] INFO:colcon.colcon_core.shell:Creating environment descriptor '/home/joel/vsC/Self-Driving-and-ROS-2-Learn-by-Doing-Plan-Navigation/Section3_Introduction_to_ROS_2/bumperbot_ws/install/bumperbot_controller/share/bumperbot_controller/hook/cmake_prefix_path.dsv'
[51.912s] INFO:colcon.colcon_core.shell:Creating environment hook '/home/joel/vsC/Self-Driving-and-ROS-2-Learn-by-Doing-Plan-Navigation/Section3_Introduction_to_ROS_2/bumperbot_ws/install/bumperbot_controller/share/bumperbot_controller/hook/cmake_prefix_path.sh'
[51.913s] Level 1:colcon.colcon_core.environment:checking '/home/joel/vsC/Self-Driving-and-ROS-2-Learn-by-Doing-Plan-Navigation/Section3_Introduction_to_ROS_2/bumperbot_ws/install/bumperbot_controller/lib'
[51.913s] Level 1:colcon.colcon_core.environment:checking '/home/joel/vsC/Self-Driving-and-ROS-2-Learn-by-Doing-Plan-Navigation/Section3_Introduction_to_ROS_2/bumperbot_ws/install/bumperbot_controller/bin'
[51.913s] Level 1:colcon.colcon_core.environment:checking '/home/joel/vsC/Self-Driving-and-ROS-2-Learn-by-Doing-Plan-Navigation/Section3_Introduction_to_ROS_2/bumperbot_ws/install/bumperbot_controller/lib/pkgconfig/bumperbot_controller.pc'
[51.913s] Level 1:colcon.colcon_core.environment:checking '/home/joel/vsC/Self-Driving-and-ROS-2-Learn-by-Doing-Plan-Navigation/Section3_Introduction_to_ROS_2/bumperbot_ws/install/bumperbot_controller/lib/python3.12/site-packages'
[51.913s] Level 1:colcon.colcon_core.shell:create_environment_hook('bumperbot_controller', 'pythonpath')
[51.913s] INFO:colcon.colcon_core.shell:Creating environment hook '/home/joel/vsC/Self-Driving-and-ROS-2-Learn-by-Doing-Plan-Navigation/Section3_Introduction_to_ROS_2/bumperbot_ws/install/bumperbot_controller/share/bumperbot_controller/hook/pythonpath.ps1'
[51.913s] INFO:colcon.colcon_core.shell:Creating environment descriptor '/home/joel/vsC/Self-Driving-and-ROS-2-Learn-by-Doing-Plan-Navigation/Section3_Introduction_to_ROS_2/bumperbot_ws/install/bumperbot_controller/share/bumperbot_controller/hook/pythonpath.dsv'
[51.914s] INFO:colcon.colcon_core.shell:Creating environment hook '/home/joel/vsC/Self-Driving-and-ROS-2-Learn-by-Doing-Plan-Navigation/Section3_Introduction_to_ROS_2/bumperbot_ws/install/bumperbot_controller/share/bumperbot_controller/hook/pythonpath.sh'
[51.914s] Level 1:colcon.colcon_core.environment:checking '/home/joel/vsC/Self-Driving-and-ROS-2-Learn-by-Doing-Plan-Navigation/Section3_Introduction_to_ROS_2/bumperbot_ws/install/bumperbot_controller/bin'
[51.915s] INFO:colcon.colcon_core.shell:Creating package script '/home/joel/vsC/Self-Driving-and-ROS-2-Learn-by-Doing-Plan-Navigation/Section3_Introduction_to_ROS_2/bumperbot_ws/install/bumperbot_controller/share/bumperbot_controller/package.ps1'
[51.915s] INFO:colcon.colcon_core.shell:Creating package descriptor '/home/joel/vsC/Self-Driving-and-ROS-2-Learn-by-Doing-Plan-Navigation/Section3_Introduction_to_ROS_2/bumperbot_ws/install/bumperbot_controller/share/bumperbot_controller/package.dsv'
[51.915s] INFO:colcon.colcon_core.shell:Creating package script '/home/joel/vsC/Self-Driving-and-ROS-2-Learn-by-Doing-Plan-Navigation/Section3_Introduction_to_ROS_2/bumperbot_ws/install/bumperbot_controller/share/bumperbot_controller/package.sh'
[51.916s] INFO:colcon.colcon_core.shell:Creating package script '/home/joel/vsC/Self-Driving-and-ROS-2-Learn-by-Doing-Plan-Navigation/Section3_Introduction_to_ROS_2/bumperbot_ws/install/bumperbot_controller/share/bumperbot_controller/package.bash'
[51.916s] INFO:colcon.colcon_core.shell:Creating package script '/home/joel/vsC/Self-Driving-and-ROS-2-Learn-by-Doing-Plan-Navigation/Section3_Introduction_to_ROS_2/bumperbot_ws/install/bumperbot_controller/share/bumperbot_controller/package.zsh'
[51.917s] Level 1:colcon.colcon_core.environment:create_file_with_runtime_dependencies(/home/joel/vsC/Self-Driving-and-ROS-2-Learn-by-Doing-Plan-Navigation/Section3_Introduction_to_ROS_2/bumperbot_ws/install/bumperbot_controller/share/colcon-core/packages/bumperbot_controller)
[51.917s] Level 1:colcon.colcon_core.environment:create_environment_scripts_only(bumperbot_controller)
[51.917s] Level 1:colcon.colcon_core.environment:checking '/home/joel/vsC/Self-Driving-and-ROS-2-Learn-by-Doing-Plan-Navigation/Section3_Introduction_to_ROS_2/bumperbot_ws/install/bumperbot_controller' for CMake module files
[51.918s] Level 1:colcon.colcon_core.environment:checking '/home/joel/vsC/Self-Driving-and-ROS-2-Learn-by-Doing-Plan-Navigation/Section3_Introduction_to_ROS_2/bumperbot_ws/install/bumperbot_controller' for CMake config files
[51.918s] Level 1:colcon.colcon_core.shell:create_environment_hook('bumperbot_controller', 'cmake_prefix_path')
[51.918s] INFO:colcon.colcon_core.shell:Creating environment hook '/home/joel/vsC/Self-Driving-and-ROS-2-Learn-by-Doing-Plan-Navigation/Section3_Introduction_to_ROS_2/bumperbot_ws/install/bumperbot_controller/share/bumperbot_controller/hook/cmake_prefix_path.ps1'
[51.919s] INFO:colcon.colcon_core.shell:Creating environment descriptor '/home/joel/vsC/Self-Driving-and-ROS-2-Learn-by-Doing-Plan-Navigation/Section3_Introduction_to_ROS_2/bumperbot_ws/install/bumperbot_controller/share/bumperbot_controller/hook/cmake_prefix_path.dsv'
[51.919s] INFO:colcon.colcon_core.shell:Creating environment hook '/home/joel/vsC/Self-Driving-and-ROS-2-Learn-by-Doing-Plan-Navigation/Section3_Introduction_to_ROS_2/bumperbot_ws/install/bumperbot_controller/share/bumperbot_controller/hook/cmake_prefix_path.sh'
[51.920s] Level 1:colcon.colcon_core.environment:checking '/home/joel/vsC/Self-Driving-and-ROS-2-Learn-by-Doing-Plan-Navigation/Section3_Introduction_to_ROS_2/bumperbot_ws/install/bumperbot_controller/lib'
[51.920s] Level 1:colcon.colcon_core.environment:checking '/home/joel/vsC/Self-Driving-and-ROS-2-Learn-by-Doing-Plan-Navigation/Section3_Introduction_to_ROS_2/bumperbot_ws/install/bumperbot_controller/bin'
[51.920s] Level 1:colcon.colcon_core.environment:checking '/home/joel/vsC/Self-Driving-and-ROS-2-Learn-by-Doing-Plan-Navigation/Section3_Introduction_to_ROS_2/bumperbot_ws/install/bumperbot_controller/lib/pkgconfig/bumperbot_controller.pc'
[51.920s] Level 1:colcon.colcon_core.environment:checking '/home/joel/vsC/Self-Driving-and-ROS-2-Learn-by-Doing-Plan-Navigation/Section3_Introduction_to_ROS_2/bumperbot_ws/install/bumperbot_controller/lib/python3.12/site-packages'
[51.920s] Level 1:colcon.colcon_core.shell:create_environment_hook('bumperbot_controller', 'pythonpath')
[51.921s] INFO:colcon.colcon_core.shell:Creating environment hook '/home/joel/vsC/Self-Driving-and-ROS-2-Learn-by-Doing-Plan-Navigation/Section3_Introduction_to_ROS_2/bumperbot_ws/install/bumperbot_controller/share/bumperbot_controller/hook/pythonpath.ps1'
[51.922s] INFO:colcon.colcon_core.shell:Creating environment descriptor '/home/joel/vsC/Self-Driving-and-ROS-2-Learn-by-Doing-Plan-Navigation/Section3_Introduction_to_ROS_2/bumperbot_ws/install/bumperbot_controller/share/bumperbot_controller/hook/pythonpath.dsv'
[51.923s] INFO:colcon.colcon_core.shell:Creating environment hook '/home/joel/vsC/Self-Driving-and-ROS-2-Learn-by-Doing-Plan-Navigation/Section3_Introduction_to_ROS_2/bumperbot_ws/install/bumperbot_controller/share/bumperbot_controller/hook/pythonpath.sh'
[51.924s] Level 1:colcon.colcon_core.environment:checking '/home/joel/vsC/Self-Driving-and-ROS-2-Learn-by-Doing-Plan-Navigation/Section3_Introduction_to_ROS_2/bumperbot_ws/install/bumperbot_controller/bin'
[51.925s] INFO:colcon.colcon_core.shell:Creating package script '/home/joel/vsC/Self-Driving-and-ROS-2-Learn-by-Doing-Plan-Navigation/Section3_Introduction_to_ROS_2/bumperbot_ws/install/bumperbot_controller/share/bumperbot_controller/package.ps1'
[51.925s] INFO:colcon.colcon_core.shell:Creating package descriptor '/home/joel/vsC/Self-Driving-and-ROS-2-Learn-by-Doing-Plan-Navigation/Section3_Introduction_to_ROS_2/bumperbot_ws/install/bumperbot_controller/share/bumperbot_controller/package.dsv'
[51.926s] INFO:colcon.colcon_core.shell:Creating package script '/home/joel/vsC/Self-Driving-and-ROS-2-Learn-by-Doing-Plan-Navigation/Section3_Introduction_to_ROS_2/bumperbot_ws/install/bumperbot_controller/share/bumperbot_controller/package.sh'
[51.926s] INFO:colcon.colcon_core.shell:Creating package script '/home/joel/vsC/Self-Driving-and-ROS-2-Learn-by-Doing-Plan-Navigation/Section3_Introduction_to_ROS_2/bumperbot_ws/install/bumperbot_controller/share/bumperbot_controller/package.bash'
[51.927s] INFO:colcon.colcon_core.shell:Creating package script '/home/joel/vsC/Self-Driving-and-ROS-2-Learn-by-Doing-Plan-Navigation/Section3_Introduction_to_ROS_2/bumperbot_ws/install/bumperbot_controller/share/bumperbot_controller/package.zsh'
[51.927s] Level 1:colcon.colcon_core.environment:create_file_with_runtime_dependencies(/home/joel/vsC/Self-Driving-and-ROS-2-Learn-by-Doing-Plan-Navigation/Section3_Introduction_to_ROS_2/bumperbot_ws/install/bumperbot_controller/share/colcon-core/packages/bumperbot_controller)
[51.927s] INFO:colcon.colcon_ros.task.ament_cmake.build:Building ROS package in '/home/joel/vsC/Self-Driving-and-ROS-2-Learn-by-Doing-Plan-Navigation/Section3_Introduction_to_ROS_2/bumperbot_ws/src/bumperbot_bringup' with build type 'ament_cmake'
[51.927s] INFO:colcon.colcon_cmake.task.cmake.build:Building CMake package in '/home/joel/vsC/Self-Driving-and-ROS-2-Learn-by-Doing-Plan-Navigation/Section3_Introduction_to_ROS_2/bumperbot_ws/src/bumperbot_bringup'
[51.927s] INFO:colcon.colcon_core.shell:Skip shell extension 'powershell' for command environment: Not usable outside of PowerShell
[51.927s] DEBUG:colcon.colcon_core.shell:Skip shell extension 'dsv' for command environment
[52.001s] DEBUG:colcon.colcon_core.event_handler.log_command:Invoking command in '/home/joel/vsC/Self-Driving-and-ROS-2-Learn-by-Doing-Plan-Navigation/Section3_Introduction_to_ROS_2/bumperbot_ws/build/bumperbot_bringup': AMENT_PREFIX_PATH=/home/joel/vsC/Self-Driving-and-ROS-2-Learn-by-Doing-Plan-Navigation/Section3_Introduction_to_ROS_2/bumperbot_ws/install/bumperbot_mapping:/home/joel/vsC/Self-Driving-and-ROS-2-Learn-by-Doing-Plan-Navigation/Section3_Introduction_to_ROS_2/bumperbot_ws/install/bumperbot_localization:/home/joel/vsC/Self-Driving-and-ROS-2-Learn-by-Doing-Plan-Navigation/Section3_Introduction_to_ROS_2/bumperbot_ws/install/bumperbot_firmware:/home/joel/vsC/Self-Driving-and-ROS-2-Learn-by-Doing-Plan-Navigation/Section3_Introduction_to_ROS_2/bumperbot_ws/install/bumperbot_description:/home/joel/vsC/Self-Driving-and-ROS-2-Learn-by-Doing-Plan-Navigation/Section3_Introduction_to_ROS_2/bumperbot_ws/install/bumperbot_controller:${AMENT_PREFIX_PATH} CMAKE_PREFIX_PATH=/home/joel/vsC/Self-Driving-and-ROS-2-Learn-by-Doing-Plan-Navigation/Section3_Introduction_to_ROS_2/bumperbot_ws/install/bumperbot_mapping:/home/joel/vsC/Self-Driving-and-ROS-2-Learn-by-Doing-Plan-Navigation/Section3_Introduction_to_ROS_2/bumperbot_ws/install/bumperbot_localization:/home/joel/vsC/Self-Driving-and-ROS-2-Learn-by-Doing-Plan-Navigation/Section3_Introduction_to_ROS_2/bumperbot_ws/install/bumperbot_firmware:/home/joel/vsC/Self-Driving-and-ROS-2-Learn-by-Doing-Plan-Navigation/Section3_Introduction_to_ROS_2/bumperbot_ws/install/bumperbot_description:/home/joel/vsC/Self-Driving-and-ROS-2-Learn-by-Doing-Plan-Navigation/Section3_Introduction_to_ROS_2/bumperbot_ws/install/bumperbot_controller:/home/joel/ros2_jazzy/install/rosbag2:/home/joel/ros2_jazzy/install/rosbag2_storage_default_plugins:/home/joel/ros2_jazzy/install/rosbag2_storage_mcap:/home/joel/ros2_jazzy/install/rosbag2_compression_zstd:/home/joel/ros2_jazzy/install/mcap_vendor:/home/joel/ros2_jazzy/install/zstd_vendor:/home/joel/ros2_jazzy/install/rviz_visual_testing_framework:/home/joel/ros2_jazzy/install/rviz2:/home/joel/ros2_jazzy/install/rviz_default_plugins:/home/joel/ros2_jazzy/install/rviz_common:/home/joel/ros2_jazzy/install/rosbag2_py:/home/joel/ros2_jazzy/install/rosbag2_transport:/home/joel/ros2_jazzy/install/rosbag2_storage_sqlite3:/home/joel/ros2_jazzy/install/rosbag2_examples_cpp:/home/joel/ros2_jazzy/install/rosbag2_compression:/home/joel/ros2_jazzy/install/rosbag2_cpp:/home/joel/ros2_jazzy/install/rosbag2_storage:/home/joel/ros2_jazzy/install/image_common:/home/joel/ros2_jazzy/install/camera_info_manager:/home/joel/ros2_jazzy/install/camera_calibration_parsers:/home/joel/ros2_jazzy/install/yaml_cpp_vendor:/home/joel/ros2_jazzy/install/interactive_markers:/home/joel/ros2_jazzy/install/common_interfaces:/home/joel/ros2_jazzy/install/visualization_msgs:/home/joel/ros2_jazzy/install/mobile_robot:/home/joel/ros2_jazzy/install/dummy_robot_bringup:/home/joel/ros2_jazzy/install/robot_state_publisher:/home/joel/ros2_jazzy/install/kdl_parser:/home/joel/ros2_jazzy/install/urdf:/home/joel/ros2_jazzy/install/urdfdom:/home/joel/ros2_jazzy/install/urdf_parser_plugin:/home/joel/ros2_jazzy/install/urdfdom_headers:/home/joel/ros2_jazzy/install/turtlesim:/home/joel/ros2_jazzy/install/trajectory_msgs:/home/joel/ros2_jazzy/install/topic_statistics_demo:/home/joel/ros2_jazzy/install/pendulum_control:/home/joel/ros2_jazzy/install/tlsf_cpp:/home/joel/ros2_jazzy/install/geometry2:/home/joel/ros2_jazzy/install/tf2_sensor_msgs:/home/joel/ros2_jazzy/install/test_tf2:/home/joel/ros2_jazzy/install/tf2_kdl:/home/joel/ros2_jazzy/install/tf2_geometry_msgs:/home/joel/ros2_jazzy/install/tf2_eigen:/home/joel/ros2_jazzy/install/tf2_bullet:/home/joel/ros2_jazzy/install/tf2_ros:/home/joel/ros2_jazzy/install/tf2_py:/home/joel/ros2_jazzy/install/tf2_msgs:/home/joel/ros2_jazzy/install/tf2_eigen_kdl:/home/joel/ros2_jazzy/install/laser_geometry:/home/joel/ros2_jazzy/install/tf2:/home/joel/ros2_jazzy/install/test_tracetools:/home/joel/ros2_jazzy/install/rosbag2_test_common:/home/joel/ros2_jazzy/install/test_msgs:/home/joel/ros2_jazzy/install/test_communication:/home/joel/ros2_jazzy/install/stereo_msgs:/home/joel/ros2_jazzy/install/std_srvs:/home/joel/ros2_jazzy/install/shape_msgs:/home/joel/ros2_jazzy/install/quality_of_service_demo_cpp:/home/joel/ros2_jazzy/install/point_cloud_transport_py:/home/joel/ros2_jazzy/install/point_cloud_transport:/home/joel/ros2_jazzy/install/map_msgs:/home/joel/ros2_jazzy/install/intra_process_demo:/home/joel/ros2_jazzy/install/image_transport:/home/joel/ros2_jazzy/install/image_tools:/home/joel/ros2_jazzy/install/dummy_sensors:/home/joel/ros2_jazzy/install/sensor_msgs:/home/joel/ros2_jazzy/install/ros2cli_common_extensions:/home/joel/ros2_jazzy/install/dummy_map_server:/home/joel/ros2_jazzy/install/nav_msgs:/home/joel/ros2_jazzy/install/message_filters:/home/joel/ros2_jazzy/install/logging_demo:/home/joel/ros2_jazzy/install/lifecycle:/home/joel/ros2_jazzy/install/diagnostic_msgs:/home/joel/ros2_jazzy/install/geometry_msgs:/home/joel/ros2_jazzy/install/examples_rclcpp_wait_set:/home/joel/ros2_jazzy/install/examples_rclcpp_multithreaded_executor:/home/joel/ros2_jazzy/install/examples_rclcpp_minimal_subscriber:/home/joel/ros2_jazzy/install/examples_rclcpp_minimal_publisher:/home/joel/ros2_jazzy/install/examples_rclcpp_minimal_composition:/home/joel/ros2_jazzy/install/examples_rclcpp_cbg_executor:/home/joel/ros2_jazzy/install/demo_nodes_cpp_native:/home/joel/ros2_jazzy/install/demo_nodes_cpp:/home/joel/ros2_jazzy/install/composition:/home/joel/ros2_jazzy/install/actionlib_msgs:/home/joel/ros2_jazzy/install/std_msgs:/home/joel/ros2_jazzy/install/rqt_gui_cpp:/home/joel/ros2_jazzy/install/ros2lifecycle_test_fixtures:/home/joel/ros2_jazzy/install/rclcpp_lifecycle:/home/joel/ros2_jazzy/install/action_tutorials_cpp:/home/joel/ros2_jazzy/install/rclcpp_components:/home/joel/ros2_jazzy/install/examples_rclcpp_minimal_action_server:/home/joel/ros2_jazzy/install/examples_rclcpp_minimal_action_client:/home/joel/ros2_jazzy/install/rclcpp_action:/home/joel/ros2_jazzy/install/examples_rclcpp_minimal_timer:/home/joel/ros2_jazzy/install/examples_rclcpp_minimal_service:/home/joel/ros2_jazzy/install/examples_rclcpp_minimal_client:/home/joel/ros2_jazzy/install/examples_rclcpp_async_client:/home/joel/ros2_jazzy/install/rclcpp:/home/joel/ros2_jazzy/install/libstatistics_collector:/home/joel/ros2_jazzy/install/statistics_msgs:/home/joel/ros2_jazzy/install/sros2_cmake:/home/joel/ros2_jazzy/install/rqt_py_common:/home/joel/ros2_jazzy/install/ros_testing:/home/joel/ros2_jazzy/install/rclpy:/home/joel/ros2_jazzy/install/rosgraph_msgs:/home/joel/ros2_jazzy/install/rosbag2_interfaces:/home/joel/ros2_jazzy/install/ros2cli_test_interfaces:/home/joel/ros2_jazzy/install/rcl_lifecycle:/home/joel/ros2_jazzy/install/rcl_action:/home/joel/ros2_jazzy/install/rcl:/home/joel/ros2_jazzy/install/rmw_implementation:/home/joel/ros2_jazzy/install/rmw_fastrtps_dynamic_cpp:/home/joel/ros2_jazzy/install/rmw_fastrtps_cpp:/home/joel/ros2_jazzy/install/rmw_fastrtps_shared_cpp:/home/joel/ros2_jazzy/install/rmw_cyclonedds_cpp:/home/joel/ros2_jazzy/install/rmw_connextddsmicro:/home/joel/ros2_jazzy/install/rmw_connextdds:/home/joel/ros2_jazzy/install/rmw_connextdds_common:/home/joel/ros2_jazzy/install/rmw_dds_common:/home/joel/ros2_jazzy/install/composition_interfaces:/home/joel/ros2_jazzy/install/rcl_interfaces:/home/joel/ros2_jazzy/install/pendulum_msgs:/home/joel/ros2_jazzy/install/lifecycle_msgs:/home/joel/ros2_jazzy/install/example_interfaces:/home/joel/ros2_jazzy/install/action_tutorials_interfaces:/home/joel/ros2_jazzy/install/rosidl_default_runtime:/home/joel/ros2_jazzy/install/rosidl_default_generators:/home/joel/ros2_jazzy/install/action_msgs:/home/joel/ros2_jazzy/install/unique_identifier_msgs:/home/joel/ros2_jazzy/install/type_description_interfaces:/home/joel/ros2_jazzy/install/service_msgs:/home/joel/ros2_jazzy/install/builtin_interfaces:/home/joel/ros2_jazzy/install/rosidl_core_runtime:/home/joel/ros2_jazzy/install/rosidl_core_generators:/home/joel/ros2_jazzy/install/rosidl_generator_py:/home/joel/ros2_jazzy/install/ament_lint_common:/home/joel/ros2_jazzy/install/ament_cmake_uncrustify:/home/joel/ros2_jazzy/install/uncrustify_vendor:/home/joel/ros2_jazzy/install/tracetools:/home/joel/ros2_jazzy/install/tlsf:/home/joel/ros2_jazzy/install/qt_gui_core:/home/joel/ros2_jazzy/install/qt_gui_cpp:/home/joel/ros2_jazzy/install/pluginlib:/home/joel/ros2_jazzy/install/tinyxml2_vendor:/home/joel/ros2_jazzy/install/test_security:/home/joel/ros2_jazzy/install/test_rmw_implementation:/home/joel/ros2_jazzy/install/test_rclcpp:/home/joel/ros2_jazzy/install/test_quality_of_service:/home/joel/ros2_jazzy/install/test_launch_testing:/home/joel/ros2_jazzy/install/test_interface_files:/home/joel/ros2_jazzy/install/test_cli_remapping:/home/joel/ros2_jazzy/install/test_cli:/home/joel/ros2_jazzy/install/qt_gui_app:/home/joel/ros2_jazzy/install/qt_gui:/home/joel/ros2_jazzy/install/tango_icons_vendor:/home/joel/ros2_jazzy/install/sqlite3_vendor:/home/joel/ros2_jazzy/install/rcl_logging_spdlog:/home/joel/ros2_jazzy/install/spdlog_vendor:/home/joel/ros2_jazzy/install/shared_queues_vendor:/home/joel/ros2_jazzy/install/rviz_rendering_tests:/home/joel/ros2_jazzy/install/rviz_rendering:/home/joel/ros2_jazzy/install/rviz_ogre_vendor:/home/joel/ros2_jazzy/install/rviz_assimp_vendor:/home/joel/ros2_jazzy/install/rttest:/home/joel/ros2_jazzy/install/rti_connext_dds_cmake_module:/home/joel/ros2_jazzy/install/lttngpy:/home/joel/ros2_jazzy/install/rosidl_typesupport_tests:/home/joel/ros2_jazzy/install/rosidl_typesupport_introspection_tests:/home/joel/ros2_jazzy/install/rosidl_typesupport_cpp:/home/joel/ros2_jazzy/install/rosidl_typesupport_introspection_cpp:/home/joel/ros2_jazzy/install/rosidl_typesupport_c:/home/joel/ros2_jazzy/install/rosidl_typesupport_introspection_c:/home/joel/ros2_jazzy/install/rosidl_typesupport_fastrtps_c:/home/joel/ros2_jazzy/install/rosidl_typesupport_fastrtps_cpp:/home/joel/ros2_jazzy/install/rosidl_generator_cpp:/home/joel/ros2_jazzy/install/rosidl_runtime_cpp:/home/joel/ros2_jazzy/install/rosidl_dynamic_typesupport_fastrtps:/home/joel/ros2_jazzy/install/rcl_yaml_param_parser:/home/joel/ros2_jazzy/install/rmw:/home/joel/ros2_jazzy/install/rosidl_dynamic_typesupport:/home/joel/ros2_jazzy/install/rosidl_runtime_c:/home/joel/ros2_jazzy/install/rosidl_generator_c:/home/joel/ros2_jazzy/install/rosidl_typesupport_interface:/home/joel/ros2_jazzy/install/rosidl_generator_dds_idl:/home/joel/ros2_jazzy/install/rosidl_cmake:/home/joel/ros2_jazzy/install/rosidl_generator_type_description:/home/joel/ros2_jazzy/install/rosidl_parser:/home/joel/ros2_jazzy/install/rosidl_generator_tests:/home/joel/ros2_jazzy/install/rosidl_adapter:/home/joel/ros2_jazzy/install/rosbag2_tests:/home/joel/ros2_jazzy/install/rosbag2_test_msgdefs:/home/joel/ros2_jazzy/install/ros_environment:/home/joel/ros2_jazzy/install/rmw_implementation_cmake:/home/joel/ros2_jazzy/install/resource_retriever:/home/joel/ros2_jazzy/install/class_loader:/home/joel/ros2_jazzy/install/rcpputils:/home/joel/ros2_jazzy/install/rcl_logging_noop:/home/joel/ros2_jazzy/install/rcl_logging_interface:/home/joel/ros2_jazzy/install/rcutils:/home/joel/ros2_jazzy/install/qt_gui_py_common:/home/joel/ros2_jazzy/install/qt_dotgraph:/home/joel/ros2_jazzy/install/python_qt_binding:/home/joel/ros2_jazzy/install/python_orocos_kdl_vendor:/home/joel/ros2_jazzy/install/launch_testing_ament_cmake:/home/joel/ros2_jazzy/install/python_cmake_module:/home/joel/ros2_jazzy/install/pybind11_vendor:/home/joel/ros2_jazzy/install/performance_test_fixture:/home/joel/ros2_jazzy/install/osrf_testing_tools_cpp:/home/joel/ros2_jazzy/install/orocos_kdl_vendor:/home/joel/ros2_jazzy/install/mimick_vendor:/home/joel/ros2_jazzy/install/libyaml_vendor:/home/joel/ros2_jazzy/install/liblz4_vendor:/home/joel/ros2_jazzy/install/libcurl_vendor:/home/joel/ros2_jazzy/install/keyboard_handler:/home/joel/ros2_jazzy/install/iceoryx_introspection:/home/joel/ros2_jazzy/install/cyclonedds:/home/joel/ros2_jazzy/install/iceoryx_posh:/home/joel/ros2_jazzy/install/iceoryx_hoofs:/home/joel/ros2_jazzy/install/iceoryx_binding_c:/home/joel/ros2_jazzy/install/gz_math_vendor:/home/joel/ros2_jazzy/install/gz_utils_vendor:/home/joel/ros2_jazzy/install/gz_cmake_vendor:/home/joel/ros2_jazzy/install/ament_cmake_ros:/home/joel/ros2_jazzy/install/ament_cmake_auto:/home/joel/ros2_jazzy/install/ament_cmake_gmock:/home/joel/ros2_jazzy/install/gmock_vendor:/home/joel/ros2_jazzy/install/fastrtps:/home/joel/ros2_jazzy/install/fastcdr:/home/joel/ros2_jazzy/install/ament_cmake_gtest:/home/joel/ros2_jazzy/install/gtest_vendor:/home/joel/ros2_jazzy/install/ament_cmake_google_benchmark:/home/joel/ros2_jazzy/install/google_benchmark_vendor:/home/joel/ros2_jazzy/install/foonathan_memory_vendor:/home/joel/ros2_jazzy/install/fastrtps_cmake_module:/home/joel/ros2_jazzy/install/eigen3_cmake_module:/home/joel/ros2_jazzy/install/console_bridge_vendor:/home/joel/ros2_jazzy/install/ament_cmake_xmllint:/home/joel/ros2_jazzy/install/ament_cmake_pyflakes:/home/joel/ros2_jazzy/install/ament_cmake_pycodestyle:/home/joel/ros2_jazzy/install/ament_cmake_pep257:/home/joel/ros2_jazzy/install/ament_cmake_pclint:/home/joel/ros2_jazzy/install/ament_lint_auto:/home/joel/ros2_jazzy/install/ament_cmake:/home/joel/ros2_jazzy/install/ament_cmake_version:/home/joel/ros2_jazzy/install/ament_cmake_vendor_package:/home/joel/ros2_jazzy/install/ament_cmake_pytest:/home/joel/ros2_jazzy/install/ament_cmake_mypy:/home/joel/ros2_jazzy/install/ament_cmake_lint_cmake:/home/joel/ros2_jazzy/install/ament_cmake_flake8:/home/joel/ros2_jazzy/install/ament_cmake_cpplint:/home/joel/ros2_jazzy/install/ament_cmake_cppcheck:/home/joel/ros2_jazzy/install/ament_cmake_copyright:/home/joel/ros2_jazzy/install/ament_cmake_clang_tidy:/home/joel/ros2_jazzy/install/ament_cmake_clang_format:/home/joel/ros2_jazzy/install/ament_cmake_test:/home/joel/ros2_jazzy/install/ament_cmake_target_dependencies:/home/joel/ros2_jazzy/install/ament_cmake_python:/home/joel/ros2_jazzy/install/ament_cmake_export_dependencies:/home/joel/ros2_jazzy/install/ament_cmake_libraries:/home/joel/ros2_jazzy/install/ament_cmake_include_directories:/home/joel/ros2_jazzy/install/ament_cmake_gen_version_h:/home/joel/ros2_jazzy/install/ament_cmake_export_targets:/home/joel/ros2_jazzy/install/ament_cmake_export_link_flags:/home/joel/ros2_jazzy/install/ament_cmake_export_interfaces:/home/joel/ros2_jazzy/install/ament_cmake_export_libraries:/home/joel/ros2_jazzy/install/ament_cmake_export_include_directories:/home/joel/ros2_jazzy/install/ament_cmake_export_definitions:/home/joel/ros2_jazzy/install/ament_cmake_core:/home/joel/ros2_jazzy/install/ament_index_cpp:/opt/ros/jazzy/opt/gz_sim_vendor:/opt/ros/jazzy/opt/gz_sensors_vendor:/opt/ros/jazzy/opt/gz_physics_vendor:/opt/ros/jazzy/opt/sdformat_vendor:/opt/ros/jazzy/opt/gz_gui_vendor:/opt/ros/jazzy/opt/gz_transport_vendor:/opt/ros/jazzy/opt/gz_rendering_vendor:/opt/ros/jazzy/opt/gz_plugin_vendor:/opt/ros/jazzy/opt/gz_fuel_tools_vendor:/opt/ros/jazzy/opt/gz_msgs_vendor:/opt/ros/jazzy/opt/gz_common_vendor:/opt/ros/jazzy/opt/gz_math_vendor:/opt/ros/jazzy/opt/gz_utils_vendor:/opt/ros/jazzy/opt/gz_tools_vendor:/opt/ros/jazzy/opt/gz_ogre_next_vendor:/opt/ros/jazzy/opt/gz_dartsim_vendor:/opt/ros/jazzy/opt/gz_cmake_vendor:/home/joel/ros2_jazzy/install/rqt_bag_plugins:/home/joel/ros2_jazzy/install/rqt_bag:/home/joel/ros2_jazzy/install/rosbag2_examples_py:/home/joel/ros2_jazzy/install/launch_testing_examples:/home/joel/ros2_jazzy/install/ros2bag:/home/joel/ros2_jazzy/install/tracetools_test:/home/joel/ros2_jazzy/install/tracetools_launch:/home/joel/ros2_jazzy/install/topic_monitor:/home/joel/ros2_jazzy/install/tf2_tools:/home/joel/ros2_jazzy/install/examples_tf2_py:/home/joel/ros2_jazzy/install/tf2_ros_py:/home/joel/ros2_jazzy/install/examples_rclpy_pointcloud_publisher:/home/joel/ros2_jazzy/install/sensor_msgs_py:/home/joel/ros2_jazzy/install/quality_of_service_demo_py:/home/joel/ros2_jazzy/install/camera_info_manager_py:/home/joel/ros2_jazzy/install/rqt_plot:/home/joel/ros2_jazzy/install/ros2doctor:/home/joel/ros2_jazzy/install/lifecycle_py:/home/joel/ros2_jazzy/install/examples_rclpy_minimal_subscriber:/home/joel/ros2_jazzy/install/examples_rclpy_minimal_service:/home/joel/ros2_jazzy/install/examples_rclpy_minimal_publisher:/home/joel/ros2_jazzy/install/examples_rclpy_minimal_client:/home/joel/ros2_jazzy/install/examples_rclpy_executors:/home/joel/ros2_jazzy/install/demo_nodes_py:/home/joel/ros2_jazzy/install/rqt:/home/joel/ros2_jazzy/install/ros2component:/home/joel/ros2_jazzy/install/sros2:/home/joel/ros2_jazzy/install/rqt_topic:/home/joel/ros2_jazzy/install/rqt_srv:/home/joel/ros2_jazzy/install/rqt_shell:/home/joel/ros2_jazzy/install/rqt_service_caller:/home/joel/ros2_jazzy/install/rqt_reconfigure:/home/joel/ros2_jazzy/install/rqt_py_console:/home/joel/ros2_jazzy/install/rqt_publisher:/home/joel/ros2_jazzy/install/rqt_action:/home/joel/ros2_jazzy/install/rqt_msg:/home/joel/ros2_jazzy/install/rqt_console:/home/joel/ros2_jazzy/install/rqt_graph:/home/joel/ros2_jazzy/install/rqt_gui_py:/home/joel/ros2_jazzy/install/rqt_gui:/home/joel/ros2_jazzy/install/ros2trace:/home/joel/ros2_jazzy/install/ros2topic:/home/joel/ros2_jazzy/install/ros2test:/home/joel/ros2_jazzy/install/ros2param:/home/joel/ros2_jazzy/install/ros2lifecycle:/home/joel/ros2_jazzy/install/ros2service:/home/joel/ros2_jazzy/install/ros2run:/home/joel/ros2_jazzy/install/ros2launch:/home/joel/ros2_jazzy/install/ros2pkg:/home/joel/ros2_jazzy/install/ros2node:/home/joel/ros2_jazzy/install/ros2multicast:/home/joel/ros2_jazzy/install/ros2interface:/home/joel/ros2_jazzy/install/ros2action:/home/joel/ros2_jazzy/install/ros2cli:/home/joel/ros2_jazzy/install/launch_testing_ros:/home/joel/ros2_jazzy/install/launch_ros:/home/joel/ros2_jazzy/install/examples_rclpy_minimal_action_server:/home/joel/ros2_jazzy/install/examples_rclpy_minimal_action_client:/home/joel/ros2_jazzy/install/examples_rclpy_guard_conditions:/home/joel/ros2_jazzy/install/action_tutorials_py:/home/joel/ros2_jazzy/install/ament_uncrustify:/home/joel/ros2_jazzy/install/tracetools_trace:/home/joel/ros2_jazzy/install/tracetools_read:/home/joel/ros2_jazzy/install/test_tracetools_launch:/home/joel/ros2_jazzy/install/test_ros2trace:/home/joel/ros2_jazzy/install/test_launch_ros:/home/joel/ros2_jazzy/install/rpyutils:/home/joel/ros2_jazzy/install/rosidl_runtime_py:/home/joel/ros2_jazzy/install/rosidl_pycommon:/home/joel/ros2_jazzy/install/rosidl_cli:/home/joel/ros2_jazzy/install/launch_pytest:/home/joel/ros2_jazzy/install/launch_testing:/home/joel/ros2_jazzy/install/launch_yaml:/home/joel/ros2_jazzy/install/launch_xml:/home/joel/ros2_jazzy/install/launch:/home/joel/ros2_jazzy/install/osrf_pycommon:/home/joel/ros2_jazzy/install/domain_coordinator:/home/joel/ros2_jazzy/install/ament_xmllint:/home/joel/ros2_jazzy/install/ament_pyflakes:/home/joel/ros2_jazzy/install/ament_pycodestyle:/home/joel/ros2_jazzy/install/ament_pep257:/home/joel/ros2_jazzy/install/ament_pclint:/home/joel/ros2_jazzy/install/ament_package:/home/joel/ros2_jazzy/install/ament_mypy:/home/joel/ros2_jazzy/install/ament_lint_cmake:/home/joel/ros2_jazzy/install/ament_flake8:/home/joel/ros2_jazzy/install/ament_copyright:/home/joel/ros2_jazzy/install/ament_lint:/home/joel/ros2_jazzy/install/ament_index_python:/home/joel/ros2_jazzy/install/ament_cpplint:/home/joel/ros2_jazzy/install/ament_cppcheck:/home/joel/ros2_jazzy/install/ament_clang_tidy:/home/joel/ros2_jazzy/install/ament_clang_format:/opt/ros/jazzy DEBUGINFOD_URLS=https://debuginfod.ubuntu.com LD_LIBRARY_PATH=/home/joel/vsC/Self-Driving-and-ROS-2-Learn-by-Doing-Plan-Navigation/Section3_Introduction_to_ROS_2/bumperbot_ws/install/bumperbot_firmware/lib:${LD_LIBRARY_PATH} PATH=/home/joel/vsC/Self-Driving-and-ROS-2-Learn-by-Doing-Plan-Navigation/Section3_Introduction_to_ROS_2/bumperbot_ws/install/bumperbot_localization/bin:${PATH} PYTHONPATH=/home/joel/vsC/Self-Driving-and-ROS-2-Learn-by-Doing-Plan-Navigation/Section3_Introduction_to_ROS_2/bumperbot_ws/install/bumperbot_mapping/lib/python3.12/site-packages:/home/joel/vsC/Self-Driving-and-ROS-2-Learn-by-Doing-Plan-Navigation/Section3_Introduction_to_ROS_2/bumperbot_ws/install/bumperbot_localization/lib/python3.12/site-packages:/home/joel/vsC/Self-Driving-and-ROS-2-Learn-by-Doing-Plan-Navigation/Section3_Introduction_to_ROS_2/bumperbot_ws/install/bumperbot_firmware/lib/python3.12/site-packages:/home/joel/vsC/Self-Driving-and-ROS-2-Learn-by-Doing-Plan-Navigation/Section3_Introduction_to_ROS_2/bumperbot_ws/install/bumperbot_controller/lib/python3.12/site-packages:${PYTHONPATH} /usr/bin/cmake /home/joel/vsC/Self-Driving-and-ROS-2-Learn-by-Doing-Plan-Navigation/Section3_Introduction_to_ROS_2/bumperbot_ws/src/bumperbot_bringup -DCMAKE_INSTALL_PREFIX=/home/joel/vsC/Self-Driving-and-ROS-2-Learn-by-Doing-Plan-Navigation/Section3_Introduction_to_ROS_2/bumperbot_ws/install/bumperbot_bringup
[52.861s] DEBUG:colcon.colcon_core.event_handler.log_command:Invoked command in '/home/joel/vsC/Self-Driving-and-ROS-2-Learn-by-Doing-Plan-Navigation/Section3_Introduction_to_ROS_2/bumperbot_ws/build/bumperbot_cpp_examples' returned '0': AMENT_PREFIX_PATH=/home/joel/vsC/Self-Driving-and-ROS-2-Learn-by-Doing-Plan-Navigation/Section3_Introduction_to_ROS_2/bumperbot_ws/install/bumperbot_msgs:${AMENT_PREFIX_PATH} CMAKE_PREFIX_PATH=/home/joel/vsC/Self-Driving-and-ROS-2-Learn-by-Doing-Plan-Navigation/Section3_Introduction_to_ROS_2/bumperbot_ws/install/bumperbot_msgs:/home/joel/ros2_jazzy/install/rosbag2:/home/joel/ros2_jazzy/install/rosbag2_storage_default_plugins:/home/joel/ros2_jazzy/install/rosbag2_storage_mcap:/home/joel/ros2_jazzy/install/rosbag2_compression_zstd:/home/joel/ros2_jazzy/install/mcap_vendor:/home/joel/ros2_jazzy/install/zstd_vendor:/home/joel/ros2_jazzy/install/rviz_visual_testing_framework:/home/joel/ros2_jazzy/install/rviz2:/home/joel/ros2_jazzy/install/rviz_default_plugins:/home/joel/ros2_jazzy/install/rviz_common:/home/joel/ros2_jazzy/install/rosbag2_py:/home/joel/ros2_jazzy/install/rosbag2_transport:/home/joel/ros2_jazzy/install/rosbag2_storage_sqlite3:/home/joel/ros2_jazzy/install/rosbag2_examples_cpp:/home/joel/ros2_jazzy/install/rosbag2_compression:/home/joel/ros2_jazzy/install/rosbag2_cpp:/home/joel/ros2_jazzy/install/rosbag2_storage:/home/joel/ros2_jazzy/install/image_common:/home/joel/ros2_jazzy/install/camera_info_manager:/home/joel/ros2_jazzy/install/camera_calibration_parsers:/home/joel/ros2_jazzy/install/yaml_cpp_vendor:/home/joel/ros2_jazzy/install/interactive_markers:/home/joel/ros2_jazzy/install/common_interfaces:/home/joel/ros2_jazzy/install/visualization_msgs:/home/joel/ros2_jazzy/install/mobile_robot:/home/joel/ros2_jazzy/install/dummy_robot_bringup:/home/joel/ros2_jazzy/install/robot_state_publisher:/home/joel/ros2_jazzy/install/kdl_parser:/home/joel/ros2_jazzy/install/urdf:/home/joel/ros2_jazzy/install/urdfdom:/home/joel/ros2_jazzy/install/urdf_parser_plugin:/home/joel/ros2_jazzy/install/urdfdom_headers:/home/joel/ros2_jazzy/install/turtlesim:/home/joel/ros2_jazzy/install/trajectory_msgs:/home/joel/ros2_jazzy/install/topic_statistics_demo:/home/joel/ros2_jazzy/install/pendulum_control:/home/joel/ros2_jazzy/install/tlsf_cpp:/home/joel/ros2_jazzy/install/geometry2:/home/joel/ros2_jazzy/install/tf2_sensor_msgs:/home/joel/ros2_jazzy/install/test_tf2:/home/joel/ros2_jazzy/install/tf2_kdl:/home/joel/ros2_jazzy/install/tf2_geometry_msgs:/home/joel/ros2_jazzy/install/tf2_eigen:/home/joel/ros2_jazzy/install/tf2_bullet:/home/joel/ros2_jazzy/install/tf2_ros:/home/joel/ros2_jazzy/install/tf2_py:/home/joel/ros2_jazzy/install/tf2_msgs:/home/joel/ros2_jazzy/install/tf2_eigen_kdl:/home/joel/ros2_jazzy/install/laser_geometry:/home/joel/ros2_jazzy/install/tf2:/home/joel/ros2_jazzy/install/test_tracetools:/home/joel/ros2_jazzy/install/rosbag2_test_common:/home/joel/ros2_jazzy/install/test_msgs:/home/joel/ros2_jazzy/install/test_communication:/home/joel/ros2_jazzy/install/stereo_msgs:/home/joel/ros2_jazzy/install/std_srvs:/home/joel/ros2_jazzy/install/shape_msgs:/home/joel/ros2_jazzy/install/quality_of_service_demo_cpp:/home/joel/ros2_jazzy/install/point_cloud_transport_py:/home/joel/ros2_jazzy/install/point_cloud_transport:/home/joel/ros2_jazzy/install/map_msgs:/home/joel/ros2_jazzy/install/intra_process_demo:/home/joel/ros2_jazzy/install/image_transport:/home/joel/ros2_jazzy/install/image_tools:/home/joel/ros2_jazzy/install/dummy_sensors:/home/joel/ros2_jazzy/install/sensor_msgs:/home/joel/ros2_jazzy/install/ros2cli_common_extensions:/home/joel/ros2_jazzy/install/dummy_map_server:/home/joel/ros2_jazzy/install/nav_msgs:/home/joel/ros2_jazzy/install/message_filters:/home/joel/ros2_jazzy/install/logging_demo:/home/joel/ros2_jazzy/install/lifecycle:/home/joel/ros2_jazzy/install/diagnostic_msgs:/home/joel/ros2_jazzy/install/geometry_msgs:/home/joel/ros2_jazzy/install/examples_rclcpp_wait_set:/home/joel/ros2_jazzy/install/examples_rclcpp_multithreaded_executor:/home/joel/ros2_jazzy/install/examples_rclcpp_minimal_subscriber:/home/joel/ros2_jazzy/install/examples_rclcpp_minimal_publisher:/home/joel/ros2_jazzy/install/examples_rclcpp_minimal_composition:/home/joel/ros2_jazzy/install/examples_rclcpp_cbg_executor:/home/joel/ros2_jazzy/install/demo_nodes_cpp_native:/home/joel/ros2_jazzy/install/demo_nodes_cpp:/home/joel/ros2_jazzy/install/composition:/home/joel/ros2_jazzy/install/actionlib_msgs:/home/joel/ros2_jazzy/install/std_msgs:/home/joel/ros2_jazzy/install/rqt_gui_cpp:/home/joel/ros2_jazzy/install/ros2lifecycle_test_fixtures:/home/joel/ros2_jazzy/install/rclcpp_lifecycle:/home/joel/ros2_jazzy/install/action_tutorials_cpp:/home/joel/ros2_jazzy/install/rclcpp_components:/home/joel/ros2_jazzy/install/examples_rclcpp_minimal_action_server:/home/joel/ros2_jazzy/install/examples_rclcpp_minimal_action_client:/home/joel/ros2_jazzy/install/rclcpp_action:/home/joel/ros2_jazzy/install/examples_rclcpp_minimal_timer:/home/joel/ros2_jazzy/install/examples_rclcpp_minimal_service:/home/joel/ros2_jazzy/install/examples_rclcpp_minimal_client:/home/joel/ros2_jazzy/install/examples_rclcpp_async_client:/home/joel/ros2_jazzy/install/rclcpp:/home/joel/ros2_jazzy/install/libstatistics_collector:/home/joel/ros2_jazzy/install/statistics_msgs:/home/joel/ros2_jazzy/install/sros2_cmake:/home/joel/ros2_jazzy/install/rqt_py_common:/home/joel/ros2_jazzy/install/ros_testing:/home/joel/ros2_jazzy/install/rclpy:/home/joel/ros2_jazzy/install/rosgraph_msgs:/home/joel/ros2_jazzy/install/rosbag2_interfaces:/home/joel/ros2_jazzy/install/ros2cli_test_interfaces:/home/joel/ros2_jazzy/install/rcl_lifecycle:/home/joel/ros2_jazzy/install/rcl_action:/home/joel/ros2_jazzy/install/rcl:/home/joel/ros2_jazzy/install/rmw_implementation:/home/joel/ros2_jazzy/install/rmw_fastrtps_dynamic_cpp:/home/joel/ros2_jazzy/install/rmw_fastrtps_cpp:/home/joel/ros2_jazzy/install/rmw_fastrtps_shared_cpp:/home/joel/ros2_jazzy/install/rmw_cyclonedds_cpp:/home/joel/ros2_jazzy/install/rmw_connextddsmicro:/home/joel/ros2_jazzy/install/rmw_connextdds:/home/joel/ros2_jazzy/install/rmw_connextdds_common:/home/joel/ros2_jazzy/install/rmw_dds_common:/home/joel/ros2_jazzy/install/composition_interfaces:/home/joel/ros2_jazzy/install/rcl_interfaces:/home/joel/ros2_jazzy/install/pendulum_msgs:/home/joel/ros2_jazzy/install/lifecycle_msgs:/home/joel/ros2_jazzy/install/example_interfaces:/home/joel/ros2_jazzy/install/action_tutorials_interfaces:/home/joel/ros2_jazzy/install/rosidl_default_runtime:/home/joel/ros2_jazzy/install/rosidl_default_generators:/home/joel/ros2_jazzy/install/action_msgs:/home/joel/ros2_jazzy/install/unique_identifier_msgs:/home/joel/ros2_jazzy/install/type_description_interfaces:/home/joel/ros2_jazzy/install/service_msgs:/home/joel/ros2_jazzy/install/builtin_interfaces:/home/joel/ros2_jazzy/install/rosidl_core_runtime:/home/joel/ros2_jazzy/install/rosidl_core_generators:/home/joel/ros2_jazzy/install/rosidl_generator_py:/home/joel/ros2_jazzy/install/ament_lint_common:/home/joel/ros2_jazzy/install/ament_cmake_uncrustify:/home/joel/ros2_jazzy/install/uncrustify_vendor:/home/joel/ros2_jazzy/install/tracetools:/home/joel/ros2_jazzy/install/tlsf:/home/joel/ros2_jazzy/install/qt_gui_core:/home/joel/ros2_jazzy/install/qt_gui_cpp:/home/joel/ros2_jazzy/install/pluginlib:/home/joel/ros2_jazzy/install/tinyxml2_vendor:/home/joel/ros2_jazzy/install/test_security:/home/joel/ros2_jazzy/install/test_rmw_implementation:/home/joel/ros2_jazzy/install/test_rclcpp:/home/joel/ros2_jazzy/install/test_quality_of_service:/home/joel/ros2_jazzy/install/test_launch_testing:/home/joel/ros2_jazzy/install/test_interface_files:/home/joel/ros2_jazzy/install/test_cli_remapping:/home/joel/ros2_jazzy/install/test_cli:/home/joel/ros2_jazzy/install/qt_gui_app:/home/joel/ros2_jazzy/install/qt_gui:/home/joel/ros2_jazzy/install/tango_icons_vendor:/home/joel/ros2_jazzy/install/sqlite3_vendor:/home/joel/ros2_jazzy/install/rcl_logging_spdlog:/home/joel/ros2_jazzy/install/spdlog_vendor:/home/joel/ros2_jazzy/install/shared_queues_vendor:/home/joel/ros2_jazzy/install/rviz_rendering_tests:/home/joel/ros2_jazzy/install/rviz_rendering:/home/joel/ros2_jazzy/install/rviz_ogre_vendor:/home/joel/ros2_jazzy/install/rviz_assimp_vendor:/home/joel/ros2_jazzy/install/rttest:/home/joel/ros2_jazzy/install/rti_connext_dds_cmake_module:/home/joel/ros2_jazzy/install/lttngpy:/home/joel/ros2_jazzy/install/rosidl_typesupport_tests:/home/joel/ros2_jazzy/install/rosidl_typesupport_introspection_tests:/home/joel/ros2_jazzy/install/rosidl_typesupport_cpp:/home/joel/ros2_jazzy/install/rosidl_typesupport_introspection_cpp:/home/joel/ros2_jazzy/install/rosidl_typesupport_c:/home/joel/ros2_jazzy/install/rosidl_typesupport_introspection_c:/home/joel/ros2_jazzy/install/rosidl_typesupport_fastrtps_c:/home/joel/ros2_jazzy/install/rosidl_typesupport_fastrtps_cpp:/home/joel/ros2_jazzy/install/rosidl_generator_cpp:/home/joel/ros2_jazzy/install/rosidl_runtime_cpp:/home/joel/ros2_jazzy/install/rosidl_dynamic_typesupport_fastrtps:/home/joel/ros2_jazzy/install/rcl_yaml_param_parser:/home/joel/ros2_jazzy/install/rmw:/home/joel/ros2_jazzy/install/rosidl_dynamic_typesupport:/home/joel/ros2_jazzy/install/rosidl_runtime_c:/home/joel/ros2_jazzy/install/rosidl_generator_c:/home/joel/ros2_jazzy/install/rosidl_typesupport_interface:/home/joel/ros2_jazzy/install/rosidl_generator_dds_idl:/home/joel/ros2_jazzy/install/rosidl_cmake:/home/joel/ros2_jazzy/install/rosidl_generator_type_description:/home/joel/ros2_jazzy/install/rosidl_parser:/home/joel/ros2_jazzy/install/rosidl_generator_tests:/home/joel/ros2_jazzy/install/rosidl_adapter:/home/joel/ros2_jazzy/install/rosbag2_tests:/home/joel/ros2_jazzy/install/rosbag2_test_msgdefs:/home/joel/ros2_jazzy/install/ros_environment:/home/joel/ros2_jazzy/install/rmw_implementation_cmake:/home/joel/ros2_jazzy/install/resource_retriever:/home/joel/ros2_jazzy/install/class_loader:/home/joel/ros2_jazzy/install/rcpputils:/home/joel/ros2_jazzy/install/rcl_logging_noop:/home/joel/ros2_jazzy/install/rcl_logging_interface:/home/joel/ros2_jazzy/install/rcutils:/home/joel/ros2_jazzy/install/qt_gui_py_common:/home/joel/ros2_jazzy/install/qt_dotgraph:/home/joel/ros2_jazzy/install/python_qt_binding:/home/joel/ros2_jazzy/install/python_orocos_kdl_vendor:/home/joel/ros2_jazzy/install/launch_testing_ament_cmake:/home/joel/ros2_jazzy/install/python_cmake_module:/home/joel/ros2_jazzy/install/pybind11_vendor:/home/joel/ros2_jazzy/install/performance_test_fixture:/home/joel/ros2_jazzy/install/osrf_testing_tools_cpp:/home/joel/ros2_jazzy/install/orocos_kdl_vendor:/home/joel/ros2_jazzy/install/mimick_vendor:/home/joel/ros2_jazzy/install/libyaml_vendor:/home/joel/ros2_jazzy/install/liblz4_vendor:/home/joel/ros2_jazzy/install/libcurl_vendor:/home/joel/ros2_jazzy/install/keyboard_handler:/home/joel/ros2_jazzy/install/iceoryx_introspection:/home/joel/ros2_jazzy/install/cyclonedds:/home/joel/ros2_jazzy/install/iceoryx_posh:/home/joel/ros2_jazzy/install/iceoryx_hoofs:/home/joel/ros2_jazzy/install/iceoryx_binding_c:/home/joel/ros2_jazzy/install/gz_math_vendor:/home/joel/ros2_jazzy/install/gz_utils_vendor:/home/joel/ros2_jazzy/install/gz_cmake_vendor:/home/joel/ros2_jazzy/install/ament_cmake_ros:/home/joel/ros2_jazzy/install/ament_cmake_auto:/home/joel/ros2_jazzy/install/ament_cmake_gmock:/home/joel/ros2_jazzy/install/gmock_vendor:/home/joel/ros2_jazzy/install/fastrtps:/home/joel/ros2_jazzy/install/fastcdr:/home/joel/ros2_jazzy/install/ament_cmake_gtest:/home/joel/ros2_jazzy/install/gtest_vendor:/home/joel/ros2_jazzy/install/ament_cmake_google_benchmark:/home/joel/ros2_jazzy/install/google_benchmark_vendor:/home/joel/ros2_jazzy/install/foonathan_memory_vendor:/home/joel/ros2_jazzy/install/fastrtps_cmake_module:/home/joel/ros2_jazzy/install/eigen3_cmake_module:/home/joel/ros2_jazzy/install/console_bridge_vendor:/home/joel/ros2_jazzy/install/ament_cmake_xmllint:/home/joel/ros2_jazzy/install/ament_cmake_pyflakes:/home/joel/ros2_jazzy/install/ament_cmake_pycodestyle:/home/joel/ros2_jazzy/install/ament_cmake_pep257:/home/joel/ros2_jazzy/install/ament_cmake_pclint:/home/joel/ros2_jazzy/install/ament_lint_auto:/home/joel/ros2_jazzy/install/ament_cmake:/home/joel/ros2_jazzy/install/ament_cmake_version:/home/joel/ros2_jazzy/install/ament_cmake_vendor_package:/home/joel/ros2_jazzy/install/ament_cmake_pytest:/home/joel/ros2_jazzy/install/ament_cmake_mypy:/home/joel/ros2_jazzy/install/ament_cmake_lint_cmake:/home/joel/ros2_jazzy/install/ament_cmake_flake8:/home/joel/ros2_jazzy/install/ament_cmake_cpplint:/home/joel/ros2_jazzy/install/ament_cmake_cppcheck:/home/joel/ros2_jazzy/install/ament_cmake_copyright:/home/joel/ros2_jazzy/install/ament_cmake_clang_tidy:/home/joel/ros2_jazzy/install/ament_cmake_clang_format:/home/joel/ros2_jazzy/install/ament_cmake_test:/home/joel/ros2_jazzy/install/ament_cmake_target_dependencies:/home/joel/ros2_jazzy/install/ament_cmake_python:/home/joel/ros2_jazzy/install/ament_cmake_export_dependencies:/home/joel/ros2_jazzy/install/ament_cmake_libraries:/home/joel/ros2_jazzy/install/ament_cmake_include_directories:/home/joel/ros2_jazzy/install/ament_cmake_gen_version_h:/home/joel/ros2_jazzy/install/ament_cmake_export_targets:/home/joel/ros2_jazzy/install/ament_cmake_export_link_flags:/home/joel/ros2_jazzy/install/ament_cmake_export_interfaces:/home/joel/ros2_jazzy/install/ament_cmake_export_libraries:/home/joel/ros2_jazzy/install/ament_cmake_export_include_directories:/home/joel/ros2_jazzy/install/ament_cmake_export_definitions:/home/joel/ros2_jazzy/install/ament_cmake_core:/home/joel/ros2_jazzy/install/ament_index_cpp:/opt/ros/jazzy/opt/gz_sim_vendor:/opt/ros/jazzy/opt/gz_sensors_vendor:/opt/ros/jazzy/opt/gz_physics_vendor:/opt/ros/jazzy/opt/sdformat_vendor:/opt/ros/jazzy/opt/gz_gui_vendor:/opt/ros/jazzy/opt/gz_transport_vendor:/opt/ros/jazzy/opt/gz_rendering_vendor:/opt/ros/jazzy/opt/gz_plugin_vendor:/opt/ros/jazzy/opt/gz_fuel_tools_vendor:/opt/ros/jazzy/opt/gz_msgs_vendor:/opt/ros/jazzy/opt/gz_common_vendor:/opt/ros/jazzy/opt/gz_math_vendor:/opt/ros/jazzy/opt/gz_utils_vendor:/opt/ros/jazzy/opt/gz_tools_vendor:/opt/ros/jazzy/opt/gz_ogre_next_vendor:/opt/ros/jazzy/opt/gz_dartsim_vendor:/opt/ros/jazzy/opt/gz_cmake_vendor:/home/joel/ros2_jazzy/install/rqt_bag_plugins:/home/joel/ros2_jazzy/install/rqt_bag:/home/joel/ros2_jazzy/install/rosbag2_examples_py:/home/joel/ros2_jazzy/install/launch_testing_examples:/home/joel/ros2_jazzy/install/ros2bag:/home/joel/ros2_jazzy/install/tracetools_test:/home/joel/ros2_jazzy/install/tracetools_launch:/home/joel/ros2_jazzy/install/topic_monitor:/home/joel/ros2_jazzy/install/tf2_tools:/home/joel/ros2_jazzy/install/examples_tf2_py:/home/joel/ros2_jazzy/install/tf2_ros_py:/home/joel/ros2_jazzy/install/examples_rclpy_pointcloud_publisher:/home/joel/ros2_jazzy/install/sensor_msgs_py:/home/joel/ros2_jazzy/install/quality_of_service_demo_py:/home/joel/ros2_jazzy/install/camera_info_manager_py:/home/joel/ros2_jazzy/install/rqt_plot:/home/joel/ros2_jazzy/install/ros2doctor:/home/joel/ros2_jazzy/install/lifecycle_py:/home/joel/ros2_jazzy/install/examples_rclpy_minimal_subscriber:/home/joel/ros2_jazzy/install/examples_rclpy_minimal_service:/home/joel/ros2_jazzy/install/examples_rclpy_minimal_publisher:/home/joel/ros2_jazzy/install/examples_rclpy_minimal_client:/home/joel/ros2_jazzy/install/examples_rclpy_executors:/home/joel/ros2_jazzy/install/demo_nodes_py:/home/joel/ros2_jazzy/install/rqt:/home/joel/ros2_jazzy/install/ros2component:/home/joel/ros2_jazzy/install/sros2:/home/joel/ros2_jazzy/install/rqt_topic:/home/joel/ros2_jazzy/install/rqt_srv:/home/joel/ros2_jazzy/install/rqt_shell:/home/joel/ros2_jazzy/install/rqt_service_caller:/home/joel/ros2_jazzy/install/rqt_reconfigure:/home/joel/ros2_jazzy/install/rqt_py_console:/home/joel/ros2_jazzy/install/rqt_publisher:/home/joel/ros2_jazzy/install/rqt_action:/home/joel/ros2_jazzy/install/rqt_msg:/home/joel/ros2_jazzy/install/rqt_console:/home/joel/ros2_jazzy/install/rqt_graph:/home/joel/ros2_jazzy/install/rqt_gui_py:/home/joel/ros2_jazzy/install/rqt_gui:/home/joel/ros2_jazzy/install/ros2trace:/home/joel/ros2_jazzy/install/ros2topic:/home/joel/ros2_jazzy/install/ros2test:/home/joel/ros2_jazzy/install/ros2param:/home/joel/ros2_jazzy/install/ros2lifecycle:/home/joel/ros2_jazzy/install/ros2service:/home/joel/ros2_jazzy/install/ros2run:/home/joel/ros2_jazzy/install/ros2launch:/home/joel/ros2_jazzy/install/ros2pkg:/home/joel/ros2_jazzy/install/ros2node:/home/joel/ros2_jazzy/install/ros2multicast:/home/joel/ros2_jazzy/install/ros2interface:/home/joel/ros2_jazzy/install/ros2action:/home/joel/ros2_jazzy/install/ros2cli:/home/joel/ros2_jazzy/install/launch_testing_ros:/home/joel/ros2_jazzy/install/launch_ros:/home/joel/ros2_jazzy/install/examples_rclpy_minimal_action_server:/home/joel/ros2_jazzy/install/examples_rclpy_minimal_action_client:/home/joel/ros2_jazzy/install/examples_rclpy_guard_conditions:/home/joel/ros2_jazzy/install/action_tutorials_py:/home/joel/ros2_jazzy/install/ament_uncrustify:/home/joel/ros2_jazzy/install/tracetools_trace:/home/joel/ros2_jazzy/install/tracetools_read:/home/joel/ros2_jazzy/install/test_tracetools_launch:/home/joel/ros2_jazzy/install/test_ros2trace:/home/joel/ros2_jazzy/install/test_launch_ros:/home/joel/ros2_jazzy/install/rpyutils:/home/joel/ros2_jazzy/install/rosidl_runtime_py:/home/joel/ros2_jazzy/install/rosidl_pycommon:/home/joel/ros2_jazzy/install/rosidl_cli:/home/joel/ros2_jazzy/install/launch_pytest:/home/joel/ros2_jazzy/install/launch_testing:/home/joel/ros2_jazzy/install/launch_yaml:/home/joel/ros2_jazzy/install/launch_xml:/home/joel/ros2_jazzy/install/launch:/home/joel/ros2_jazzy/install/osrf_pycommon:/home/joel/ros2_jazzy/install/domain_coordinator:/home/joel/ros2_jazzy/install/ament_xmllint:/home/joel/ros2_jazzy/install/ament_pyflakes:/home/joel/ros2_jazzy/install/ament_pycodestyle:/home/joel/ros2_jazzy/install/ament_pep257:/home/joel/ros2_jazzy/install/ament_pclint:/home/joel/ros2_jazzy/install/ament_package:/home/joel/ros2_jazzy/install/ament_mypy:/home/joel/ros2_jazzy/install/ament_lint_cmake:/home/joel/ros2_jazzy/install/ament_flake8:/home/joel/ros2_jazzy/install/ament_copyright:/home/joel/ros2_jazzy/install/ament_lint:/home/joel/ros2_jazzy/install/ament_index_python:/home/joel/ros2_jazzy/install/ament_cpplint:/home/joel/ros2_jazzy/install/ament_cppcheck:/home/joel/ros2_jazzy/install/ament_clang_tidy:/home/joel/ros2_jazzy/install/ament_clang_format:/opt/ros/jazzy DEBUGINFOD_URLS=https://debuginfod.ubuntu.com LD_LIBRARY_PATH=/home/joel/vsC/Self-Driving-and-ROS-2-Learn-by-Doing-Plan-Navigation/Section3_Introduction_to_ROS_2/bumperbot_ws/install/bumperbot_msgs/lib:${LD_LIBRARY_PATH} PYTHONPATH=/home/joel/vsC/Self-Driving-and-ROS-2-Learn-by-Doing-Plan-Navigation/Section3_Introduction_to_ROS_2/bumperbot_ws/install/bumperbot_msgs/lib/python3.12/site-packages:${PYTHONPATH} /usr/bin/cmake /home/joel/vsC/Self-Driving-and-ROS-2-Learn-by-Doing-Plan-Navigation/Section3_Introduction_to_ROS_2/bumperbot_ws/src/bumperbot_cpp_examples -DCMAKE_INSTALL_PREFIX=/home/joel/vsC/Self-Driving-and-ROS-2-Learn-by-Doing-Plan-Navigation/Section3_Introduction_to_ROS_2/bumperbot_ws/install/bumperbot_cpp_examples
[52.863s] DEBUG:colcon.colcon_core.event_handler.log_command:Invoking command in '/home/joel/vsC/Self-Driving-and-ROS-2-Learn-by-Doing-Plan-Navigation/Section3_Introduction_to_ROS_2/bumperbot_ws/build/bumperbot_cpp_examples': AMENT_PREFIX_PATH=/home/joel/vsC/Self-Driving-and-ROS-2-Learn-by-Doing-Plan-Navigation/Section3_Introduction_to_ROS_2/bumperbot_ws/install/bumperbot_msgs:${AMENT_PREFIX_PATH} CMAKE_PREFIX_PATH=/home/joel/vsC/Self-Driving-and-ROS-2-Learn-by-Doing-Plan-Navigation/Section3_Introduction_to_ROS_2/bumperbot_ws/install/bumperbot_msgs:/home/joel/ros2_jazzy/install/rosbag2:/home/joel/ros2_jazzy/install/rosbag2_storage_default_plugins:/home/joel/ros2_jazzy/install/rosbag2_storage_mcap:/home/joel/ros2_jazzy/install/rosbag2_compression_zstd:/home/joel/ros2_jazzy/install/mcap_vendor:/home/joel/ros2_jazzy/install/zstd_vendor:/home/joel/ros2_jazzy/install/rviz_visual_testing_framework:/home/joel/ros2_jazzy/install/rviz2:/home/joel/ros2_jazzy/install/rviz_default_plugins:/home/joel/ros2_jazzy/install/rviz_common:/home/joel/ros2_jazzy/install/rosbag2_py:/home/joel/ros2_jazzy/install/rosbag2_transport:/home/joel/ros2_jazzy/install/rosbag2_storage_sqlite3:/home/joel/ros2_jazzy/install/rosbag2_examples_cpp:/home/joel/ros2_jazzy/install/rosbag2_compression:/home/joel/ros2_jazzy/install/rosbag2_cpp:/home/joel/ros2_jazzy/install/rosbag2_storage:/home/joel/ros2_jazzy/install/image_common:/home/joel/ros2_jazzy/install/camera_info_manager:/home/joel/ros2_jazzy/install/camera_calibration_parsers:/home/joel/ros2_jazzy/install/yaml_cpp_vendor:/home/joel/ros2_jazzy/install/interactive_markers:/home/joel/ros2_jazzy/install/common_interfaces:/home/joel/ros2_jazzy/install/visualization_msgs:/home/joel/ros2_jazzy/install/mobile_robot:/home/joel/ros2_jazzy/install/dummy_robot_bringup:/home/joel/ros2_jazzy/install/robot_state_publisher:/home/joel/ros2_jazzy/install/kdl_parser:/home/joel/ros2_jazzy/install/urdf:/home/joel/ros2_jazzy/install/urdfdom:/home/joel/ros2_jazzy/install/urdf_parser_plugin:/home/joel/ros2_jazzy/install/urdfdom_headers:/home/joel/ros2_jazzy/install/turtlesim:/home/joel/ros2_jazzy/install/trajectory_msgs:/home/joel/ros2_jazzy/install/topic_statistics_demo:/home/joel/ros2_jazzy/install/pendulum_control:/home/joel/ros2_jazzy/install/tlsf_cpp:/home/joel/ros2_jazzy/install/geometry2:/home/joel/ros2_jazzy/install/tf2_sensor_msgs:/home/joel/ros2_jazzy/install/test_tf2:/home/joel/ros2_jazzy/install/tf2_kdl:/home/joel/ros2_jazzy/install/tf2_geometry_msgs:/home/joel/ros2_jazzy/install/tf2_eigen:/home/joel/ros2_jazzy/install/tf2_bullet:/home/joel/ros2_jazzy/install/tf2_ros:/home/joel/ros2_jazzy/install/tf2_py:/home/joel/ros2_jazzy/install/tf2_msgs:/home/joel/ros2_jazzy/install/tf2_eigen_kdl:/home/joel/ros2_jazzy/install/laser_geometry:/home/joel/ros2_jazzy/install/tf2:/home/joel/ros2_jazzy/install/test_tracetools:/home/joel/ros2_jazzy/install/rosbag2_test_common:/home/joel/ros2_jazzy/install/test_msgs:/home/joel/ros2_jazzy/install/test_communication:/home/joel/ros2_jazzy/install/stereo_msgs:/home/joel/ros2_jazzy/install/std_srvs:/home/joel/ros2_jazzy/install/shape_msgs:/home/joel/ros2_jazzy/install/quality_of_service_demo_cpp:/home/joel/ros2_jazzy/install/point_cloud_transport_py:/home/joel/ros2_jazzy/install/point_cloud_transport:/home/joel/ros2_jazzy/install/map_msgs:/home/joel/ros2_jazzy/install/intra_process_demo:/home/joel/ros2_jazzy/install/image_transport:/home/joel/ros2_jazzy/install/image_tools:/home/joel/ros2_jazzy/install/dummy_sensors:/home/joel/ros2_jazzy/install/sensor_msgs:/home/joel/ros2_jazzy/install/ros2cli_common_extensions:/home/joel/ros2_jazzy/install/dummy_map_server:/home/joel/ros2_jazzy/install/nav_msgs:/home/joel/ros2_jazzy/install/message_filters:/home/joel/ros2_jazzy/install/logging_demo:/home/joel/ros2_jazzy/install/lifecycle:/home/joel/ros2_jazzy/install/diagnostic_msgs:/home/joel/ros2_jazzy/install/geometry_msgs:/home/joel/ros2_jazzy/install/examples_rclcpp_wait_set:/home/joel/ros2_jazzy/install/examples_rclcpp_multithreaded_executor:/home/joel/ros2_jazzy/install/examples_rclcpp_minimal_subscriber:/home/joel/ros2_jazzy/install/examples_rclcpp_minimal_publisher:/home/joel/ros2_jazzy/install/examples_rclcpp_minimal_composition:/home/joel/ros2_jazzy/install/examples_rclcpp_cbg_executor:/home/joel/ros2_jazzy/install/demo_nodes_cpp_native:/home/joel/ros2_jazzy/install/demo_nodes_cpp:/home/joel/ros2_jazzy/install/composition:/home/joel/ros2_jazzy/install/actionlib_msgs:/home/joel/ros2_jazzy/install/std_msgs:/home/joel/ros2_jazzy/install/rqt_gui_cpp:/home/joel/ros2_jazzy/install/ros2lifecycle_test_fixtures:/home/joel/ros2_jazzy/install/rclcpp_lifecycle:/home/joel/ros2_jazzy/install/action_tutorials_cpp:/home/joel/ros2_jazzy/install/rclcpp_components:/home/joel/ros2_jazzy/install/examples_rclcpp_minimal_action_server:/home/joel/ros2_jazzy/install/examples_rclcpp_minimal_action_client:/home/joel/ros2_jazzy/install/rclcpp_action:/home/joel/ros2_jazzy/install/examples_rclcpp_minimal_timer:/home/joel/ros2_jazzy/install/examples_rclcpp_minimal_service:/home/joel/ros2_jazzy/install/examples_rclcpp_minimal_client:/home/joel/ros2_jazzy/install/examples_rclcpp_async_client:/home/joel/ros2_jazzy/install/rclcpp:/home/joel/ros2_jazzy/install/libstatistics_collector:/home/joel/ros2_jazzy/install/statistics_msgs:/home/joel/ros2_jazzy/install/sros2_cmake:/home/joel/ros2_jazzy/install/rqt_py_common:/home/joel/ros2_jazzy/install/ros_testing:/home/joel/ros2_jazzy/install/rclpy:/home/joel/ros2_jazzy/install/rosgraph_msgs:/home/joel/ros2_jazzy/install/rosbag2_interfaces:/home/joel/ros2_jazzy/install/ros2cli_test_interfaces:/home/joel/ros2_jazzy/install/rcl_lifecycle:/home/joel/ros2_jazzy/install/rcl_action:/home/joel/ros2_jazzy/install/rcl:/home/joel/ros2_jazzy/install/rmw_implementation:/home/joel/ros2_jazzy/install/rmw_fastrtps_dynamic_cpp:/home/joel/ros2_jazzy/install/rmw_fastrtps_cpp:/home/joel/ros2_jazzy/install/rmw_fastrtps_shared_cpp:/home/joel/ros2_jazzy/install/rmw_cyclonedds_cpp:/home/joel/ros2_jazzy/install/rmw_connextddsmicro:/home/joel/ros2_jazzy/install/rmw_connextdds:/home/joel/ros2_jazzy/install/rmw_connextdds_common:/home/joel/ros2_jazzy/install/rmw_dds_common:/home/joel/ros2_jazzy/install/composition_interfaces:/home/joel/ros2_jazzy/install/rcl_interfaces:/home/joel/ros2_jazzy/install/pendulum_msgs:/home/joel/ros2_jazzy/install/lifecycle_msgs:/home/joel/ros2_jazzy/install/example_interfaces:/home/joel/ros2_jazzy/install/action_tutorials_interfaces:/home/joel/ros2_jazzy/install/rosidl_default_runtime:/home/joel/ros2_jazzy/install/rosidl_default_generators:/home/joel/ros2_jazzy/install/action_msgs:/home/joel/ros2_jazzy/install/unique_identifier_msgs:/home/joel/ros2_jazzy/install/type_description_interfaces:/home/joel/ros2_jazzy/install/service_msgs:/home/joel/ros2_jazzy/install/builtin_interfaces:/home/joel/ros2_jazzy/install/rosidl_core_runtime:/home/joel/ros2_jazzy/install/rosidl_core_generators:/home/joel/ros2_jazzy/install/rosidl_generator_py:/home/joel/ros2_jazzy/install/ament_lint_common:/home/joel/ros2_jazzy/install/ament_cmake_uncrustify:/home/joel/ros2_jazzy/install/uncrustify_vendor:/home/joel/ros2_jazzy/install/tracetools:/home/joel/ros2_jazzy/install/tlsf:/home/joel/ros2_jazzy/install/qt_gui_core:/home/joel/ros2_jazzy/install/qt_gui_cpp:/home/joel/ros2_jazzy/install/pluginlib:/home/joel/ros2_jazzy/install/tinyxml2_vendor:/home/joel/ros2_jazzy/install/test_security:/home/joel/ros2_jazzy/install/test_rmw_implementation:/home/joel/ros2_jazzy/install/test_rclcpp:/home/joel/ros2_jazzy/install/test_quality_of_service:/home/joel/ros2_jazzy/install/test_launch_testing:/home/joel/ros2_jazzy/install/test_interface_files:/home/joel/ros2_jazzy/install/test_cli_remapping:/home/joel/ros2_jazzy/install/test_cli:/home/joel/ros2_jazzy/install/qt_gui_app:/home/joel/ros2_jazzy/install/qt_gui:/home/joel/ros2_jazzy/install/tango_icons_vendor:/home/joel/ros2_jazzy/install/sqlite3_vendor:/home/joel/ros2_jazzy/install/rcl_logging_spdlog:/home/joel/ros2_jazzy/install/spdlog_vendor:/home/joel/ros2_jazzy/install/shared_queues_vendor:/home/joel/ros2_jazzy/install/rviz_rendering_tests:/home/joel/ros2_jazzy/install/rviz_rendering:/home/joel/ros2_jazzy/install/rviz_ogre_vendor:/home/joel/ros2_jazzy/install/rviz_assimp_vendor:/home/joel/ros2_jazzy/install/rttest:/home/joel/ros2_jazzy/install/rti_connext_dds_cmake_module:/home/joel/ros2_jazzy/install/lttngpy:/home/joel/ros2_jazzy/install/rosidl_typesupport_tests:/home/joel/ros2_jazzy/install/rosidl_typesupport_introspection_tests:/home/joel/ros2_jazzy/install/rosidl_typesupport_cpp:/home/joel/ros2_jazzy/install/rosidl_typesupport_introspection_cpp:/home/joel/ros2_jazzy/install/rosidl_typesupport_c:/home/joel/ros2_jazzy/install/rosidl_typesupport_introspection_c:/home/joel/ros2_jazzy/install/rosidl_typesupport_fastrtps_c:/home/joel/ros2_jazzy/install/rosidl_typesupport_fastrtps_cpp:/home/joel/ros2_jazzy/install/rosidl_generator_cpp:/home/joel/ros2_jazzy/install/rosidl_runtime_cpp:/home/joel/ros2_jazzy/install/rosidl_dynamic_typesupport_fastrtps:/home/joel/ros2_jazzy/install/rcl_yaml_param_parser:/home/joel/ros2_jazzy/install/rmw:/home/joel/ros2_jazzy/install/rosidl_dynamic_typesupport:/home/joel/ros2_jazzy/install/rosidl_runtime_c:/home/joel/ros2_jazzy/install/rosidl_generator_c:/home/joel/ros2_jazzy/install/rosidl_typesupport_interface:/home/joel/ros2_jazzy/install/rosidl_generator_dds_idl:/home/joel/ros2_jazzy/install/rosidl_cmake:/home/joel/ros2_jazzy/install/rosidl_generator_type_description:/home/joel/ros2_jazzy/install/rosidl_parser:/home/joel/ros2_jazzy/install/rosidl_generator_tests:/home/joel/ros2_jazzy/install/rosidl_adapter:/home/joel/ros2_jazzy/install/rosbag2_tests:/home/joel/ros2_jazzy/install/rosbag2_test_msgdefs:/home/joel/ros2_jazzy/install/ros_environment:/home/joel/ros2_jazzy/install/rmw_implementation_cmake:/home/joel/ros2_jazzy/install/resource_retriever:/home/joel/ros2_jazzy/install/class_loader:/home/joel/ros2_jazzy/install/rcpputils:/home/joel/ros2_jazzy/install/rcl_logging_noop:/home/joel/ros2_jazzy/install/rcl_logging_interface:/home/joel/ros2_jazzy/install/rcutils:/home/joel/ros2_jazzy/install/qt_gui_py_common:/home/joel/ros2_jazzy/install/qt_dotgraph:/home/joel/ros2_jazzy/install/python_qt_binding:/home/joel/ros2_jazzy/install/python_orocos_kdl_vendor:/home/joel/ros2_jazzy/install/launch_testing_ament_cmake:/home/joel/ros2_jazzy/install/python_cmake_module:/home/joel/ros2_jazzy/install/pybind11_vendor:/home/joel/ros2_jazzy/install/performance_test_fixture:/home/joel/ros2_jazzy/install/osrf_testing_tools_cpp:/home/joel/ros2_jazzy/install/orocos_kdl_vendor:/home/joel/ros2_jazzy/install/mimick_vendor:/home/joel/ros2_jazzy/install/libyaml_vendor:/home/joel/ros2_jazzy/install/liblz4_vendor:/home/joel/ros2_jazzy/install/libcurl_vendor:/home/joel/ros2_jazzy/install/keyboard_handler:/home/joel/ros2_jazzy/install/iceoryx_introspection:/home/joel/ros2_jazzy/install/cyclonedds:/home/joel/ros2_jazzy/install/iceoryx_posh:/home/joel/ros2_jazzy/install/iceoryx_hoofs:/home/joel/ros2_jazzy/install/iceoryx_binding_c:/home/joel/ros2_jazzy/install/gz_math_vendor:/home/joel/ros2_jazzy/install/gz_utils_vendor:/home/joel/ros2_jazzy/install/gz_cmake_vendor:/home/joel/ros2_jazzy/install/ament_cmake_ros:/home/joel/ros2_jazzy/install/ament_cmake_auto:/home/joel/ros2_jazzy/install/ament_cmake_gmock:/home/joel/ros2_jazzy/install/gmock_vendor:/home/joel/ros2_jazzy/install/fastrtps:/home/joel/ros2_jazzy/install/fastcdr:/home/joel/ros2_jazzy/install/ament_cmake_gtest:/home/joel/ros2_jazzy/install/gtest_vendor:/home/joel/ros2_jazzy/install/ament_cmake_google_benchmark:/home/joel/ros2_jazzy/install/google_benchmark_vendor:/home/joel/ros2_jazzy/install/foonathan_memory_vendor:/home/joel/ros2_jazzy/install/fastrtps_cmake_module:/home/joel/ros2_jazzy/install/eigen3_cmake_module:/home/joel/ros2_jazzy/install/console_bridge_vendor:/home/joel/ros2_jazzy/install/ament_cmake_xmllint:/home/joel/ros2_jazzy/install/ament_cmake_pyflakes:/home/joel/ros2_jazzy/install/ament_cmake_pycodestyle:/home/joel/ros2_jazzy/install/ament_cmake_pep257:/home/joel/ros2_jazzy/install/ament_cmake_pclint:/home/joel/ros2_jazzy/install/ament_lint_auto:/home/joel/ros2_jazzy/install/ament_cmake:/home/joel/ros2_jazzy/install/ament_cmake_version:/home/joel/ros2_jazzy/install/ament_cmake_vendor_package:/home/joel/ros2_jazzy/install/ament_cmake_pytest:/home/joel/ros2_jazzy/install/ament_cmake_mypy:/home/joel/ros2_jazzy/install/ament_cmake_lint_cmake:/home/joel/ros2_jazzy/install/ament_cmake_flake8:/home/joel/ros2_jazzy/install/ament_cmake_cpplint:/home/joel/ros2_jazzy/install/ament_cmake_cppcheck:/home/joel/ros2_jazzy/install/ament_cmake_copyright:/home/joel/ros2_jazzy/install/ament_cmake_clang_tidy:/home/joel/ros2_jazzy/install/ament_cmake_clang_format:/home/joel/ros2_jazzy/install/ament_cmake_test:/home/joel/ros2_jazzy/install/ament_cmake_target_dependencies:/home/joel/ros2_jazzy/install/ament_cmake_python:/home/joel/ros2_jazzy/install/ament_cmake_export_dependencies:/home/joel/ros2_jazzy/install/ament_cmake_libraries:/home/joel/ros2_jazzy/install/ament_cmake_include_directories:/home/joel/ros2_jazzy/install/ament_cmake_gen_version_h:/home/joel/ros2_jazzy/install/ament_cmake_export_targets:/home/joel/ros2_jazzy/install/ament_cmake_export_link_flags:/home/joel/ros2_jazzy/install/ament_cmake_export_interfaces:/home/joel/ros2_jazzy/install/ament_cmake_export_libraries:/home/joel/ros2_jazzy/install/ament_cmake_export_include_directories:/home/joel/ros2_jazzy/install/ament_cmake_export_definitions:/home/joel/ros2_jazzy/install/ament_cmake_core:/home/joel/ros2_jazzy/install/ament_index_cpp:/opt/ros/jazzy/opt/gz_sim_vendor:/opt/ros/jazzy/opt/gz_sensors_vendor:/opt/ros/jazzy/opt/gz_physics_vendor:/opt/ros/jazzy/opt/sdformat_vendor:/opt/ros/jazzy/opt/gz_gui_vendor:/opt/ros/jazzy/opt/gz_transport_vendor:/opt/ros/jazzy/opt/gz_rendering_vendor:/opt/ros/jazzy/opt/gz_plugin_vendor:/opt/ros/jazzy/opt/gz_fuel_tools_vendor:/opt/ros/jazzy/opt/gz_msgs_vendor:/opt/ros/jazzy/opt/gz_common_vendor:/opt/ros/jazzy/opt/gz_math_vendor:/opt/ros/jazzy/opt/gz_utils_vendor:/opt/ros/jazzy/opt/gz_tools_vendor:/opt/ros/jazzy/opt/gz_ogre_next_vendor:/opt/ros/jazzy/opt/gz_dartsim_vendor:/opt/ros/jazzy/opt/gz_cmake_vendor:/home/joel/ros2_jazzy/install/rqt_bag_plugins:/home/joel/ros2_jazzy/install/rqt_bag:/home/joel/ros2_jazzy/install/rosbag2_examples_py:/home/joel/ros2_jazzy/install/launch_testing_examples:/home/joel/ros2_jazzy/install/ros2bag:/home/joel/ros2_jazzy/install/tracetools_test:/home/joel/ros2_jazzy/install/tracetools_launch:/home/joel/ros2_jazzy/install/topic_monitor:/home/joel/ros2_jazzy/install/tf2_tools:/home/joel/ros2_jazzy/install/examples_tf2_py:/home/joel/ros2_jazzy/install/tf2_ros_py:/home/joel/ros2_jazzy/install/examples_rclpy_pointcloud_publisher:/home/joel/ros2_jazzy/install/sensor_msgs_py:/home/joel/ros2_jazzy/install/quality_of_service_demo_py:/home/joel/ros2_jazzy/install/camera_info_manager_py:/home/joel/ros2_jazzy/install/rqt_plot:/home/joel/ros2_jazzy/install/ros2doctor:/home/joel/ros2_jazzy/install/lifecycle_py:/home/joel/ros2_jazzy/install/examples_rclpy_minimal_subscriber:/home/joel/ros2_jazzy/install/examples_rclpy_minimal_service:/home/joel/ros2_jazzy/install/examples_rclpy_minimal_publisher:/home/joel/ros2_jazzy/install/examples_rclpy_minimal_client:/home/joel/ros2_jazzy/install/examples_rclpy_executors:/home/joel/ros2_jazzy/install/demo_nodes_py:/home/joel/ros2_jazzy/install/rqt:/home/joel/ros2_jazzy/install/ros2component:/home/joel/ros2_jazzy/install/sros2:/home/joel/ros2_jazzy/install/rqt_topic:/home/joel/ros2_jazzy/install/rqt_srv:/home/joel/ros2_jazzy/install/rqt_shell:/home/joel/ros2_jazzy/install/rqt_service_caller:/home/joel/ros2_jazzy/install/rqt_reconfigure:/home/joel/ros2_jazzy/install/rqt_py_console:/home/joel/ros2_jazzy/install/rqt_publisher:/home/joel/ros2_jazzy/install/rqt_action:/home/joel/ros2_jazzy/install/rqt_msg:/home/joel/ros2_jazzy/install/rqt_console:/home/joel/ros2_jazzy/install/rqt_graph:/home/joel/ros2_jazzy/install/rqt_gui_py:/home/joel/ros2_jazzy/install/rqt_gui:/home/joel/ros2_jazzy/install/ros2trace:/home/joel/ros2_jazzy/install/ros2topic:/home/joel/ros2_jazzy/install/ros2test:/home/joel/ros2_jazzy/install/ros2param:/home/joel/ros2_jazzy/install/ros2lifecycle:/home/joel/ros2_jazzy/install/ros2service:/home/joel/ros2_jazzy/install/ros2run:/home/joel/ros2_jazzy/install/ros2launch:/home/joel/ros2_jazzy/install/ros2pkg:/home/joel/ros2_jazzy/install/ros2node:/home/joel/ros2_jazzy/install/ros2multicast:/home/joel/ros2_jazzy/install/ros2interface:/home/joel/ros2_jazzy/install/ros2action:/home/joel/ros2_jazzy/install/ros2cli:/home/joel/ros2_jazzy/install/launch_testing_ros:/home/joel/ros2_jazzy/install/launch_ros:/home/joel/ros2_jazzy/install/examples_rclpy_minimal_action_server:/home/joel/ros2_jazzy/install/examples_rclpy_minimal_action_client:/home/joel/ros2_jazzy/install/examples_rclpy_guard_conditions:/home/joel/ros2_jazzy/install/action_tutorials_py:/home/joel/ros2_jazzy/install/ament_uncrustify:/home/joel/ros2_jazzy/install/tracetools_trace:/home/joel/ros2_jazzy/install/tracetools_read:/home/joel/ros2_jazzy/install/test_tracetools_launch:/home/joel/ros2_jazzy/install/test_ros2trace:/home/joel/ros2_jazzy/install/test_launch_ros:/home/joel/ros2_jazzy/install/rpyutils:/home/joel/ros2_jazzy/install/rosidl_runtime_py:/home/joel/ros2_jazzy/install/rosidl_pycommon:/home/joel/ros2_jazzy/install/rosidl_cli:/home/joel/ros2_jazzy/install/launch_pytest:/home/joel/ros2_jazzy/install/launch_testing:/home/joel/ros2_jazzy/install/launch_yaml:/home/joel/ros2_jazzy/install/launch_xml:/home/joel/ros2_jazzy/install/launch:/home/joel/ros2_jazzy/install/osrf_pycommon:/home/joel/ros2_jazzy/install/domain_coordinator:/home/joel/ros2_jazzy/install/ament_xmllint:/home/joel/ros2_jazzy/install/ament_pyflakes:/home/joel/ros2_jazzy/install/ament_pycodestyle:/home/joel/ros2_jazzy/install/ament_pep257:/home/joel/ros2_jazzy/install/ament_pclint:/home/joel/ros2_jazzy/install/ament_package:/home/joel/ros2_jazzy/install/ament_mypy:/home/joel/ros2_jazzy/install/ament_lint_cmake:/home/joel/ros2_jazzy/install/ament_flake8:/home/joel/ros2_jazzy/install/ament_copyright:/home/joel/ros2_jazzy/install/ament_lint:/home/joel/ros2_jazzy/install/ament_index_python:/home/joel/ros2_jazzy/install/ament_cpplint:/home/joel/ros2_jazzy/install/ament_cppcheck:/home/joel/ros2_jazzy/install/ament_clang_tidy:/home/joel/ros2_jazzy/install/ament_clang_format:/opt/ros/jazzy DEBUGINFOD_URLS=https://debuginfod.ubuntu.com LD_LIBRARY_PATH=/home/joel/vsC/Self-Driving-and-ROS-2-Learn-by-Doing-Plan-Navigation/Section3_Introduction_to_ROS_2/bumperbot_ws/install/bumperbot_msgs/lib:${LD_LIBRARY_PATH} PYTHONPATH=/home/joel/vsC/Self-Driving-and-ROS-2-Learn-by-Doing-Plan-Navigation/Section3_Introduction_to_ROS_2/bumperbot_ws/install/bumperbot_msgs/lib/python3.12/site-packages:${PYTHONPATH} /usr/bin/cmake --build /home/joel/vsC/Self-Driving-and-ROS-2-Learn-by-Doing-Plan-Navigation/Section3_Introduction_to_ROS_2/bumperbot_ws/build/bumperbot_cpp_examples -- -j8 -l8
[54.547s] DEBUG:colcon.colcon_core.event_handler.log_command:Invoked command in '/home/joel/vsC/Self-Driving-and-ROS-2-Learn-by-Doing-Plan-Navigation/Section3_Introduction_to_ROS_2/bumperbot_ws/build/bumperbot_bringup' returned '0': AMENT_PREFIX_PATH=/home/joel/vsC/Self-Driving-and-ROS-2-Learn-by-Doing-Plan-Navigation/Section3_Introduction_to_ROS_2/bumperbot_ws/install/bumperbot_mapping:/home/joel/vsC/Self-Driving-and-ROS-2-Learn-by-Doing-Plan-Navigation/Section3_Introduction_to_ROS_2/bumperbot_ws/install/bumperbot_localization:/home/joel/vsC/Self-Driving-and-ROS-2-Learn-by-Doing-Plan-Navigation/Section3_Introduction_to_ROS_2/bumperbot_ws/install/bumperbot_firmware:/home/joel/vsC/Self-Driving-and-ROS-2-Learn-by-Doing-Plan-Navigation/Section3_Introduction_to_ROS_2/bumperbot_ws/install/bumperbot_description:/home/joel/vsC/Self-Driving-and-ROS-2-Learn-by-Doing-Plan-Navigation/Section3_Introduction_to_ROS_2/bumperbot_ws/install/bumperbot_controller:${AMENT_PREFIX_PATH} CMAKE_PREFIX_PATH=/home/joel/vsC/Self-Driving-and-ROS-2-Learn-by-Doing-Plan-Navigation/Section3_Introduction_to_ROS_2/bumperbot_ws/install/bumperbot_mapping:/home/joel/vsC/Self-Driving-and-ROS-2-Learn-by-Doing-Plan-Navigation/Section3_Introduction_to_ROS_2/bumperbot_ws/install/bumperbot_localization:/home/joel/vsC/Self-Driving-and-ROS-2-Learn-by-Doing-Plan-Navigation/Section3_Introduction_to_ROS_2/bumperbot_ws/install/bumperbot_firmware:/home/joel/vsC/Self-Driving-and-ROS-2-Learn-by-Doing-Plan-Navigation/Section3_Introduction_to_ROS_2/bumperbot_ws/install/bumperbot_description:/home/joel/vsC/Self-Driving-and-ROS-2-Learn-by-Doing-Plan-Navigation/Section3_Introduction_to_ROS_2/bumperbot_ws/install/bumperbot_controller:/home/joel/ros2_jazzy/install/rosbag2:/home/joel/ros2_jazzy/install/rosbag2_storage_default_plugins:/home/joel/ros2_jazzy/install/rosbag2_storage_mcap:/home/joel/ros2_jazzy/install/rosbag2_compression_zstd:/home/joel/ros2_jazzy/install/mcap_vendor:/home/joel/ros2_jazzy/install/zstd_vendor:/home/joel/ros2_jazzy/install/rviz_visual_testing_framework:/home/joel/ros2_jazzy/install/rviz2:/home/joel/ros2_jazzy/install/rviz_default_plugins:/home/joel/ros2_jazzy/install/rviz_common:/home/joel/ros2_jazzy/install/rosbag2_py:/home/joel/ros2_jazzy/install/rosbag2_transport:/home/joel/ros2_jazzy/install/rosbag2_storage_sqlite3:/home/joel/ros2_jazzy/install/rosbag2_examples_cpp:/home/joel/ros2_jazzy/install/rosbag2_compression:/home/joel/ros2_jazzy/install/rosbag2_cpp:/home/joel/ros2_jazzy/install/rosbag2_storage:/home/joel/ros2_jazzy/install/image_common:/home/joel/ros2_jazzy/install/camera_info_manager:/home/joel/ros2_jazzy/install/camera_calibration_parsers:/home/joel/ros2_jazzy/install/yaml_cpp_vendor:/home/joel/ros2_jazzy/install/interactive_markers:/home/joel/ros2_jazzy/install/common_interfaces:/home/joel/ros2_jazzy/install/visualization_msgs:/home/joel/ros2_jazzy/install/mobile_robot:/home/joel/ros2_jazzy/install/dummy_robot_bringup:/home/joel/ros2_jazzy/install/robot_state_publisher:/home/joel/ros2_jazzy/install/kdl_parser:/home/joel/ros2_jazzy/install/urdf:/home/joel/ros2_jazzy/install/urdfdom:/home/joel/ros2_jazzy/install/urdf_parser_plugin:/home/joel/ros2_jazzy/install/urdfdom_headers:/home/joel/ros2_jazzy/install/turtlesim:/home/joel/ros2_jazzy/install/trajectory_msgs:/home/joel/ros2_jazzy/install/topic_statistics_demo:/home/joel/ros2_jazzy/install/pendulum_control:/home/joel/ros2_jazzy/install/tlsf_cpp:/home/joel/ros2_jazzy/install/geometry2:/home/joel/ros2_jazzy/install/tf2_sensor_msgs:/home/joel/ros2_jazzy/install/test_tf2:/home/joel/ros2_jazzy/install/tf2_kdl:/home/joel/ros2_jazzy/install/tf2_geometry_msgs:/home/joel/ros2_jazzy/install/tf2_eigen:/home/joel/ros2_jazzy/install/tf2_bullet:/home/joel/ros2_jazzy/install/tf2_ros:/home/joel/ros2_jazzy/install/tf2_py:/home/joel/ros2_jazzy/install/tf2_msgs:/home/joel/ros2_jazzy/install/tf2_eigen_kdl:/home/joel/ros2_jazzy/install/laser_geometry:/home/joel/ros2_jazzy/install/tf2:/home/joel/ros2_jazzy/install/test_tracetools:/home/joel/ros2_jazzy/install/rosbag2_test_common:/home/joel/ros2_jazzy/install/test_msgs:/home/joel/ros2_jazzy/install/test_communication:/home/joel/ros2_jazzy/install/stereo_msgs:/home/joel/ros2_jazzy/install/std_srvs:/home/joel/ros2_jazzy/install/shape_msgs:/home/joel/ros2_jazzy/install/quality_of_service_demo_cpp:/home/joel/ros2_jazzy/install/point_cloud_transport_py:/home/joel/ros2_jazzy/install/point_cloud_transport:/home/joel/ros2_jazzy/install/map_msgs:/home/joel/ros2_jazzy/install/intra_process_demo:/home/joel/ros2_jazzy/install/image_transport:/home/joel/ros2_jazzy/install/image_tools:/home/joel/ros2_jazzy/install/dummy_sensors:/home/joel/ros2_jazzy/install/sensor_msgs:/home/joel/ros2_jazzy/install/ros2cli_common_extensions:/home/joel/ros2_jazzy/install/dummy_map_server:/home/joel/ros2_jazzy/install/nav_msgs:/home/joel/ros2_jazzy/install/message_filters:/home/joel/ros2_jazzy/install/logging_demo:/home/joel/ros2_jazzy/install/lifecycle:/home/joel/ros2_jazzy/install/diagnostic_msgs:/home/joel/ros2_jazzy/install/geometry_msgs:/home/joel/ros2_jazzy/install/examples_rclcpp_wait_set:/home/joel/ros2_jazzy/install/examples_rclcpp_multithreaded_executor:/home/joel/ros2_jazzy/install/examples_rclcpp_minimal_subscriber:/home/joel/ros2_jazzy/install/examples_rclcpp_minimal_publisher:/home/joel/ros2_jazzy/install/examples_rclcpp_minimal_composition:/home/joel/ros2_jazzy/install/examples_rclcpp_cbg_executor:/home/joel/ros2_jazzy/install/demo_nodes_cpp_native:/home/joel/ros2_jazzy/install/demo_nodes_cpp:/home/joel/ros2_jazzy/install/composition:/home/joel/ros2_jazzy/install/actionlib_msgs:/home/joel/ros2_jazzy/install/std_msgs:/home/joel/ros2_jazzy/install/rqt_gui_cpp:/home/joel/ros2_jazzy/install/ros2lifecycle_test_fixtures:/home/joel/ros2_jazzy/install/rclcpp_lifecycle:/home/joel/ros2_jazzy/install/action_tutorials_cpp:/home/joel/ros2_jazzy/install/rclcpp_components:/home/joel/ros2_jazzy/install/examples_rclcpp_minimal_action_server:/home/joel/ros2_jazzy/install/examples_rclcpp_minimal_action_client:/home/joel/ros2_jazzy/install/rclcpp_action:/home/joel/ros2_jazzy/install/examples_rclcpp_minimal_timer:/home/joel/ros2_jazzy/install/examples_rclcpp_minimal_service:/home/joel/ros2_jazzy/install/examples_rclcpp_minimal_client:/home/joel/ros2_jazzy/install/examples_rclcpp_async_client:/home/joel/ros2_jazzy/install/rclcpp:/home/joel/ros2_jazzy/install/libstatistics_collector:/home/joel/ros2_jazzy/install/statistics_msgs:/home/joel/ros2_jazzy/install/sros2_cmake:/home/joel/ros2_jazzy/install/rqt_py_common:/home/joel/ros2_jazzy/install/ros_testing:/home/joel/ros2_jazzy/install/rclpy:/home/joel/ros2_jazzy/install/rosgraph_msgs:/home/joel/ros2_jazzy/install/rosbag2_interfaces:/home/joel/ros2_jazzy/install/ros2cli_test_interfaces:/home/joel/ros2_jazzy/install/rcl_lifecycle:/home/joel/ros2_jazzy/install/rcl_action:/home/joel/ros2_jazzy/install/rcl:/home/joel/ros2_jazzy/install/rmw_implementation:/home/joel/ros2_jazzy/install/rmw_fastrtps_dynamic_cpp:/home/joel/ros2_jazzy/install/rmw_fastrtps_cpp:/home/joel/ros2_jazzy/install/rmw_fastrtps_shared_cpp:/home/joel/ros2_jazzy/install/rmw_cyclonedds_cpp:/home/joel/ros2_jazzy/install/rmw_connextddsmicro:/home/joel/ros2_jazzy/install/rmw_connextdds:/home/joel/ros2_jazzy/install/rmw_connextdds_common:/home/joel/ros2_jazzy/install/rmw_dds_common:/home/joel/ros2_jazzy/install/composition_interfaces:/home/joel/ros2_jazzy/install/rcl_interfaces:/home/joel/ros2_jazzy/install/pendulum_msgs:/home/joel/ros2_jazzy/install/lifecycle_msgs:/home/joel/ros2_jazzy/install/example_interfaces:/home/joel/ros2_jazzy/install/action_tutorials_interfaces:/home/joel/ros2_jazzy/install/rosidl_default_runtime:/home/joel/ros2_jazzy/install/rosidl_default_generators:/home/joel/ros2_jazzy/install/action_msgs:/home/joel/ros2_jazzy/install/unique_identifier_msgs:/home/joel/ros2_jazzy/install/type_description_interfaces:/home/joel/ros2_jazzy/install/service_msgs:/home/joel/ros2_jazzy/install/builtin_interfaces:/home/joel/ros2_jazzy/install/rosidl_core_runtime:/home/joel/ros2_jazzy/install/rosidl_core_generators:/home/joel/ros2_jazzy/install/rosidl_generator_py:/home/joel/ros2_jazzy/install/ament_lint_common:/home/joel/ros2_jazzy/install/ament_cmake_uncrustify:/home/joel/ros2_jazzy/install/uncrustify_vendor:/home/joel/ros2_jazzy/install/tracetools:/home/joel/ros2_jazzy/install/tlsf:/home/joel/ros2_jazzy/install/qt_gui_core:/home/joel/ros2_jazzy/install/qt_gui_cpp:/home/joel/ros2_jazzy/install/pluginlib:/home/joel/ros2_jazzy/install/tinyxml2_vendor:/home/joel/ros2_jazzy/install/test_security:/home/joel/ros2_jazzy/install/test_rmw_implementation:/home/joel/ros2_jazzy/install/test_rclcpp:/home/joel/ros2_jazzy/install/test_quality_of_service:/home/joel/ros2_jazzy/install/test_launch_testing:/home/joel/ros2_jazzy/install/test_interface_files:/home/joel/ros2_jazzy/install/test_cli_remapping:/home/joel/ros2_jazzy/install/test_cli:/home/joel/ros2_jazzy/install/qt_gui_app:/home/joel/ros2_jazzy/install/qt_gui:/home/joel/ros2_jazzy/install/tango_icons_vendor:/home/joel/ros2_jazzy/install/sqlite3_vendor:/home/joel/ros2_jazzy/install/rcl_logging_spdlog:/home/joel/ros2_jazzy/install/spdlog_vendor:/home/joel/ros2_jazzy/install/shared_queues_vendor:/home/joel/ros2_jazzy/install/rviz_rendering_tests:/home/joel/ros2_jazzy/install/rviz_rendering:/home/joel/ros2_jazzy/install/rviz_ogre_vendor:/home/joel/ros2_jazzy/install/rviz_assimp_vendor:/home/joel/ros2_jazzy/install/rttest:/home/joel/ros2_jazzy/install/rti_connext_dds_cmake_module:/home/joel/ros2_jazzy/install/lttngpy:/home/joel/ros2_jazzy/install/rosidl_typesupport_tests:/home/joel/ros2_jazzy/install/rosidl_typesupport_introspection_tests:/home/joel/ros2_jazzy/install/rosidl_typesupport_cpp:/home/joel/ros2_jazzy/install/rosidl_typesupport_introspection_cpp:/home/joel/ros2_jazzy/install/rosidl_typesupport_c:/home/joel/ros2_jazzy/install/rosidl_typesupport_introspection_c:/home/joel/ros2_jazzy/install/rosidl_typesupport_fastrtps_c:/home/joel/ros2_jazzy/install/rosidl_typesupport_fastrtps_cpp:/home/joel/ros2_jazzy/install/rosidl_generator_cpp:/home/joel/ros2_jazzy/install/rosidl_runtime_cpp:/home/joel/ros2_jazzy/install/rosidl_dynamic_typesupport_fastrtps:/home/joel/ros2_jazzy/install/rcl_yaml_param_parser:/home/joel/ros2_jazzy/install/rmw:/home/joel/ros2_jazzy/install/rosidl_dynamic_typesupport:/home/joel/ros2_jazzy/install/rosidl_runtime_c:/home/joel/ros2_jazzy/install/rosidl_generator_c:/home/joel/ros2_jazzy/install/rosidl_typesupport_interface:/home/joel/ros2_jazzy/install/rosidl_generator_dds_idl:/home/joel/ros2_jazzy/install/rosidl_cmake:/home/joel/ros2_jazzy/install/rosidl_generator_type_description:/home/joel/ros2_jazzy/install/rosidl_parser:/home/joel/ros2_jazzy/install/rosidl_generator_tests:/home/joel/ros2_jazzy/install/rosidl_adapter:/home/joel/ros2_jazzy/install/rosbag2_tests:/home/joel/ros2_jazzy/install/rosbag2_test_msgdefs:/home/joel/ros2_jazzy/install/ros_environment:/home/joel/ros2_jazzy/install/rmw_implementation_cmake:/home/joel/ros2_jazzy/install/resource_retriever:/home/joel/ros2_jazzy/install/class_loader:/home/joel/ros2_jazzy/install/rcpputils:/home/joel/ros2_jazzy/install/rcl_logging_noop:/home/joel/ros2_jazzy/install/rcl_logging_interface:/home/joel/ros2_jazzy/install/rcutils:/home/joel/ros2_jazzy/install/qt_gui_py_common:/home/joel/ros2_jazzy/install/qt_dotgraph:/home/joel/ros2_jazzy/install/python_qt_binding:/home/joel/ros2_jazzy/install/python_orocos_kdl_vendor:/home/joel/ros2_jazzy/install/launch_testing_ament_cmake:/home/joel/ros2_jazzy/install/python_cmake_module:/home/joel/ros2_jazzy/install/pybind11_vendor:/home/joel/ros2_jazzy/install/performance_test_fixture:/home/joel/ros2_jazzy/install/osrf_testing_tools_cpp:/home/joel/ros2_jazzy/install/orocos_kdl_vendor:/home/joel/ros2_jazzy/install/mimick_vendor:/home/joel/ros2_jazzy/install/libyaml_vendor:/home/joel/ros2_jazzy/install/liblz4_vendor:/home/joel/ros2_jazzy/install/libcurl_vendor:/home/joel/ros2_jazzy/install/keyboard_handler:/home/joel/ros2_jazzy/install/iceoryx_introspection:/home/joel/ros2_jazzy/install/cyclonedds:/home/joel/ros2_jazzy/install/iceoryx_posh:/home/joel/ros2_jazzy/install/iceoryx_hoofs:/home/joel/ros2_jazzy/install/iceoryx_binding_c:/home/joel/ros2_jazzy/install/gz_math_vendor:/home/joel/ros2_jazzy/install/gz_utils_vendor:/home/joel/ros2_jazzy/install/gz_cmake_vendor:/home/joel/ros2_jazzy/install/ament_cmake_ros:/home/joel/ros2_jazzy/install/ament_cmake_auto:/home/joel/ros2_jazzy/install/ament_cmake_gmock:/home/joel/ros2_jazzy/install/gmock_vendor:/home/joel/ros2_jazzy/install/fastrtps:/home/joel/ros2_jazzy/install/fastcdr:/home/joel/ros2_jazzy/install/ament_cmake_gtest:/home/joel/ros2_jazzy/install/gtest_vendor:/home/joel/ros2_jazzy/install/ament_cmake_google_benchmark:/home/joel/ros2_jazzy/install/google_benchmark_vendor:/home/joel/ros2_jazzy/install/foonathan_memory_vendor:/home/joel/ros2_jazzy/install/fastrtps_cmake_module:/home/joel/ros2_jazzy/install/eigen3_cmake_module:/home/joel/ros2_jazzy/install/console_bridge_vendor:/home/joel/ros2_jazzy/install/ament_cmake_xmllint:/home/joel/ros2_jazzy/install/ament_cmake_pyflakes:/home/joel/ros2_jazzy/install/ament_cmake_pycodestyle:/home/joel/ros2_jazzy/install/ament_cmake_pep257:/home/joel/ros2_jazzy/install/ament_cmake_pclint:/home/joel/ros2_jazzy/install/ament_lint_auto:/home/joel/ros2_jazzy/install/ament_cmake:/home/joel/ros2_jazzy/install/ament_cmake_version:/home/joel/ros2_jazzy/install/ament_cmake_vendor_package:/home/joel/ros2_jazzy/install/ament_cmake_pytest:/home/joel/ros2_jazzy/install/ament_cmake_mypy:/home/joel/ros2_jazzy/install/ament_cmake_lint_cmake:/home/joel/ros2_jazzy/install/ament_cmake_flake8:/home/joel/ros2_jazzy/install/ament_cmake_cpplint:/home/joel/ros2_jazzy/install/ament_cmake_cppcheck:/home/joel/ros2_jazzy/install/ament_cmake_copyright:/home/joel/ros2_jazzy/install/ament_cmake_clang_tidy:/home/joel/ros2_jazzy/install/ament_cmake_clang_format:/home/joel/ros2_jazzy/install/ament_cmake_test:/home/joel/ros2_jazzy/install/ament_cmake_target_dependencies:/home/joel/ros2_jazzy/install/ament_cmake_python:/home/joel/ros2_jazzy/install/ament_cmake_export_dependencies:/home/joel/ros2_jazzy/install/ament_cmake_libraries:/home/joel/ros2_jazzy/install/ament_cmake_include_directories:/home/joel/ros2_jazzy/install/ament_cmake_gen_version_h:/home/joel/ros2_jazzy/install/ament_cmake_export_targets:/home/joel/ros2_jazzy/install/ament_cmake_export_link_flags:/home/joel/ros2_jazzy/install/ament_cmake_export_interfaces:/home/joel/ros2_jazzy/install/ament_cmake_export_libraries:/home/joel/ros2_jazzy/install/ament_cmake_export_include_directories:/home/joel/ros2_jazzy/install/ament_cmake_export_definitions:/home/joel/ros2_jazzy/install/ament_cmake_core:/home/joel/ros2_jazzy/install/ament_index_cpp:/opt/ros/jazzy/opt/gz_sim_vendor:/opt/ros/jazzy/opt/gz_sensors_vendor:/opt/ros/jazzy/opt/gz_physics_vendor:/opt/ros/jazzy/opt/sdformat_vendor:/opt/ros/jazzy/opt/gz_gui_vendor:/opt/ros/jazzy/opt/gz_transport_vendor:/opt/ros/jazzy/opt/gz_rendering_vendor:/opt/ros/jazzy/opt/gz_plugin_vendor:/opt/ros/jazzy/opt/gz_fuel_tools_vendor:/opt/ros/jazzy/opt/gz_msgs_vendor:/opt/ros/jazzy/opt/gz_common_vendor:/opt/ros/jazzy/opt/gz_math_vendor:/opt/ros/jazzy/opt/gz_utils_vendor:/opt/ros/jazzy/opt/gz_tools_vendor:/opt/ros/jazzy/opt/gz_ogre_next_vendor:/opt/ros/jazzy/opt/gz_dartsim_vendor:/opt/ros/jazzy/opt/gz_cmake_vendor:/home/joel/ros2_jazzy/install/rqt_bag_plugins:/home/joel/ros2_jazzy/install/rqt_bag:/home/joel/ros2_jazzy/install/rosbag2_examples_py:/home/joel/ros2_jazzy/install/launch_testing_examples:/home/joel/ros2_jazzy/install/ros2bag:/home/joel/ros2_jazzy/install/tracetools_test:/home/joel/ros2_jazzy/install/tracetools_launch:/home/joel/ros2_jazzy/install/topic_monitor:/home/joel/ros2_jazzy/install/tf2_tools:/home/joel/ros2_jazzy/install/examples_tf2_py:/home/joel/ros2_jazzy/install/tf2_ros_py:/home/joel/ros2_jazzy/install/examples_rclpy_pointcloud_publisher:/home/joel/ros2_jazzy/install/sensor_msgs_py:/home/joel/ros2_jazzy/install/quality_of_service_demo_py:/home/joel/ros2_jazzy/install/camera_info_manager_py:/home/joel/ros2_jazzy/install/rqt_plot:/home/joel/ros2_jazzy/install/ros2doctor:/home/joel/ros2_jazzy/install/lifecycle_py:/home/joel/ros2_jazzy/install/examples_rclpy_minimal_subscriber:/home/joel/ros2_jazzy/install/examples_rclpy_minimal_service:/home/joel/ros2_jazzy/install/examples_rclpy_minimal_publisher:/home/joel/ros2_jazzy/install/examples_rclpy_minimal_client:/home/joel/ros2_jazzy/install/examples_rclpy_executors:/home/joel/ros2_jazzy/install/demo_nodes_py:/home/joel/ros2_jazzy/install/rqt:/home/joel/ros2_jazzy/install/ros2component:/home/joel/ros2_jazzy/install/sros2:/home/joel/ros2_jazzy/install/rqt_topic:/home/joel/ros2_jazzy/install/rqt_srv:/home/joel/ros2_jazzy/install/rqt_shell:/home/joel/ros2_jazzy/install/rqt_service_caller:/home/joel/ros2_jazzy/install/rqt_reconfigure:/home/joel/ros2_jazzy/install/rqt_py_console:/home/joel/ros2_jazzy/install/rqt_publisher:/home/joel/ros2_jazzy/install/rqt_action:/home/joel/ros2_jazzy/install/rqt_msg:/home/joel/ros2_jazzy/install/rqt_console:/home/joel/ros2_jazzy/install/rqt_graph:/home/joel/ros2_jazzy/install/rqt_gui_py:/home/joel/ros2_jazzy/install/rqt_gui:/home/joel/ros2_jazzy/install/ros2trace:/home/joel/ros2_jazzy/install/ros2topic:/home/joel/ros2_jazzy/install/ros2test:/home/joel/ros2_jazzy/install/ros2param:/home/joel/ros2_jazzy/install/ros2lifecycle:/home/joel/ros2_jazzy/install/ros2service:/home/joel/ros2_jazzy/install/ros2run:/home/joel/ros2_jazzy/install/ros2launch:/home/joel/ros2_jazzy/install/ros2pkg:/home/joel/ros2_jazzy/install/ros2node:/home/joel/ros2_jazzy/install/ros2multicast:/home/joel/ros2_jazzy/install/ros2interface:/home/joel/ros2_jazzy/install/ros2action:/home/joel/ros2_jazzy/install/ros2cli:/home/joel/ros2_jazzy/install/launch_testing_ros:/home/joel/ros2_jazzy/install/launch_ros:/home/joel/ros2_jazzy/install/examples_rclpy_minimal_action_server:/home/joel/ros2_jazzy/install/examples_rclpy_minimal_action_client:/home/joel/ros2_jazzy/install/examples_rclpy_guard_conditions:/home/joel/ros2_jazzy/install/action_tutorials_py:/home/joel/ros2_jazzy/install/ament_uncrustify:/home/joel/ros2_jazzy/install/tracetools_trace:/home/joel/ros2_jazzy/install/tracetools_read:/home/joel/ros2_jazzy/install/test_tracetools_launch:/home/joel/ros2_jazzy/install/test_ros2trace:/home/joel/ros2_jazzy/install/test_launch_ros:/home/joel/ros2_jazzy/install/rpyutils:/home/joel/ros2_jazzy/install/rosidl_runtime_py:/home/joel/ros2_jazzy/install/rosidl_pycommon:/home/joel/ros2_jazzy/install/rosidl_cli:/home/joel/ros2_jazzy/install/launch_pytest:/home/joel/ros2_jazzy/install/launch_testing:/home/joel/ros2_jazzy/install/launch_yaml:/home/joel/ros2_jazzy/install/launch_xml:/home/joel/ros2_jazzy/install/launch:/home/joel/ros2_jazzy/install/osrf_pycommon:/home/joel/ros2_jazzy/install/domain_coordinator:/home/joel/ros2_jazzy/install/ament_xmllint:/home/joel/ros2_jazzy/install/ament_pyflakes:/home/joel/ros2_jazzy/install/ament_pycodestyle:/home/joel/ros2_jazzy/install/ament_pep257:/home/joel/ros2_jazzy/install/ament_pclint:/home/joel/ros2_jazzy/install/ament_package:/home/joel/ros2_jazzy/install/ament_mypy:/home/joel/ros2_jazzy/install/ament_lint_cmake:/home/joel/ros2_jazzy/install/ament_flake8:/home/joel/ros2_jazzy/install/ament_copyright:/home/joel/ros2_jazzy/install/ament_lint:/home/joel/ros2_jazzy/install/ament_index_python:/home/joel/ros2_jazzy/install/ament_cpplint:/home/joel/ros2_jazzy/install/ament_cppcheck:/home/joel/ros2_jazzy/install/ament_clang_tidy:/home/joel/ros2_jazzy/install/ament_clang_format:/opt/ros/jazzy DEBUGINFOD_URLS=https://debuginfod.ubuntu.com LD_LIBRARY_PATH=/home/joel/vsC/Self-Driving-and-ROS-2-Learn-by-Doing-Plan-Navigation/Section3_Introduction_to_ROS_2/bumperbot_ws/install/bumperbot_firmware/lib:${LD_LIBRARY_PATH} PATH=/home/joel/vsC/Self-Driving-and-ROS-2-Learn-by-Doing-Plan-Navigation/Section3_Introduction_to_ROS_2/bumperbot_ws/install/bumperbot_localization/bin:${PATH} PYTHONPATH=/home/joel/vsC/Self-Driving-and-ROS-2-Learn-by-Doing-Plan-Navigation/Section3_Introduction_to_ROS_2/bumperbot_ws/install/bumperbot_mapping/lib/python3.12/site-packages:/home/joel/vsC/Self-Driving-and-ROS-2-Learn-by-Doing-Plan-Navigation/Section3_Introduction_to_ROS_2/bumperbot_ws/install/bumperbot_localization/lib/python3.12/site-packages:/home/joel/vsC/Self-Driving-and-ROS-2-Learn-by-Doing-Plan-Navigation/Section3_Introduction_to_ROS_2/bumperbot_ws/install/bumperbot_firmware/lib/python3.12/site-packages:/home/joel/vsC/Self-Driving-and-ROS-2-Learn-by-Doing-Plan-Navigation/Section3_Introduction_to_ROS_2/bumperbot_ws/install/bumperbot_controller/lib/python3.12/site-packages:${PYTHONPATH} /usr/bin/cmake /home/joel/vsC/Self-Driving-and-ROS-2-Learn-by-Doing-Plan-Navigation/Section3_Introduction_to_ROS_2/bumperbot_ws/src/bumperbot_bringup -DCMAKE_INSTALL_PREFIX=/home/joel/vsC/Self-Driving-and-ROS-2-Learn-by-Doing-Plan-Navigation/Section3_Introduction_to_ROS_2/bumperbot_ws/install/bumperbot_bringup
[54.553s] DEBUG:colcon.colcon_core.event_handler.log_command:Invoking command in '/home/joel/vsC/Self-Driving-and-ROS-2-Learn-by-Doing-Plan-Navigation/Section3_Introduction_to_ROS_2/bumperbot_ws/build/bumperbot_bringup': AMENT_PREFIX_PATH=/home/joel/vsC/Self-Driving-and-ROS-2-Learn-by-Doing-Plan-Navigation/Section3_Introduction_to_ROS_2/bumperbot_ws/install/bumperbot_mapping:/home/joel/vsC/Self-Driving-and-ROS-2-Learn-by-Doing-Plan-Navigation/Section3_Introduction_to_ROS_2/bumperbot_ws/install/bumperbot_localization:/home/joel/vsC/Self-Driving-and-ROS-2-Learn-by-Doing-Plan-Navigation/Section3_Introduction_to_ROS_2/bumperbot_ws/install/bumperbot_firmware:/home/joel/vsC/Self-Driving-and-ROS-2-Learn-by-Doing-Plan-Navigation/Section3_Introduction_to_ROS_2/bumperbot_ws/install/bumperbot_description:/home/joel/vsC/Self-Driving-and-ROS-2-Learn-by-Doing-Plan-Navigation/Section3_Introduction_to_ROS_2/bumperbot_ws/install/bumperbot_controller:${AMENT_PREFIX_PATH} CMAKE_PREFIX_PATH=/home/joel/vsC/Self-Driving-and-ROS-2-Learn-by-Doing-Plan-Navigation/Section3_Introduction_to_ROS_2/bumperbot_ws/install/bumperbot_mapping:/home/joel/vsC/Self-Driving-and-ROS-2-Learn-by-Doing-Plan-Navigation/Section3_Introduction_to_ROS_2/bumperbot_ws/install/bumperbot_localization:/home/joel/vsC/Self-Driving-and-ROS-2-Learn-by-Doing-Plan-Navigation/Section3_Introduction_to_ROS_2/bumperbot_ws/install/bumperbot_firmware:/home/joel/vsC/Self-Driving-and-ROS-2-Learn-by-Doing-Plan-Navigation/Section3_Introduction_to_ROS_2/bumperbot_ws/install/bumperbot_description:/home/joel/vsC/Self-Driving-and-ROS-2-Learn-by-Doing-Plan-Navigation/Section3_Introduction_to_ROS_2/bumperbot_ws/install/bumperbot_controller:/home/joel/ros2_jazzy/install/rosbag2:/home/joel/ros2_jazzy/install/rosbag2_storage_default_plugins:/home/joel/ros2_jazzy/install/rosbag2_storage_mcap:/home/joel/ros2_jazzy/install/rosbag2_compression_zstd:/home/joel/ros2_jazzy/install/mcap_vendor:/home/joel/ros2_jazzy/install/zstd_vendor:/home/joel/ros2_jazzy/install/rviz_visual_testing_framework:/home/joel/ros2_jazzy/install/rviz2:/home/joel/ros2_jazzy/install/rviz_default_plugins:/home/joel/ros2_jazzy/install/rviz_common:/home/joel/ros2_jazzy/install/rosbag2_py:/home/joel/ros2_jazzy/install/rosbag2_transport:/home/joel/ros2_jazzy/install/rosbag2_storage_sqlite3:/home/joel/ros2_jazzy/install/rosbag2_examples_cpp:/home/joel/ros2_jazzy/install/rosbag2_compression:/home/joel/ros2_jazzy/install/rosbag2_cpp:/home/joel/ros2_jazzy/install/rosbag2_storage:/home/joel/ros2_jazzy/install/image_common:/home/joel/ros2_jazzy/install/camera_info_manager:/home/joel/ros2_jazzy/install/camera_calibration_parsers:/home/joel/ros2_jazzy/install/yaml_cpp_vendor:/home/joel/ros2_jazzy/install/interactive_markers:/home/joel/ros2_jazzy/install/common_interfaces:/home/joel/ros2_jazzy/install/visualization_msgs:/home/joel/ros2_jazzy/install/mobile_robot:/home/joel/ros2_jazzy/install/dummy_robot_bringup:/home/joel/ros2_jazzy/install/robot_state_publisher:/home/joel/ros2_jazzy/install/kdl_parser:/home/joel/ros2_jazzy/install/urdf:/home/joel/ros2_jazzy/install/urdfdom:/home/joel/ros2_jazzy/install/urdf_parser_plugin:/home/joel/ros2_jazzy/install/urdfdom_headers:/home/joel/ros2_jazzy/install/turtlesim:/home/joel/ros2_jazzy/install/trajectory_msgs:/home/joel/ros2_jazzy/install/topic_statistics_demo:/home/joel/ros2_jazzy/install/pendulum_control:/home/joel/ros2_jazzy/install/tlsf_cpp:/home/joel/ros2_jazzy/install/geometry2:/home/joel/ros2_jazzy/install/tf2_sensor_msgs:/home/joel/ros2_jazzy/install/test_tf2:/home/joel/ros2_jazzy/install/tf2_kdl:/home/joel/ros2_jazzy/install/tf2_geometry_msgs:/home/joel/ros2_jazzy/install/tf2_eigen:/home/joel/ros2_jazzy/install/tf2_bullet:/home/joel/ros2_jazzy/install/tf2_ros:/home/joel/ros2_jazzy/install/tf2_py:/home/joel/ros2_jazzy/install/tf2_msgs:/home/joel/ros2_jazzy/install/tf2_eigen_kdl:/home/joel/ros2_jazzy/install/laser_geometry:/home/joel/ros2_jazzy/install/tf2:/home/joel/ros2_jazzy/install/test_tracetools:/home/joel/ros2_jazzy/install/rosbag2_test_common:/home/joel/ros2_jazzy/install/test_msgs:/home/joel/ros2_jazzy/install/test_communication:/home/joel/ros2_jazzy/install/stereo_msgs:/home/joel/ros2_jazzy/install/std_srvs:/home/joel/ros2_jazzy/install/shape_msgs:/home/joel/ros2_jazzy/install/quality_of_service_demo_cpp:/home/joel/ros2_jazzy/install/point_cloud_transport_py:/home/joel/ros2_jazzy/install/point_cloud_transport:/home/joel/ros2_jazzy/install/map_msgs:/home/joel/ros2_jazzy/install/intra_process_demo:/home/joel/ros2_jazzy/install/image_transport:/home/joel/ros2_jazzy/install/image_tools:/home/joel/ros2_jazzy/install/dummy_sensors:/home/joel/ros2_jazzy/install/sensor_msgs:/home/joel/ros2_jazzy/install/ros2cli_common_extensions:/home/joel/ros2_jazzy/install/dummy_map_server:/home/joel/ros2_jazzy/install/nav_msgs:/home/joel/ros2_jazzy/install/message_filters:/home/joel/ros2_jazzy/install/logging_demo:/home/joel/ros2_jazzy/install/lifecycle:/home/joel/ros2_jazzy/install/diagnostic_msgs:/home/joel/ros2_jazzy/install/geometry_msgs:/home/joel/ros2_jazzy/install/examples_rclcpp_wait_set:/home/joel/ros2_jazzy/install/examples_rclcpp_multithreaded_executor:/home/joel/ros2_jazzy/install/examples_rclcpp_minimal_subscriber:/home/joel/ros2_jazzy/install/examples_rclcpp_minimal_publisher:/home/joel/ros2_jazzy/install/examples_rclcpp_minimal_composition:/home/joel/ros2_jazzy/install/examples_rclcpp_cbg_executor:/home/joel/ros2_jazzy/install/demo_nodes_cpp_native:/home/joel/ros2_jazzy/install/demo_nodes_cpp:/home/joel/ros2_jazzy/install/composition:/home/joel/ros2_jazzy/install/actionlib_msgs:/home/joel/ros2_jazzy/install/std_msgs:/home/joel/ros2_jazzy/install/rqt_gui_cpp:/home/joel/ros2_jazzy/install/ros2lifecycle_test_fixtures:/home/joel/ros2_jazzy/install/rclcpp_lifecycle:/home/joel/ros2_jazzy/install/action_tutorials_cpp:/home/joel/ros2_jazzy/install/rclcpp_components:/home/joel/ros2_jazzy/install/examples_rclcpp_minimal_action_server:/home/joel/ros2_jazzy/install/examples_rclcpp_minimal_action_client:/home/joel/ros2_jazzy/install/rclcpp_action:/home/joel/ros2_jazzy/install/examples_rclcpp_minimal_timer:/home/joel/ros2_jazzy/install/examples_rclcpp_minimal_service:/home/joel/ros2_jazzy/install/examples_rclcpp_minimal_client:/home/joel/ros2_jazzy/install/examples_rclcpp_async_client:/home/joel/ros2_jazzy/install/rclcpp:/home/joel/ros2_jazzy/install/libstatistics_collector:/home/joel/ros2_jazzy/install/statistics_msgs:/home/joel/ros2_jazzy/install/sros2_cmake:/home/joel/ros2_jazzy/install/rqt_py_common:/home/joel/ros2_jazzy/install/ros_testing:/home/joel/ros2_jazzy/install/rclpy:/home/joel/ros2_jazzy/install/rosgraph_msgs:/home/joel/ros2_jazzy/install/rosbag2_interfaces:/home/joel/ros2_jazzy/install/ros2cli_test_interfaces:/home/joel/ros2_jazzy/install/rcl_lifecycle:/home/joel/ros2_jazzy/install/rcl_action:/home/joel/ros2_jazzy/install/rcl:/home/joel/ros2_jazzy/install/rmw_implementation:/home/joel/ros2_jazzy/install/rmw_fastrtps_dynamic_cpp:/home/joel/ros2_jazzy/install/rmw_fastrtps_cpp:/home/joel/ros2_jazzy/install/rmw_fastrtps_shared_cpp:/home/joel/ros2_jazzy/install/rmw_cyclonedds_cpp:/home/joel/ros2_jazzy/install/rmw_connextddsmicro:/home/joel/ros2_jazzy/install/rmw_connextdds:/home/joel/ros2_jazzy/install/rmw_connextdds_common:/home/joel/ros2_jazzy/install/rmw_dds_common:/home/joel/ros2_jazzy/install/composition_interfaces:/home/joel/ros2_jazzy/install/rcl_interfaces:/home/joel/ros2_jazzy/install/pendulum_msgs:/home/joel/ros2_jazzy/install/lifecycle_msgs:/home/joel/ros2_jazzy/install/example_interfaces:/home/joel/ros2_jazzy/install/action_tutorials_interfaces:/home/joel/ros2_jazzy/install/rosidl_default_runtime:/home/joel/ros2_jazzy/install/rosidl_default_generators:/home/joel/ros2_jazzy/install/action_msgs:/home/joel/ros2_jazzy/install/unique_identifier_msgs:/home/joel/ros2_jazzy/install/type_description_interfaces:/home/joel/ros2_jazzy/install/service_msgs:/home/joel/ros2_jazzy/install/builtin_interfaces:/home/joel/ros2_jazzy/install/rosidl_core_runtime:/home/joel/ros2_jazzy/install/rosidl_core_generators:/home/joel/ros2_jazzy/install/rosidl_generator_py:/home/joel/ros2_jazzy/install/ament_lint_common:/home/joel/ros2_jazzy/install/ament_cmake_uncrustify:/home/joel/ros2_jazzy/install/uncrustify_vendor:/home/joel/ros2_jazzy/install/tracetools:/home/joel/ros2_jazzy/install/tlsf:/home/joel/ros2_jazzy/install/qt_gui_core:/home/joel/ros2_jazzy/install/qt_gui_cpp:/home/joel/ros2_jazzy/install/pluginlib:/home/joel/ros2_jazzy/install/tinyxml2_vendor:/home/joel/ros2_jazzy/install/test_security:/home/joel/ros2_jazzy/install/test_rmw_implementation:/home/joel/ros2_jazzy/install/test_rclcpp:/home/joel/ros2_jazzy/install/test_quality_of_service:/home/joel/ros2_jazzy/install/test_launch_testing:/home/joel/ros2_jazzy/install/test_interface_files:/home/joel/ros2_jazzy/install/test_cli_remapping:/home/joel/ros2_jazzy/install/test_cli:/home/joel/ros2_jazzy/install/qt_gui_app:/home/joel/ros2_jazzy/install/qt_gui:/home/joel/ros2_jazzy/install/tango_icons_vendor:/home/joel/ros2_jazzy/install/sqlite3_vendor:/home/joel/ros2_jazzy/install/rcl_logging_spdlog:/home/joel/ros2_jazzy/install/spdlog_vendor:/home/joel/ros2_jazzy/install/shared_queues_vendor:/home/joel/ros2_jazzy/install/rviz_rendering_tests:/home/joel/ros2_jazzy/install/rviz_rendering:/home/joel/ros2_jazzy/install/rviz_ogre_vendor:/home/joel/ros2_jazzy/install/rviz_assimp_vendor:/home/joel/ros2_jazzy/install/rttest:/home/joel/ros2_jazzy/install/rti_connext_dds_cmake_module:/home/joel/ros2_jazzy/install/lttngpy:/home/joel/ros2_jazzy/install/rosidl_typesupport_tests:/home/joel/ros2_jazzy/install/rosidl_typesupport_introspection_tests:/home/joel/ros2_jazzy/install/rosidl_typesupport_cpp:/home/joel/ros2_jazzy/install/rosidl_typesupport_introspection_cpp:/home/joel/ros2_jazzy/install/rosidl_typesupport_c:/home/joel/ros2_jazzy/install/rosidl_typesupport_introspection_c:/home/joel/ros2_jazzy/install/rosidl_typesupport_fastrtps_c:/home/joel/ros2_jazzy/install/rosidl_typesupport_fastrtps_cpp:/home/joel/ros2_jazzy/install/rosidl_generator_cpp:/home/joel/ros2_jazzy/install/rosidl_runtime_cpp:/home/joel/ros2_jazzy/install/rosidl_dynamic_typesupport_fastrtps:/home/joel/ros2_jazzy/install/rcl_yaml_param_parser:/home/joel/ros2_jazzy/install/rmw:/home/joel/ros2_jazzy/install/rosidl_dynamic_typesupport:/home/joel/ros2_jazzy/install/rosidl_runtime_c:/home/joel/ros2_jazzy/install/rosidl_generator_c:/home/joel/ros2_jazzy/install/rosidl_typesupport_interface:/home/joel/ros2_jazzy/install/rosidl_generator_dds_idl:/home/joel/ros2_jazzy/install/rosidl_cmake:/home/joel/ros2_jazzy/install/rosidl_generator_type_description:/home/joel/ros2_jazzy/install/rosidl_parser:/home/joel/ros2_jazzy/install/rosidl_generator_tests:/home/joel/ros2_jazzy/install/rosidl_adapter:/home/joel/ros2_jazzy/install/rosbag2_tests:/home/joel/ros2_jazzy/install/rosbag2_test_msgdefs:/home/joel/ros2_jazzy/install/ros_environment:/home/joel/ros2_jazzy/install/rmw_implementation_cmake:/home/joel/ros2_jazzy/install/resource_retriever:/home/joel/ros2_jazzy/install/class_loader:/home/joel/ros2_jazzy/install/rcpputils:/home/joel/ros2_jazzy/install/rcl_logging_noop:/home/joel/ros2_jazzy/install/rcl_logging_interface:/home/joel/ros2_jazzy/install/rcutils:/home/joel/ros2_jazzy/install/qt_gui_py_common:/home/joel/ros2_jazzy/install/qt_dotgraph:/home/joel/ros2_jazzy/install/python_qt_binding:/home/joel/ros2_jazzy/install/python_orocos_kdl_vendor:/home/joel/ros2_jazzy/install/launch_testing_ament_cmake:/home/joel/ros2_jazzy/install/python_cmake_module:/home/joel/ros2_jazzy/install/pybind11_vendor:/home/joel/ros2_jazzy/install/performance_test_fixture:/home/joel/ros2_jazzy/install/osrf_testing_tools_cpp:/home/joel/ros2_jazzy/install/orocos_kdl_vendor:/home/joel/ros2_jazzy/install/mimick_vendor:/home/joel/ros2_jazzy/install/libyaml_vendor:/home/joel/ros2_jazzy/install/liblz4_vendor:/home/joel/ros2_jazzy/install/libcurl_vendor:/home/joel/ros2_jazzy/install/keyboard_handler:/home/joel/ros2_jazzy/install/iceoryx_introspection:/home/joel/ros2_jazzy/install/cyclonedds:/home/joel/ros2_jazzy/install/iceoryx_posh:/home/joel/ros2_jazzy/install/iceoryx_hoofs:/home/joel/ros2_jazzy/install/iceoryx_binding_c:/home/joel/ros2_jazzy/install/gz_math_vendor:/home/joel/ros2_jazzy/install/gz_utils_vendor:/home/joel/ros2_jazzy/install/gz_cmake_vendor:/home/joel/ros2_jazzy/install/ament_cmake_ros:/home/joel/ros2_jazzy/install/ament_cmake_auto:/home/joel/ros2_jazzy/install/ament_cmake_gmock:/home/joel/ros2_jazzy/install/gmock_vendor:/home/joel/ros2_jazzy/install/fastrtps:/home/joel/ros2_jazzy/install/fastcdr:/home/joel/ros2_jazzy/install/ament_cmake_gtest:/home/joel/ros2_jazzy/install/gtest_vendor:/home/joel/ros2_jazzy/install/ament_cmake_google_benchmark:/home/joel/ros2_jazzy/install/google_benchmark_vendor:/home/joel/ros2_jazzy/install/foonathan_memory_vendor:/home/joel/ros2_jazzy/install/fastrtps_cmake_module:/home/joel/ros2_jazzy/install/eigen3_cmake_module:/home/joel/ros2_jazzy/install/console_bridge_vendor:/home/joel/ros2_jazzy/install/ament_cmake_xmllint:/home/joel/ros2_jazzy/install/ament_cmake_pyflakes:/home/joel/ros2_jazzy/install/ament_cmake_pycodestyle:/home/joel/ros2_jazzy/install/ament_cmake_pep257:/home/joel/ros2_jazzy/install/ament_cmake_pclint:/home/joel/ros2_jazzy/install/ament_lint_auto:/home/joel/ros2_jazzy/install/ament_cmake:/home/joel/ros2_jazzy/install/ament_cmake_version:/home/joel/ros2_jazzy/install/ament_cmake_vendor_package:/home/joel/ros2_jazzy/install/ament_cmake_pytest:/home/joel/ros2_jazzy/install/ament_cmake_mypy:/home/joel/ros2_jazzy/install/ament_cmake_lint_cmake:/home/joel/ros2_jazzy/install/ament_cmake_flake8:/home/joel/ros2_jazzy/install/ament_cmake_cpplint:/home/joel/ros2_jazzy/install/ament_cmake_cppcheck:/home/joel/ros2_jazzy/install/ament_cmake_copyright:/home/joel/ros2_jazzy/install/ament_cmake_clang_tidy:/home/joel/ros2_jazzy/install/ament_cmake_clang_format:/home/joel/ros2_jazzy/install/ament_cmake_test:/home/joel/ros2_jazzy/install/ament_cmake_target_dependencies:/home/joel/ros2_jazzy/install/ament_cmake_python:/home/joel/ros2_jazzy/install/ament_cmake_export_dependencies:/home/joel/ros2_jazzy/install/ament_cmake_libraries:/home/joel/ros2_jazzy/install/ament_cmake_include_directories:/home/joel/ros2_jazzy/install/ament_cmake_gen_version_h:/home/joel/ros2_jazzy/install/ament_cmake_export_targets:/home/joel/ros2_jazzy/install/ament_cmake_export_link_flags:/home/joel/ros2_jazzy/install/ament_cmake_export_interfaces:/home/joel/ros2_jazzy/install/ament_cmake_export_libraries:/home/joel/ros2_jazzy/install/ament_cmake_export_include_directories:/home/joel/ros2_jazzy/install/ament_cmake_export_definitions:/home/joel/ros2_jazzy/install/ament_cmake_core:/home/joel/ros2_jazzy/install/ament_index_cpp:/opt/ros/jazzy/opt/gz_sim_vendor:/opt/ros/jazzy/opt/gz_sensors_vendor:/opt/ros/jazzy/opt/gz_physics_vendor:/opt/ros/jazzy/opt/sdformat_vendor:/opt/ros/jazzy/opt/gz_gui_vendor:/opt/ros/jazzy/opt/gz_transport_vendor:/opt/ros/jazzy/opt/gz_rendering_vendor:/opt/ros/jazzy/opt/gz_plugin_vendor:/opt/ros/jazzy/opt/gz_fuel_tools_vendor:/opt/ros/jazzy/opt/gz_msgs_vendor:/opt/ros/jazzy/opt/gz_common_vendor:/opt/ros/jazzy/opt/gz_math_vendor:/opt/ros/jazzy/opt/gz_utils_vendor:/opt/ros/jazzy/opt/gz_tools_vendor:/opt/ros/jazzy/opt/gz_ogre_next_vendor:/opt/ros/jazzy/opt/gz_dartsim_vendor:/opt/ros/jazzy/opt/gz_cmake_vendor:/home/joel/ros2_jazzy/install/rqt_bag_plugins:/home/joel/ros2_jazzy/install/rqt_bag:/home/joel/ros2_jazzy/install/rosbag2_examples_py:/home/joel/ros2_jazzy/install/launch_testing_examples:/home/joel/ros2_jazzy/install/ros2bag:/home/joel/ros2_jazzy/install/tracetools_test:/home/joel/ros2_jazzy/install/tracetools_launch:/home/joel/ros2_jazzy/install/topic_monitor:/home/joel/ros2_jazzy/install/tf2_tools:/home/joel/ros2_jazzy/install/examples_tf2_py:/home/joel/ros2_jazzy/install/tf2_ros_py:/home/joel/ros2_jazzy/install/examples_rclpy_pointcloud_publisher:/home/joel/ros2_jazzy/install/sensor_msgs_py:/home/joel/ros2_jazzy/install/quality_of_service_demo_py:/home/joel/ros2_jazzy/install/camera_info_manager_py:/home/joel/ros2_jazzy/install/rqt_plot:/home/joel/ros2_jazzy/install/ros2doctor:/home/joel/ros2_jazzy/install/lifecycle_py:/home/joel/ros2_jazzy/install/examples_rclpy_minimal_subscriber:/home/joel/ros2_jazzy/install/examples_rclpy_minimal_service:/home/joel/ros2_jazzy/install/examples_rclpy_minimal_publisher:/home/joel/ros2_jazzy/install/examples_rclpy_minimal_client:/home/joel/ros2_jazzy/install/examples_rclpy_executors:/home/joel/ros2_jazzy/install/demo_nodes_py:/home/joel/ros2_jazzy/install/rqt:/home/joel/ros2_jazzy/install/ros2component:/home/joel/ros2_jazzy/install/sros2:/home/joel/ros2_jazzy/install/rqt_topic:/home/joel/ros2_jazzy/install/rqt_srv:/home/joel/ros2_jazzy/install/rqt_shell:/home/joel/ros2_jazzy/install/rqt_service_caller:/home/joel/ros2_jazzy/install/rqt_reconfigure:/home/joel/ros2_jazzy/install/rqt_py_console:/home/joel/ros2_jazzy/install/rqt_publisher:/home/joel/ros2_jazzy/install/rqt_action:/home/joel/ros2_jazzy/install/rqt_msg:/home/joel/ros2_jazzy/install/rqt_console:/home/joel/ros2_jazzy/install/rqt_graph:/home/joel/ros2_jazzy/install/rqt_gui_py:/home/joel/ros2_jazzy/install/rqt_gui:/home/joel/ros2_jazzy/install/ros2trace:/home/joel/ros2_jazzy/install/ros2topic:/home/joel/ros2_jazzy/install/ros2test:/home/joel/ros2_jazzy/install/ros2param:/home/joel/ros2_jazzy/install/ros2lifecycle:/home/joel/ros2_jazzy/install/ros2service:/home/joel/ros2_jazzy/install/ros2run:/home/joel/ros2_jazzy/install/ros2launch:/home/joel/ros2_jazzy/install/ros2pkg:/home/joel/ros2_jazzy/install/ros2node:/home/joel/ros2_jazzy/install/ros2multicast:/home/joel/ros2_jazzy/install/ros2interface:/home/joel/ros2_jazzy/install/ros2action:/home/joel/ros2_jazzy/install/ros2cli:/home/joel/ros2_jazzy/install/launch_testing_ros:/home/joel/ros2_jazzy/install/launch_ros:/home/joel/ros2_jazzy/install/examples_rclpy_minimal_action_server:/home/joel/ros2_jazzy/install/examples_rclpy_minimal_action_client:/home/joel/ros2_jazzy/install/examples_rclpy_guard_conditions:/home/joel/ros2_jazzy/install/action_tutorials_py:/home/joel/ros2_jazzy/install/ament_uncrustify:/home/joel/ros2_jazzy/install/tracetools_trace:/home/joel/ros2_jazzy/install/tracetools_read:/home/joel/ros2_jazzy/install/test_tracetools_launch:/home/joel/ros2_jazzy/install/test_ros2trace:/home/joel/ros2_jazzy/install/test_launch_ros:/home/joel/ros2_jazzy/install/rpyutils:/home/joel/ros2_jazzy/install/rosidl_runtime_py:/home/joel/ros2_jazzy/install/rosidl_pycommon:/home/joel/ros2_jazzy/install/rosidl_cli:/home/joel/ros2_jazzy/install/launch_pytest:/home/joel/ros2_jazzy/install/launch_testing:/home/joel/ros2_jazzy/install/launch_yaml:/home/joel/ros2_jazzy/install/launch_xml:/home/joel/ros2_jazzy/install/launch:/home/joel/ros2_jazzy/install/osrf_pycommon:/home/joel/ros2_jazzy/install/domain_coordinator:/home/joel/ros2_jazzy/install/ament_xmllint:/home/joel/ros2_jazzy/install/ament_pyflakes:/home/joel/ros2_jazzy/install/ament_pycodestyle:/home/joel/ros2_jazzy/install/ament_pep257:/home/joel/ros2_jazzy/install/ament_pclint:/home/joel/ros2_jazzy/install/ament_package:/home/joel/ros2_jazzy/install/ament_mypy:/home/joel/ros2_jazzy/install/ament_lint_cmake:/home/joel/ros2_jazzy/install/ament_flake8:/home/joel/ros2_jazzy/install/ament_copyright:/home/joel/ros2_jazzy/install/ament_lint:/home/joel/ros2_jazzy/install/ament_index_python:/home/joel/ros2_jazzy/install/ament_cpplint:/home/joel/ros2_jazzy/install/ament_cppcheck:/home/joel/ros2_jazzy/install/ament_clang_tidy:/home/joel/ros2_jazzy/install/ament_clang_format:/opt/ros/jazzy DEBUGINFOD_URLS=https://debuginfod.ubuntu.com LD_LIBRARY_PATH=/home/joel/vsC/Self-Driving-and-ROS-2-Learn-by-Doing-Plan-Navigation/Section3_Introduction_to_ROS_2/bumperbot_ws/install/bumperbot_firmware/lib:${LD_LIBRARY_PATH} PATH=/home/joel/vsC/Self-Driving-and-ROS-2-Learn-by-Doing-Plan-Navigation/Section3_Introduction_to_ROS_2/bumperbot_ws/install/bumperbot_localization/bin:${PATH} PYTHONPATH=/home/joel/vsC/Self-Driving-and-ROS-2-Learn-by-Doing-Plan-Navigation/Section3_Introduction_to_ROS_2/bumperbot_ws/install/bumperbot_mapping/lib/python3.12/site-packages:/home/joel/vsC/Self-Driving-and-ROS-2-Learn-by-Doing-Plan-Navigation/Section3_Introduction_to_ROS_2/bumperbot_ws/install/bumperbot_localization/lib/python3.12/site-packages:/home/joel/vsC/Self-Driving-and-ROS-2-Learn-by-Doing-Plan-Navigation/Section3_Introduction_to_ROS_2/bumperbot_ws/install/bumperbot_firmware/lib/python3.12/site-packages:/home/joel/vsC/Self-Driving-and-ROS-2-Learn-by-Doing-Plan-Navigation/Section3_Introduction_to_ROS_2/bumperbot_ws/install/bumperbot_controller/lib/python3.12/site-packages:${PYTHONPATH} /usr/bin/cmake --build /home/joel/vsC/Self-Driving-and-ROS-2-Learn-by-Doing-Plan-Navigation/Section3_Introduction_to_ROS_2/bumperbot_ws/build/bumperbot_bringup -- -j8 -l8
[54.841s] DEBUG:colcon.colcon_core.event_handler.log_command:Invoked command in '/home/joel/vsC/Self-Driving-and-ROS-2-Learn-by-Doing-Plan-Navigation/Section3_Introduction_to_ROS_2/bumperbot_ws/build/bumperbot_bringup' returned '0': AMENT_PREFIX_PATH=/home/joel/vsC/Self-Driving-and-ROS-2-Learn-by-Doing-Plan-Navigation/Section3_Introduction_to_ROS_2/bumperbot_ws/install/bumperbot_mapping:/home/joel/vsC/Self-Driving-and-ROS-2-Learn-by-Doing-Plan-Navigation/Section3_Introduction_to_ROS_2/bumperbot_ws/install/bumperbot_localization:/home/joel/vsC/Self-Driving-and-ROS-2-Learn-by-Doing-Plan-Navigation/Section3_Introduction_to_ROS_2/bumperbot_ws/install/bumperbot_firmware:/home/joel/vsC/Self-Driving-and-ROS-2-Learn-by-Doing-Plan-Navigation/Section3_Introduction_to_ROS_2/bumperbot_ws/install/bumperbot_description:/home/joel/vsC/Self-Driving-and-ROS-2-Learn-by-Doing-Plan-Navigation/Section3_Introduction_to_ROS_2/bumperbot_ws/install/bumperbot_controller:${AMENT_PREFIX_PATH} CMAKE_PREFIX_PATH=/home/joel/vsC/Self-Driving-and-ROS-2-Learn-by-Doing-Plan-Navigation/Section3_Introduction_to_ROS_2/bumperbot_ws/install/bumperbot_mapping:/home/joel/vsC/Self-Driving-and-ROS-2-Learn-by-Doing-Plan-Navigation/Section3_Introduction_to_ROS_2/bumperbot_ws/install/bumperbot_localization:/home/joel/vsC/Self-Driving-and-ROS-2-Learn-by-Doing-Plan-Navigation/Section3_Introduction_to_ROS_2/bumperbot_ws/install/bumperbot_firmware:/home/joel/vsC/Self-Driving-and-ROS-2-Learn-by-Doing-Plan-Navigation/Section3_Introduction_to_ROS_2/bumperbot_ws/install/bumperbot_description:/home/joel/vsC/Self-Driving-and-ROS-2-Learn-by-Doing-Plan-Navigation/Section3_Introduction_to_ROS_2/bumperbot_ws/install/bumperbot_controller:/home/joel/ros2_jazzy/install/rosbag2:/home/joel/ros2_jazzy/install/rosbag2_storage_default_plugins:/home/joel/ros2_jazzy/install/rosbag2_storage_mcap:/home/joel/ros2_jazzy/install/rosbag2_compression_zstd:/home/joel/ros2_jazzy/install/mcap_vendor:/home/joel/ros2_jazzy/install/zstd_vendor:/home/joel/ros2_jazzy/install/rviz_visual_testing_framework:/home/joel/ros2_jazzy/install/rviz2:/home/joel/ros2_jazzy/install/rviz_default_plugins:/home/joel/ros2_jazzy/install/rviz_common:/home/joel/ros2_jazzy/install/rosbag2_py:/home/joel/ros2_jazzy/install/rosbag2_transport:/home/joel/ros2_jazzy/install/rosbag2_storage_sqlite3:/home/joel/ros2_jazzy/install/rosbag2_examples_cpp:/home/joel/ros2_jazzy/install/rosbag2_compression:/home/joel/ros2_jazzy/install/rosbag2_cpp:/home/joel/ros2_jazzy/install/rosbag2_storage:/home/joel/ros2_jazzy/install/image_common:/home/joel/ros2_jazzy/install/camera_info_manager:/home/joel/ros2_jazzy/install/camera_calibration_parsers:/home/joel/ros2_jazzy/install/yaml_cpp_vendor:/home/joel/ros2_jazzy/install/interactive_markers:/home/joel/ros2_jazzy/install/common_interfaces:/home/joel/ros2_jazzy/install/visualization_msgs:/home/joel/ros2_jazzy/install/mobile_robot:/home/joel/ros2_jazzy/install/dummy_robot_bringup:/home/joel/ros2_jazzy/install/robot_state_publisher:/home/joel/ros2_jazzy/install/kdl_parser:/home/joel/ros2_jazzy/install/urdf:/home/joel/ros2_jazzy/install/urdfdom:/home/joel/ros2_jazzy/install/urdf_parser_plugin:/home/joel/ros2_jazzy/install/urdfdom_headers:/home/joel/ros2_jazzy/install/turtlesim:/home/joel/ros2_jazzy/install/trajectory_msgs:/home/joel/ros2_jazzy/install/topic_statistics_demo:/home/joel/ros2_jazzy/install/pendulum_control:/home/joel/ros2_jazzy/install/tlsf_cpp:/home/joel/ros2_jazzy/install/geometry2:/home/joel/ros2_jazzy/install/tf2_sensor_msgs:/home/joel/ros2_jazzy/install/test_tf2:/home/joel/ros2_jazzy/install/tf2_kdl:/home/joel/ros2_jazzy/install/tf2_geometry_msgs:/home/joel/ros2_jazzy/install/tf2_eigen:/home/joel/ros2_jazzy/install/tf2_bullet:/home/joel/ros2_jazzy/install/tf2_ros:/home/joel/ros2_jazzy/install/tf2_py:/home/joel/ros2_jazzy/install/tf2_msgs:/home/joel/ros2_jazzy/install/tf2_eigen_kdl:/home/joel/ros2_jazzy/install/laser_geometry:/home/joel/ros2_jazzy/install/tf2:/home/joel/ros2_jazzy/install/test_tracetools:/home/joel/ros2_jazzy/install/rosbag2_test_common:/home/joel/ros2_jazzy/install/test_msgs:/home/joel/ros2_jazzy/install/test_communication:/home/joel/ros2_jazzy/install/stereo_msgs:/home/joel/ros2_jazzy/install/std_srvs:/home/joel/ros2_jazzy/install/shape_msgs:/home/joel/ros2_jazzy/install/quality_of_service_demo_cpp:/home/joel/ros2_jazzy/install/point_cloud_transport_py:/home/joel/ros2_jazzy/install/point_cloud_transport:/home/joel/ros2_jazzy/install/map_msgs:/home/joel/ros2_jazzy/install/intra_process_demo:/home/joel/ros2_jazzy/install/image_transport:/home/joel/ros2_jazzy/install/image_tools:/home/joel/ros2_jazzy/install/dummy_sensors:/home/joel/ros2_jazzy/install/sensor_msgs:/home/joel/ros2_jazzy/install/ros2cli_common_extensions:/home/joel/ros2_jazzy/install/dummy_map_server:/home/joel/ros2_jazzy/install/nav_msgs:/home/joel/ros2_jazzy/install/message_filters:/home/joel/ros2_jazzy/install/logging_demo:/home/joel/ros2_jazzy/install/lifecycle:/home/joel/ros2_jazzy/install/diagnostic_msgs:/home/joel/ros2_jazzy/install/geometry_msgs:/home/joel/ros2_jazzy/install/examples_rclcpp_wait_set:/home/joel/ros2_jazzy/install/examples_rclcpp_multithreaded_executor:/home/joel/ros2_jazzy/install/examples_rclcpp_minimal_subscriber:/home/joel/ros2_jazzy/install/examples_rclcpp_minimal_publisher:/home/joel/ros2_jazzy/install/examples_rclcpp_minimal_composition:/home/joel/ros2_jazzy/install/examples_rclcpp_cbg_executor:/home/joel/ros2_jazzy/install/demo_nodes_cpp_native:/home/joel/ros2_jazzy/install/demo_nodes_cpp:/home/joel/ros2_jazzy/install/composition:/home/joel/ros2_jazzy/install/actionlib_msgs:/home/joel/ros2_jazzy/install/std_msgs:/home/joel/ros2_jazzy/install/rqt_gui_cpp:/home/joel/ros2_jazzy/install/ros2lifecycle_test_fixtures:/home/joel/ros2_jazzy/install/rclcpp_lifecycle:/home/joel/ros2_jazzy/install/action_tutorials_cpp:/home/joel/ros2_jazzy/install/rclcpp_components:/home/joel/ros2_jazzy/install/examples_rclcpp_minimal_action_server:/home/joel/ros2_jazzy/install/examples_rclcpp_minimal_action_client:/home/joel/ros2_jazzy/install/rclcpp_action:/home/joel/ros2_jazzy/install/examples_rclcpp_minimal_timer:/home/joel/ros2_jazzy/install/examples_rclcpp_minimal_service:/home/joel/ros2_jazzy/install/examples_rclcpp_minimal_client:/home/joel/ros2_jazzy/install/examples_rclcpp_async_client:/home/joel/ros2_jazzy/install/rclcpp:/home/joel/ros2_jazzy/install/libstatistics_collector:/home/joel/ros2_jazzy/install/statistics_msgs:/home/joel/ros2_jazzy/install/sros2_cmake:/home/joel/ros2_jazzy/install/rqt_py_common:/home/joel/ros2_jazzy/install/ros_testing:/home/joel/ros2_jazzy/install/rclpy:/home/joel/ros2_jazzy/install/rosgraph_msgs:/home/joel/ros2_jazzy/install/rosbag2_interfaces:/home/joel/ros2_jazzy/install/ros2cli_test_interfaces:/home/joel/ros2_jazzy/install/rcl_lifecycle:/home/joel/ros2_jazzy/install/rcl_action:/home/joel/ros2_jazzy/install/rcl:/home/joel/ros2_jazzy/install/rmw_implementation:/home/joel/ros2_jazzy/install/rmw_fastrtps_dynamic_cpp:/home/joel/ros2_jazzy/install/rmw_fastrtps_cpp:/home/joel/ros2_jazzy/install/rmw_fastrtps_shared_cpp:/home/joel/ros2_jazzy/install/rmw_cyclonedds_cpp:/home/joel/ros2_jazzy/install/rmw_connextddsmicro:/home/joel/ros2_jazzy/install/rmw_connextdds:/home/joel/ros2_jazzy/install/rmw_connextdds_common:/home/joel/ros2_jazzy/install/rmw_dds_common:/home/joel/ros2_jazzy/install/composition_interfaces:/home/joel/ros2_jazzy/install/rcl_interfaces:/home/joel/ros2_jazzy/install/pendulum_msgs:/home/joel/ros2_jazzy/install/lifecycle_msgs:/home/joel/ros2_jazzy/install/example_interfaces:/home/joel/ros2_jazzy/install/action_tutorials_interfaces:/home/joel/ros2_jazzy/install/rosidl_default_runtime:/home/joel/ros2_jazzy/install/rosidl_default_generators:/home/joel/ros2_jazzy/install/action_msgs:/home/joel/ros2_jazzy/install/unique_identifier_msgs:/home/joel/ros2_jazzy/install/type_description_interfaces:/home/joel/ros2_jazzy/install/service_msgs:/home/joel/ros2_jazzy/install/builtin_interfaces:/home/joel/ros2_jazzy/install/rosidl_core_runtime:/home/joel/ros2_jazzy/install/rosidl_core_generators:/home/joel/ros2_jazzy/install/rosidl_generator_py:/home/joel/ros2_jazzy/install/ament_lint_common:/home/joel/ros2_jazzy/install/ament_cmake_uncrustify:/home/joel/ros2_jazzy/install/uncrustify_vendor:/home/joel/ros2_jazzy/install/tracetools:/home/joel/ros2_jazzy/install/tlsf:/home/joel/ros2_jazzy/install/qt_gui_core:/home/joel/ros2_jazzy/install/qt_gui_cpp:/home/joel/ros2_jazzy/install/pluginlib:/home/joel/ros2_jazzy/install/tinyxml2_vendor:/home/joel/ros2_jazzy/install/test_security:/home/joel/ros2_jazzy/install/test_rmw_implementation:/home/joel/ros2_jazzy/install/test_rclcpp:/home/joel/ros2_jazzy/install/test_quality_of_service:/home/joel/ros2_jazzy/install/test_launch_testing:/home/joel/ros2_jazzy/install/test_interface_files:/home/joel/ros2_jazzy/install/test_cli_remapping:/home/joel/ros2_jazzy/install/test_cli:/home/joel/ros2_jazzy/install/qt_gui_app:/home/joel/ros2_jazzy/install/qt_gui:/home/joel/ros2_jazzy/install/tango_icons_vendor:/home/joel/ros2_jazzy/install/sqlite3_vendor:/home/joel/ros2_jazzy/install/rcl_logging_spdlog:/home/joel/ros2_jazzy/install/spdlog_vendor:/home/joel/ros2_jazzy/install/shared_queues_vendor:/home/joel/ros2_jazzy/install/rviz_rendering_tests:/home/joel/ros2_jazzy/install/rviz_rendering:/home/joel/ros2_jazzy/install/rviz_ogre_vendor:/home/joel/ros2_jazzy/install/rviz_assimp_vendor:/home/joel/ros2_jazzy/install/rttest:/home/joel/ros2_jazzy/install/rti_connext_dds_cmake_module:/home/joel/ros2_jazzy/install/lttngpy:/home/joel/ros2_jazzy/install/rosidl_typesupport_tests:/home/joel/ros2_jazzy/install/rosidl_typesupport_introspection_tests:/home/joel/ros2_jazzy/install/rosidl_typesupport_cpp:/home/joel/ros2_jazzy/install/rosidl_typesupport_introspection_cpp:/home/joel/ros2_jazzy/install/rosidl_typesupport_c:/home/joel/ros2_jazzy/install/rosidl_typesupport_introspection_c:/home/joel/ros2_jazzy/install/rosidl_typesupport_fastrtps_c:/home/joel/ros2_jazzy/install/rosidl_typesupport_fastrtps_cpp:/home/joel/ros2_jazzy/install/rosidl_generator_cpp:/home/joel/ros2_jazzy/install/rosidl_runtime_cpp:/home/joel/ros2_jazzy/install/rosidl_dynamic_typesupport_fastrtps:/home/joel/ros2_jazzy/install/rcl_yaml_param_parser:/home/joel/ros2_jazzy/install/rmw:/home/joel/ros2_jazzy/install/rosidl_dynamic_typesupport:/home/joel/ros2_jazzy/install/rosidl_runtime_c:/home/joel/ros2_jazzy/install/rosidl_generator_c:/home/joel/ros2_jazzy/install/rosidl_typesupport_interface:/home/joel/ros2_jazzy/install/rosidl_generator_dds_idl:/home/joel/ros2_jazzy/install/rosidl_cmake:/home/joel/ros2_jazzy/install/rosidl_generator_type_description:/home/joel/ros2_jazzy/install/rosidl_parser:/home/joel/ros2_jazzy/install/rosidl_generator_tests:/home/joel/ros2_jazzy/install/rosidl_adapter:/home/joel/ros2_jazzy/install/rosbag2_tests:/home/joel/ros2_jazzy/install/rosbag2_test_msgdefs:/home/joel/ros2_jazzy/install/ros_environment:/home/joel/ros2_jazzy/install/rmw_implementation_cmake:/home/joel/ros2_jazzy/install/resource_retriever:/home/joel/ros2_jazzy/install/class_loader:/home/joel/ros2_jazzy/install/rcpputils:/home/joel/ros2_jazzy/install/rcl_logging_noop:/home/joel/ros2_jazzy/install/rcl_logging_interface:/home/joel/ros2_jazzy/install/rcutils:/home/joel/ros2_jazzy/install/qt_gui_py_common:/home/joel/ros2_jazzy/install/qt_dotgraph:/home/joel/ros2_jazzy/install/python_qt_binding:/home/joel/ros2_jazzy/install/python_orocos_kdl_vendor:/home/joel/ros2_jazzy/install/launch_testing_ament_cmake:/home/joel/ros2_jazzy/install/python_cmake_module:/home/joel/ros2_jazzy/install/pybind11_vendor:/home/joel/ros2_jazzy/install/performance_test_fixture:/home/joel/ros2_jazzy/install/osrf_testing_tools_cpp:/home/joel/ros2_jazzy/install/orocos_kdl_vendor:/home/joel/ros2_jazzy/install/mimick_vendor:/home/joel/ros2_jazzy/install/libyaml_vendor:/home/joel/ros2_jazzy/install/liblz4_vendor:/home/joel/ros2_jazzy/install/libcurl_vendor:/home/joel/ros2_jazzy/install/keyboard_handler:/home/joel/ros2_jazzy/install/iceoryx_introspection:/home/joel/ros2_jazzy/install/cyclonedds:/home/joel/ros2_jazzy/install/iceoryx_posh:/home/joel/ros2_jazzy/install/iceoryx_hoofs:/home/joel/ros2_jazzy/install/iceoryx_binding_c:/home/joel/ros2_jazzy/install/gz_math_vendor:/home/joel/ros2_jazzy/install/gz_utils_vendor:/home/joel/ros2_jazzy/install/gz_cmake_vendor:/home/joel/ros2_jazzy/install/ament_cmake_ros:/home/joel/ros2_jazzy/install/ament_cmake_auto:/home/joel/ros2_jazzy/install/ament_cmake_gmock:/home/joel/ros2_jazzy/install/gmock_vendor:/home/joel/ros2_jazzy/install/fastrtps:/home/joel/ros2_jazzy/install/fastcdr:/home/joel/ros2_jazzy/install/ament_cmake_gtest:/home/joel/ros2_jazzy/install/gtest_vendor:/home/joel/ros2_jazzy/install/ament_cmake_google_benchmark:/home/joel/ros2_jazzy/install/google_benchmark_vendor:/home/joel/ros2_jazzy/install/foonathan_memory_vendor:/home/joel/ros2_jazzy/install/fastrtps_cmake_module:/home/joel/ros2_jazzy/install/eigen3_cmake_module:/home/joel/ros2_jazzy/install/console_bridge_vendor:/home/joel/ros2_jazzy/install/ament_cmake_xmllint:/home/joel/ros2_jazzy/install/ament_cmake_pyflakes:/home/joel/ros2_jazzy/install/ament_cmake_pycodestyle:/home/joel/ros2_jazzy/install/ament_cmake_pep257:/home/joel/ros2_jazzy/install/ament_cmake_pclint:/home/joel/ros2_jazzy/install/ament_lint_auto:/home/joel/ros2_jazzy/install/ament_cmake:/home/joel/ros2_jazzy/install/ament_cmake_version:/home/joel/ros2_jazzy/install/ament_cmake_vendor_package:/home/joel/ros2_jazzy/install/ament_cmake_pytest:/home/joel/ros2_jazzy/install/ament_cmake_mypy:/home/joel/ros2_jazzy/install/ament_cmake_lint_cmake:/home/joel/ros2_jazzy/install/ament_cmake_flake8:/home/joel/ros2_jazzy/install/ament_cmake_cpplint:/home/joel/ros2_jazzy/install/ament_cmake_cppcheck:/home/joel/ros2_jazzy/install/ament_cmake_copyright:/home/joel/ros2_jazzy/install/ament_cmake_clang_tidy:/home/joel/ros2_jazzy/install/ament_cmake_clang_format:/home/joel/ros2_jazzy/install/ament_cmake_test:/home/joel/ros2_jazzy/install/ament_cmake_target_dependencies:/home/joel/ros2_jazzy/install/ament_cmake_python:/home/joel/ros2_jazzy/install/ament_cmake_export_dependencies:/home/joel/ros2_jazzy/install/ament_cmake_libraries:/home/joel/ros2_jazzy/install/ament_cmake_include_directories:/home/joel/ros2_jazzy/install/ament_cmake_gen_version_h:/home/joel/ros2_jazzy/install/ament_cmake_export_targets:/home/joel/ros2_jazzy/install/ament_cmake_export_link_flags:/home/joel/ros2_jazzy/install/ament_cmake_export_interfaces:/home/joel/ros2_jazzy/install/ament_cmake_export_libraries:/home/joel/ros2_jazzy/install/ament_cmake_export_include_directories:/home/joel/ros2_jazzy/install/ament_cmake_export_definitions:/home/joel/ros2_jazzy/install/ament_cmake_core:/home/joel/ros2_jazzy/install/ament_index_cpp:/opt/ros/jazzy/opt/gz_sim_vendor:/opt/ros/jazzy/opt/gz_sensors_vendor:/opt/ros/jazzy/opt/gz_physics_vendor:/opt/ros/jazzy/opt/sdformat_vendor:/opt/ros/jazzy/opt/gz_gui_vendor:/opt/ros/jazzy/opt/gz_transport_vendor:/opt/ros/jazzy/opt/gz_rendering_vendor:/opt/ros/jazzy/opt/gz_plugin_vendor:/opt/ros/jazzy/opt/gz_fuel_tools_vendor:/opt/ros/jazzy/opt/gz_msgs_vendor:/opt/ros/jazzy/opt/gz_common_vendor:/opt/ros/jazzy/opt/gz_math_vendor:/opt/ros/jazzy/opt/gz_utils_vendor:/opt/ros/jazzy/opt/gz_tools_vendor:/opt/ros/jazzy/opt/gz_ogre_next_vendor:/opt/ros/jazzy/opt/gz_dartsim_vendor:/opt/ros/jazzy/opt/gz_cmake_vendor:/home/joel/ros2_jazzy/install/rqt_bag_plugins:/home/joel/ros2_jazzy/install/rqt_bag:/home/joel/ros2_jazzy/install/rosbag2_examples_py:/home/joel/ros2_jazzy/install/launch_testing_examples:/home/joel/ros2_jazzy/install/ros2bag:/home/joel/ros2_jazzy/install/tracetools_test:/home/joel/ros2_jazzy/install/tracetools_launch:/home/joel/ros2_jazzy/install/topic_monitor:/home/joel/ros2_jazzy/install/tf2_tools:/home/joel/ros2_jazzy/install/examples_tf2_py:/home/joel/ros2_jazzy/install/tf2_ros_py:/home/joel/ros2_jazzy/install/examples_rclpy_pointcloud_publisher:/home/joel/ros2_jazzy/install/sensor_msgs_py:/home/joel/ros2_jazzy/install/quality_of_service_demo_py:/home/joel/ros2_jazzy/install/camera_info_manager_py:/home/joel/ros2_jazzy/install/rqt_plot:/home/joel/ros2_jazzy/install/ros2doctor:/home/joel/ros2_jazzy/install/lifecycle_py:/home/joel/ros2_jazzy/install/examples_rclpy_minimal_subscriber:/home/joel/ros2_jazzy/install/examples_rclpy_minimal_service:/home/joel/ros2_jazzy/install/examples_rclpy_minimal_publisher:/home/joel/ros2_jazzy/install/examples_rclpy_minimal_client:/home/joel/ros2_jazzy/install/examples_rclpy_executors:/home/joel/ros2_jazzy/install/demo_nodes_py:/home/joel/ros2_jazzy/install/rqt:/home/joel/ros2_jazzy/install/ros2component:/home/joel/ros2_jazzy/install/sros2:/home/joel/ros2_jazzy/install/rqt_topic:/home/joel/ros2_jazzy/install/rqt_srv:/home/joel/ros2_jazzy/install/rqt_shell:/home/joel/ros2_jazzy/install/rqt_service_caller:/home/joel/ros2_jazzy/install/rqt_reconfigure:/home/joel/ros2_jazzy/install/rqt_py_console:/home/joel/ros2_jazzy/install/rqt_publisher:/home/joel/ros2_jazzy/install/rqt_action:/home/joel/ros2_jazzy/install/rqt_msg:/home/joel/ros2_jazzy/install/rqt_console:/home/joel/ros2_jazzy/install/rqt_graph:/home/joel/ros2_jazzy/install/rqt_gui_py:/home/joel/ros2_jazzy/install/rqt_gui:/home/joel/ros2_jazzy/install/ros2trace:/home/joel/ros2_jazzy/install/ros2topic:/home/joel/ros2_jazzy/install/ros2test:/home/joel/ros2_jazzy/install/ros2param:/home/joel/ros2_jazzy/install/ros2lifecycle:/home/joel/ros2_jazzy/install/ros2service:/home/joel/ros2_jazzy/install/ros2run:/home/joel/ros2_jazzy/install/ros2launch:/home/joel/ros2_jazzy/install/ros2pkg:/home/joel/ros2_jazzy/install/ros2node:/home/joel/ros2_jazzy/install/ros2multicast:/home/joel/ros2_jazzy/install/ros2interface:/home/joel/ros2_jazzy/install/ros2action:/home/joel/ros2_jazzy/install/ros2cli:/home/joel/ros2_jazzy/install/launch_testing_ros:/home/joel/ros2_jazzy/install/launch_ros:/home/joel/ros2_jazzy/install/examples_rclpy_minimal_action_server:/home/joel/ros2_jazzy/install/examples_rclpy_minimal_action_client:/home/joel/ros2_jazzy/install/examples_rclpy_guard_conditions:/home/joel/ros2_jazzy/install/action_tutorials_py:/home/joel/ros2_jazzy/install/ament_uncrustify:/home/joel/ros2_jazzy/install/tracetools_trace:/home/joel/ros2_jazzy/install/tracetools_read:/home/joel/ros2_jazzy/install/test_tracetools_launch:/home/joel/ros2_jazzy/install/test_ros2trace:/home/joel/ros2_jazzy/install/test_launch_ros:/home/joel/ros2_jazzy/install/rpyutils:/home/joel/ros2_jazzy/install/rosidl_runtime_py:/home/joel/ros2_jazzy/install/rosidl_pycommon:/home/joel/ros2_jazzy/install/rosidl_cli:/home/joel/ros2_jazzy/install/launch_pytest:/home/joel/ros2_jazzy/install/launch_testing:/home/joel/ros2_jazzy/install/launch_yaml:/home/joel/ros2_jazzy/install/launch_xml:/home/joel/ros2_jazzy/install/launch:/home/joel/ros2_jazzy/install/osrf_pycommon:/home/joel/ros2_jazzy/install/domain_coordinator:/home/joel/ros2_jazzy/install/ament_xmllint:/home/joel/ros2_jazzy/install/ament_pyflakes:/home/joel/ros2_jazzy/install/ament_pycodestyle:/home/joel/ros2_jazzy/install/ament_pep257:/home/joel/ros2_jazzy/install/ament_pclint:/home/joel/ros2_jazzy/install/ament_package:/home/joel/ros2_jazzy/install/ament_mypy:/home/joel/ros2_jazzy/install/ament_lint_cmake:/home/joel/ros2_jazzy/install/ament_flake8:/home/joel/ros2_jazzy/install/ament_copyright:/home/joel/ros2_jazzy/install/ament_lint:/home/joel/ros2_jazzy/install/ament_index_python:/home/joel/ros2_jazzy/install/ament_cpplint:/home/joel/ros2_jazzy/install/ament_cppcheck:/home/joel/ros2_jazzy/install/ament_clang_tidy:/home/joel/ros2_jazzy/install/ament_clang_format:/opt/ros/jazzy DEBUGINFOD_URLS=https://debuginfod.ubuntu.com LD_LIBRARY_PATH=/home/joel/vsC/Self-Driving-and-ROS-2-Learn-by-Doing-Plan-Navigation/Section3_Introduction_to_ROS_2/bumperbot_ws/install/bumperbot_firmware/lib:${LD_LIBRARY_PATH} PATH=/home/joel/vsC/Self-Driving-and-ROS-2-Learn-by-Doing-Plan-Navigation/Section3_Introduction_to_ROS_2/bumperbot_ws/install/bumperbot_localization/bin:${PATH} PYTHONPATH=/home/joel/vsC/Self-Driving-and-ROS-2-Learn-by-Doing-Plan-Navigation/Section3_Introduction_to_ROS_2/bumperbot_ws/install/bumperbot_mapping/lib/python3.12/site-packages:/home/joel/vsC/Self-Driving-and-ROS-2-Learn-by-Doing-Plan-Navigation/Section3_Introduction_to_ROS_2/bumperbot_ws/install/bumperbot_localization/lib/python3.12/site-packages:/home/joel/vsC/Self-Driving-and-ROS-2-Learn-by-Doing-Plan-Navigation/Section3_Introduction_to_ROS_2/bumperbot_ws/install/bumperbot_firmware/lib/python3.12/site-packages:/home/joel/vsC/Self-Driving-and-ROS-2-Learn-by-Doing-Plan-Navigation/Section3_Introduction_to_ROS_2/bumperbot_ws/install/bumperbot_controller/lib/python3.12/site-packages:${PYTHONPATH} /usr/bin/cmake --build /home/joel/vsC/Self-Driving-and-ROS-2-Learn-by-Doing-Plan-Navigation/Section3_Introduction_to_ROS_2/bumperbot_ws/build/bumperbot_bringup -- -j8 -l8
[54.845s] DEBUG:colcon.colcon_core.event_handler.log_command:Invoking command in '/home/joel/vsC/Self-Driving-and-ROS-2-Learn-by-Doing-Plan-Navigation/Section3_Introduction_to_ROS_2/bumperbot_ws/build/bumperbot_bringup': AMENT_PREFIX_PATH=/home/joel/vsC/Self-Driving-and-ROS-2-Learn-by-Doing-Plan-Navigation/Section3_Introduction_to_ROS_2/bumperbot_ws/install/bumperbot_mapping:/home/joel/vsC/Self-Driving-and-ROS-2-Learn-by-Doing-Plan-Navigation/Section3_Introduction_to_ROS_2/bumperbot_ws/install/bumperbot_localization:/home/joel/vsC/Self-Driving-and-ROS-2-Learn-by-Doing-Plan-Navigation/Section3_Introduction_to_ROS_2/bumperbot_ws/install/bumperbot_firmware:/home/joel/vsC/Self-Driving-and-ROS-2-Learn-by-Doing-Plan-Navigation/Section3_Introduction_to_ROS_2/bumperbot_ws/install/bumperbot_description:/home/joel/vsC/Self-Driving-and-ROS-2-Learn-by-Doing-Plan-Navigation/Section3_Introduction_to_ROS_2/bumperbot_ws/install/bumperbot_controller:${AMENT_PREFIX_PATH} CMAKE_PREFIX_PATH=/home/joel/vsC/Self-Driving-and-ROS-2-Learn-by-Doing-Plan-Navigation/Section3_Introduction_to_ROS_2/bumperbot_ws/install/bumperbot_mapping:/home/joel/vsC/Self-Driving-and-ROS-2-Learn-by-Doing-Plan-Navigation/Section3_Introduction_to_ROS_2/bumperbot_ws/install/bumperbot_localization:/home/joel/vsC/Self-Driving-and-ROS-2-Learn-by-Doing-Plan-Navigation/Section3_Introduction_to_ROS_2/bumperbot_ws/install/bumperbot_firmware:/home/joel/vsC/Self-Driving-and-ROS-2-Learn-by-Doing-Plan-Navigation/Section3_Introduction_to_ROS_2/bumperbot_ws/install/bumperbot_description:/home/joel/vsC/Self-Driving-and-ROS-2-Learn-by-Doing-Plan-Navigation/Section3_Introduction_to_ROS_2/bumperbot_ws/install/bumperbot_controller:/home/joel/ros2_jazzy/install/rosbag2:/home/joel/ros2_jazzy/install/rosbag2_storage_default_plugins:/home/joel/ros2_jazzy/install/rosbag2_storage_mcap:/home/joel/ros2_jazzy/install/rosbag2_compression_zstd:/home/joel/ros2_jazzy/install/mcap_vendor:/home/joel/ros2_jazzy/install/zstd_vendor:/home/joel/ros2_jazzy/install/rviz_visual_testing_framework:/home/joel/ros2_jazzy/install/rviz2:/home/joel/ros2_jazzy/install/rviz_default_plugins:/home/joel/ros2_jazzy/install/rviz_common:/home/joel/ros2_jazzy/install/rosbag2_py:/home/joel/ros2_jazzy/install/rosbag2_transport:/home/joel/ros2_jazzy/install/rosbag2_storage_sqlite3:/home/joel/ros2_jazzy/install/rosbag2_examples_cpp:/home/joel/ros2_jazzy/install/rosbag2_compression:/home/joel/ros2_jazzy/install/rosbag2_cpp:/home/joel/ros2_jazzy/install/rosbag2_storage:/home/joel/ros2_jazzy/install/image_common:/home/joel/ros2_jazzy/install/camera_info_manager:/home/joel/ros2_jazzy/install/camera_calibration_parsers:/home/joel/ros2_jazzy/install/yaml_cpp_vendor:/home/joel/ros2_jazzy/install/interactive_markers:/home/joel/ros2_jazzy/install/common_interfaces:/home/joel/ros2_jazzy/install/visualization_msgs:/home/joel/ros2_jazzy/install/mobile_robot:/home/joel/ros2_jazzy/install/dummy_robot_bringup:/home/joel/ros2_jazzy/install/robot_state_publisher:/home/joel/ros2_jazzy/install/kdl_parser:/home/joel/ros2_jazzy/install/urdf:/home/joel/ros2_jazzy/install/urdfdom:/home/joel/ros2_jazzy/install/urdf_parser_plugin:/home/joel/ros2_jazzy/install/urdfdom_headers:/home/joel/ros2_jazzy/install/turtlesim:/home/joel/ros2_jazzy/install/trajectory_msgs:/home/joel/ros2_jazzy/install/topic_statistics_demo:/home/joel/ros2_jazzy/install/pendulum_control:/home/joel/ros2_jazzy/install/tlsf_cpp:/home/joel/ros2_jazzy/install/geometry2:/home/joel/ros2_jazzy/install/tf2_sensor_msgs:/home/joel/ros2_jazzy/install/test_tf2:/home/joel/ros2_jazzy/install/tf2_kdl:/home/joel/ros2_jazzy/install/tf2_geometry_msgs:/home/joel/ros2_jazzy/install/tf2_eigen:/home/joel/ros2_jazzy/install/tf2_bullet:/home/joel/ros2_jazzy/install/tf2_ros:/home/joel/ros2_jazzy/install/tf2_py:/home/joel/ros2_jazzy/install/tf2_msgs:/home/joel/ros2_jazzy/install/tf2_eigen_kdl:/home/joel/ros2_jazzy/install/laser_geometry:/home/joel/ros2_jazzy/install/tf2:/home/joel/ros2_jazzy/install/test_tracetools:/home/joel/ros2_jazzy/install/rosbag2_test_common:/home/joel/ros2_jazzy/install/test_msgs:/home/joel/ros2_jazzy/install/test_communication:/home/joel/ros2_jazzy/install/stereo_msgs:/home/joel/ros2_jazzy/install/std_srvs:/home/joel/ros2_jazzy/install/shape_msgs:/home/joel/ros2_jazzy/install/quality_of_service_demo_cpp:/home/joel/ros2_jazzy/install/point_cloud_transport_py:/home/joel/ros2_jazzy/install/point_cloud_transport:/home/joel/ros2_jazzy/install/map_msgs:/home/joel/ros2_jazzy/install/intra_process_demo:/home/joel/ros2_jazzy/install/image_transport:/home/joel/ros2_jazzy/install/image_tools:/home/joel/ros2_jazzy/install/dummy_sensors:/home/joel/ros2_jazzy/install/sensor_msgs:/home/joel/ros2_jazzy/install/ros2cli_common_extensions:/home/joel/ros2_jazzy/install/dummy_map_server:/home/joel/ros2_jazzy/install/nav_msgs:/home/joel/ros2_jazzy/install/message_filters:/home/joel/ros2_jazzy/install/logging_demo:/home/joel/ros2_jazzy/install/lifecycle:/home/joel/ros2_jazzy/install/diagnostic_msgs:/home/joel/ros2_jazzy/install/geometry_msgs:/home/joel/ros2_jazzy/install/examples_rclcpp_wait_set:/home/joel/ros2_jazzy/install/examples_rclcpp_multithreaded_executor:/home/joel/ros2_jazzy/install/examples_rclcpp_minimal_subscriber:/home/joel/ros2_jazzy/install/examples_rclcpp_minimal_publisher:/home/joel/ros2_jazzy/install/examples_rclcpp_minimal_composition:/home/joel/ros2_jazzy/install/examples_rclcpp_cbg_executor:/home/joel/ros2_jazzy/install/demo_nodes_cpp_native:/home/joel/ros2_jazzy/install/demo_nodes_cpp:/home/joel/ros2_jazzy/install/composition:/home/joel/ros2_jazzy/install/actionlib_msgs:/home/joel/ros2_jazzy/install/std_msgs:/home/joel/ros2_jazzy/install/rqt_gui_cpp:/home/joel/ros2_jazzy/install/ros2lifecycle_test_fixtures:/home/joel/ros2_jazzy/install/rclcpp_lifecycle:/home/joel/ros2_jazzy/install/action_tutorials_cpp:/home/joel/ros2_jazzy/install/rclcpp_components:/home/joel/ros2_jazzy/install/examples_rclcpp_minimal_action_server:/home/joel/ros2_jazzy/install/examples_rclcpp_minimal_action_client:/home/joel/ros2_jazzy/install/rclcpp_action:/home/joel/ros2_jazzy/install/examples_rclcpp_minimal_timer:/home/joel/ros2_jazzy/install/examples_rclcpp_minimal_service:/home/joel/ros2_jazzy/install/examples_rclcpp_minimal_client:/home/joel/ros2_jazzy/install/examples_rclcpp_async_client:/home/joel/ros2_jazzy/install/rclcpp:/home/joel/ros2_jazzy/install/libstatistics_collector:/home/joel/ros2_jazzy/install/statistics_msgs:/home/joel/ros2_jazzy/install/sros2_cmake:/home/joel/ros2_jazzy/install/rqt_py_common:/home/joel/ros2_jazzy/install/ros_testing:/home/joel/ros2_jazzy/install/rclpy:/home/joel/ros2_jazzy/install/rosgraph_msgs:/home/joel/ros2_jazzy/install/rosbag2_interfaces:/home/joel/ros2_jazzy/install/ros2cli_test_interfaces:/home/joel/ros2_jazzy/install/rcl_lifecycle:/home/joel/ros2_jazzy/install/rcl_action:/home/joel/ros2_jazzy/install/rcl:/home/joel/ros2_jazzy/install/rmw_implementation:/home/joel/ros2_jazzy/install/rmw_fastrtps_dynamic_cpp:/home/joel/ros2_jazzy/install/rmw_fastrtps_cpp:/home/joel/ros2_jazzy/install/rmw_fastrtps_shared_cpp:/home/joel/ros2_jazzy/install/rmw_cyclonedds_cpp:/home/joel/ros2_jazzy/install/rmw_connextddsmicro:/home/joel/ros2_jazzy/install/rmw_connextdds:/home/joel/ros2_jazzy/install/rmw_connextdds_common:/home/joel/ros2_jazzy/install/rmw_dds_common:/home/joel/ros2_jazzy/install/composition_interfaces:/home/joel/ros2_jazzy/install/rcl_interfaces:/home/joel/ros2_jazzy/install/pendulum_msgs:/home/joel/ros2_jazzy/install/lifecycle_msgs:/home/joel/ros2_jazzy/install/example_interfaces:/home/joel/ros2_jazzy/install/action_tutorials_interfaces:/home/joel/ros2_jazzy/install/rosidl_default_runtime:/home/joel/ros2_jazzy/install/rosidl_default_generators:/home/joel/ros2_jazzy/install/action_msgs:/home/joel/ros2_jazzy/install/unique_identifier_msgs:/home/joel/ros2_jazzy/install/type_description_interfaces:/home/joel/ros2_jazzy/install/service_msgs:/home/joel/ros2_jazzy/install/builtin_interfaces:/home/joel/ros2_jazzy/install/rosidl_core_runtime:/home/joel/ros2_jazzy/install/rosidl_core_generators:/home/joel/ros2_jazzy/install/rosidl_generator_py:/home/joel/ros2_jazzy/install/ament_lint_common:/home/joel/ros2_jazzy/install/ament_cmake_uncrustify:/home/joel/ros2_jazzy/install/uncrustify_vendor:/home/joel/ros2_jazzy/install/tracetools:/home/joel/ros2_jazzy/install/tlsf:/home/joel/ros2_jazzy/install/qt_gui_core:/home/joel/ros2_jazzy/install/qt_gui_cpp:/home/joel/ros2_jazzy/install/pluginlib:/home/joel/ros2_jazzy/install/tinyxml2_vendor:/home/joel/ros2_jazzy/install/test_security:/home/joel/ros2_jazzy/install/test_rmw_implementation:/home/joel/ros2_jazzy/install/test_rclcpp:/home/joel/ros2_jazzy/install/test_quality_of_service:/home/joel/ros2_jazzy/install/test_launch_testing:/home/joel/ros2_jazzy/install/test_interface_files:/home/joel/ros2_jazzy/install/test_cli_remapping:/home/joel/ros2_jazzy/install/test_cli:/home/joel/ros2_jazzy/install/qt_gui_app:/home/joel/ros2_jazzy/install/qt_gui:/home/joel/ros2_jazzy/install/tango_icons_vendor:/home/joel/ros2_jazzy/install/sqlite3_vendor:/home/joel/ros2_jazzy/install/rcl_logging_spdlog:/home/joel/ros2_jazzy/install/spdlog_vendor:/home/joel/ros2_jazzy/install/shared_queues_vendor:/home/joel/ros2_jazzy/install/rviz_rendering_tests:/home/joel/ros2_jazzy/install/rviz_rendering:/home/joel/ros2_jazzy/install/rviz_ogre_vendor:/home/joel/ros2_jazzy/install/rviz_assimp_vendor:/home/joel/ros2_jazzy/install/rttest:/home/joel/ros2_jazzy/install/rti_connext_dds_cmake_module:/home/joel/ros2_jazzy/install/lttngpy:/home/joel/ros2_jazzy/install/rosidl_typesupport_tests:/home/joel/ros2_jazzy/install/rosidl_typesupport_introspection_tests:/home/joel/ros2_jazzy/install/rosidl_typesupport_cpp:/home/joel/ros2_jazzy/install/rosidl_typesupport_introspection_cpp:/home/joel/ros2_jazzy/install/rosidl_typesupport_c:/home/joel/ros2_jazzy/install/rosidl_typesupport_introspection_c:/home/joel/ros2_jazzy/install/rosidl_typesupport_fastrtps_c:/home/joel/ros2_jazzy/install/rosidl_typesupport_fastrtps_cpp:/home/joel/ros2_jazzy/install/rosidl_generator_cpp:/home/joel/ros2_jazzy/install/rosidl_runtime_cpp:/home/joel/ros2_jazzy/install/rosidl_dynamic_typesupport_fastrtps:/home/joel/ros2_jazzy/install/rcl_yaml_param_parser:/home/joel/ros2_jazzy/install/rmw:/home/joel/ros2_jazzy/install/rosidl_dynamic_typesupport:/home/joel/ros2_jazzy/install/rosidl_runtime_c:/home/joel/ros2_jazzy/install/rosidl_generator_c:/home/joel/ros2_jazzy/install/rosidl_typesupport_interface:/home/joel/ros2_jazzy/install/rosidl_generator_dds_idl:/home/joel/ros2_jazzy/install/rosidl_cmake:/home/joel/ros2_jazzy/install/rosidl_generator_type_description:/home/joel/ros2_jazzy/install/rosidl_parser:/home/joel/ros2_jazzy/install/rosidl_generator_tests:/home/joel/ros2_jazzy/install/rosidl_adapter:/home/joel/ros2_jazzy/install/rosbag2_tests:/home/joel/ros2_jazzy/install/rosbag2_test_msgdefs:/home/joel/ros2_jazzy/install/ros_environment:/home/joel/ros2_jazzy/install/rmw_implementation_cmake:/home/joel/ros2_jazzy/install/resource_retriever:/home/joel/ros2_jazzy/install/class_loader:/home/joel/ros2_jazzy/install/rcpputils:/home/joel/ros2_jazzy/install/rcl_logging_noop:/home/joel/ros2_jazzy/install/rcl_logging_interface:/home/joel/ros2_jazzy/install/rcutils:/home/joel/ros2_jazzy/install/qt_gui_py_common:/home/joel/ros2_jazzy/install/qt_dotgraph:/home/joel/ros2_jazzy/install/python_qt_binding:/home/joel/ros2_jazzy/install/python_orocos_kdl_vendor:/home/joel/ros2_jazzy/install/launch_testing_ament_cmake:/home/joel/ros2_jazzy/install/python_cmake_module:/home/joel/ros2_jazzy/install/pybind11_vendor:/home/joel/ros2_jazzy/install/performance_test_fixture:/home/joel/ros2_jazzy/install/osrf_testing_tools_cpp:/home/joel/ros2_jazzy/install/orocos_kdl_vendor:/home/joel/ros2_jazzy/install/mimick_vendor:/home/joel/ros2_jazzy/install/libyaml_vendor:/home/joel/ros2_jazzy/install/liblz4_vendor:/home/joel/ros2_jazzy/install/libcurl_vendor:/home/joel/ros2_jazzy/install/keyboard_handler:/home/joel/ros2_jazzy/install/iceoryx_introspection:/home/joel/ros2_jazzy/install/cyclonedds:/home/joel/ros2_jazzy/install/iceoryx_posh:/home/joel/ros2_jazzy/install/iceoryx_hoofs:/home/joel/ros2_jazzy/install/iceoryx_binding_c:/home/joel/ros2_jazzy/install/gz_math_vendor:/home/joel/ros2_jazzy/install/gz_utils_vendor:/home/joel/ros2_jazzy/install/gz_cmake_vendor:/home/joel/ros2_jazzy/install/ament_cmake_ros:/home/joel/ros2_jazzy/install/ament_cmake_auto:/home/joel/ros2_jazzy/install/ament_cmake_gmock:/home/joel/ros2_jazzy/install/gmock_vendor:/home/joel/ros2_jazzy/install/fastrtps:/home/joel/ros2_jazzy/install/fastcdr:/home/joel/ros2_jazzy/install/ament_cmake_gtest:/home/joel/ros2_jazzy/install/gtest_vendor:/home/joel/ros2_jazzy/install/ament_cmake_google_benchmark:/home/joel/ros2_jazzy/install/google_benchmark_vendor:/home/joel/ros2_jazzy/install/foonathan_memory_vendor:/home/joel/ros2_jazzy/install/fastrtps_cmake_module:/home/joel/ros2_jazzy/install/eigen3_cmake_module:/home/joel/ros2_jazzy/install/console_bridge_vendor:/home/joel/ros2_jazzy/install/ament_cmake_xmllint:/home/joel/ros2_jazzy/install/ament_cmake_pyflakes:/home/joel/ros2_jazzy/install/ament_cmake_pycodestyle:/home/joel/ros2_jazzy/install/ament_cmake_pep257:/home/joel/ros2_jazzy/install/ament_cmake_pclint:/home/joel/ros2_jazzy/install/ament_lint_auto:/home/joel/ros2_jazzy/install/ament_cmake:/home/joel/ros2_jazzy/install/ament_cmake_version:/home/joel/ros2_jazzy/install/ament_cmake_vendor_package:/home/joel/ros2_jazzy/install/ament_cmake_pytest:/home/joel/ros2_jazzy/install/ament_cmake_mypy:/home/joel/ros2_jazzy/install/ament_cmake_lint_cmake:/home/joel/ros2_jazzy/install/ament_cmake_flake8:/home/joel/ros2_jazzy/install/ament_cmake_cpplint:/home/joel/ros2_jazzy/install/ament_cmake_cppcheck:/home/joel/ros2_jazzy/install/ament_cmake_copyright:/home/joel/ros2_jazzy/install/ament_cmake_clang_tidy:/home/joel/ros2_jazzy/install/ament_cmake_clang_format:/home/joel/ros2_jazzy/install/ament_cmake_test:/home/joel/ros2_jazzy/install/ament_cmake_target_dependencies:/home/joel/ros2_jazzy/install/ament_cmake_python:/home/joel/ros2_jazzy/install/ament_cmake_export_dependencies:/home/joel/ros2_jazzy/install/ament_cmake_libraries:/home/joel/ros2_jazzy/install/ament_cmake_include_directories:/home/joel/ros2_jazzy/install/ament_cmake_gen_version_h:/home/joel/ros2_jazzy/install/ament_cmake_export_targets:/home/joel/ros2_jazzy/install/ament_cmake_export_link_flags:/home/joel/ros2_jazzy/install/ament_cmake_export_interfaces:/home/joel/ros2_jazzy/install/ament_cmake_export_libraries:/home/joel/ros2_jazzy/install/ament_cmake_export_include_directories:/home/joel/ros2_jazzy/install/ament_cmake_export_definitions:/home/joel/ros2_jazzy/install/ament_cmake_core:/home/joel/ros2_jazzy/install/ament_index_cpp:/opt/ros/jazzy/opt/gz_sim_vendor:/opt/ros/jazzy/opt/gz_sensors_vendor:/opt/ros/jazzy/opt/gz_physics_vendor:/opt/ros/jazzy/opt/sdformat_vendor:/opt/ros/jazzy/opt/gz_gui_vendor:/opt/ros/jazzy/opt/gz_transport_vendor:/opt/ros/jazzy/opt/gz_rendering_vendor:/opt/ros/jazzy/opt/gz_plugin_vendor:/opt/ros/jazzy/opt/gz_fuel_tools_vendor:/opt/ros/jazzy/opt/gz_msgs_vendor:/opt/ros/jazzy/opt/gz_common_vendor:/opt/ros/jazzy/opt/gz_math_vendor:/opt/ros/jazzy/opt/gz_utils_vendor:/opt/ros/jazzy/opt/gz_tools_vendor:/opt/ros/jazzy/opt/gz_ogre_next_vendor:/opt/ros/jazzy/opt/gz_dartsim_vendor:/opt/ros/jazzy/opt/gz_cmake_vendor:/home/joel/ros2_jazzy/install/rqt_bag_plugins:/home/joel/ros2_jazzy/install/rqt_bag:/home/joel/ros2_jazzy/install/rosbag2_examples_py:/home/joel/ros2_jazzy/install/launch_testing_examples:/home/joel/ros2_jazzy/install/ros2bag:/home/joel/ros2_jazzy/install/tracetools_test:/home/joel/ros2_jazzy/install/tracetools_launch:/home/joel/ros2_jazzy/install/topic_monitor:/home/joel/ros2_jazzy/install/tf2_tools:/home/joel/ros2_jazzy/install/examples_tf2_py:/home/joel/ros2_jazzy/install/tf2_ros_py:/home/joel/ros2_jazzy/install/examples_rclpy_pointcloud_publisher:/home/joel/ros2_jazzy/install/sensor_msgs_py:/home/joel/ros2_jazzy/install/quality_of_service_demo_py:/home/joel/ros2_jazzy/install/camera_info_manager_py:/home/joel/ros2_jazzy/install/rqt_plot:/home/joel/ros2_jazzy/install/ros2doctor:/home/joel/ros2_jazzy/install/lifecycle_py:/home/joel/ros2_jazzy/install/examples_rclpy_minimal_subscriber:/home/joel/ros2_jazzy/install/examples_rclpy_minimal_service:/home/joel/ros2_jazzy/install/examples_rclpy_minimal_publisher:/home/joel/ros2_jazzy/install/examples_rclpy_minimal_client:/home/joel/ros2_jazzy/install/examples_rclpy_executors:/home/joel/ros2_jazzy/install/demo_nodes_py:/home/joel/ros2_jazzy/install/rqt:/home/joel/ros2_jazzy/install/ros2component:/home/joel/ros2_jazzy/install/sros2:/home/joel/ros2_jazzy/install/rqt_topic:/home/joel/ros2_jazzy/install/rqt_srv:/home/joel/ros2_jazzy/install/rqt_shell:/home/joel/ros2_jazzy/install/rqt_service_caller:/home/joel/ros2_jazzy/install/rqt_reconfigure:/home/joel/ros2_jazzy/install/rqt_py_console:/home/joel/ros2_jazzy/install/rqt_publisher:/home/joel/ros2_jazzy/install/rqt_action:/home/joel/ros2_jazzy/install/rqt_msg:/home/joel/ros2_jazzy/install/rqt_console:/home/joel/ros2_jazzy/install/rqt_graph:/home/joel/ros2_jazzy/install/rqt_gui_py:/home/joel/ros2_jazzy/install/rqt_gui:/home/joel/ros2_jazzy/install/ros2trace:/home/joel/ros2_jazzy/install/ros2topic:/home/joel/ros2_jazzy/install/ros2test:/home/joel/ros2_jazzy/install/ros2param:/home/joel/ros2_jazzy/install/ros2lifecycle:/home/joel/ros2_jazzy/install/ros2service:/home/joel/ros2_jazzy/install/ros2run:/home/joel/ros2_jazzy/install/ros2launch:/home/joel/ros2_jazzy/install/ros2pkg:/home/joel/ros2_jazzy/install/ros2node:/home/joel/ros2_jazzy/install/ros2multicast:/home/joel/ros2_jazzy/install/ros2interface:/home/joel/ros2_jazzy/install/ros2action:/home/joel/ros2_jazzy/install/ros2cli:/home/joel/ros2_jazzy/install/launch_testing_ros:/home/joel/ros2_jazzy/install/launch_ros:/home/joel/ros2_jazzy/install/examples_rclpy_minimal_action_server:/home/joel/ros2_jazzy/install/examples_rclpy_minimal_action_client:/home/joel/ros2_jazzy/install/examples_rclpy_guard_conditions:/home/joel/ros2_jazzy/install/action_tutorials_py:/home/joel/ros2_jazzy/install/ament_uncrustify:/home/joel/ros2_jazzy/install/tracetools_trace:/home/joel/ros2_jazzy/install/tracetools_read:/home/joel/ros2_jazzy/install/test_tracetools_launch:/home/joel/ros2_jazzy/install/test_ros2trace:/home/joel/ros2_jazzy/install/test_launch_ros:/home/joel/ros2_jazzy/install/rpyutils:/home/joel/ros2_jazzy/install/rosidl_runtime_py:/home/joel/ros2_jazzy/install/rosidl_pycommon:/home/joel/ros2_jazzy/install/rosidl_cli:/home/joel/ros2_jazzy/install/launch_pytest:/home/joel/ros2_jazzy/install/launch_testing:/home/joel/ros2_jazzy/install/launch_yaml:/home/joel/ros2_jazzy/install/launch_xml:/home/joel/ros2_jazzy/install/launch:/home/joel/ros2_jazzy/install/osrf_pycommon:/home/joel/ros2_jazzy/install/domain_coordinator:/home/joel/ros2_jazzy/install/ament_xmllint:/home/joel/ros2_jazzy/install/ament_pyflakes:/home/joel/ros2_jazzy/install/ament_pycodestyle:/home/joel/ros2_jazzy/install/ament_pep257:/home/joel/ros2_jazzy/install/ament_pclint:/home/joel/ros2_jazzy/install/ament_package:/home/joel/ros2_jazzy/install/ament_mypy:/home/joel/ros2_jazzy/install/ament_lint_cmake:/home/joel/ros2_jazzy/install/ament_flake8:/home/joel/ros2_jazzy/install/ament_copyright:/home/joel/ros2_jazzy/install/ament_lint:/home/joel/ros2_jazzy/install/ament_index_python:/home/joel/ros2_jazzy/install/ament_cpplint:/home/joel/ros2_jazzy/install/ament_cppcheck:/home/joel/ros2_jazzy/install/ament_clang_tidy:/home/joel/ros2_jazzy/install/ament_clang_format:/opt/ros/jazzy DEBUGINFOD_URLS=https://debuginfod.ubuntu.com LD_LIBRARY_PATH=/home/joel/vsC/Self-Driving-and-ROS-2-Learn-by-Doing-Plan-Navigation/Section3_Introduction_to_ROS_2/bumperbot_ws/install/bumperbot_firmware/lib:${LD_LIBRARY_PATH} PATH=/home/joel/vsC/Self-Driving-and-ROS-2-Learn-by-Doing-Plan-Navigation/Section3_Introduction_to_ROS_2/bumperbot_ws/install/bumperbot_localization/bin:${PATH} PYTHONPATH=/home/joel/vsC/Self-Driving-and-ROS-2-Learn-by-Doing-Plan-Navigation/Section3_Introduction_to_ROS_2/bumperbot_ws/install/bumperbot_mapping/lib/python3.12/site-packages:/home/joel/vsC/Self-Driving-and-ROS-2-Learn-by-Doing-Plan-Navigation/Section3_Introduction_to_ROS_2/bumperbot_ws/install/bumperbot_localization/lib/python3.12/site-packages:/home/joel/vsC/Self-Driving-and-ROS-2-Learn-by-Doing-Plan-Navigation/Section3_Introduction_to_ROS_2/bumperbot_ws/install/bumperbot_firmware/lib/python3.12/site-packages:/home/joel/vsC/Self-Driving-and-ROS-2-Learn-by-Doing-Plan-Navigation/Section3_Introduction_to_ROS_2/bumperbot_ws/install/bumperbot_controller/lib/python3.12/site-packages:${PYTHONPATH} /usr/bin/cmake --install /home/joel/vsC/Self-Driving-and-ROS-2-Learn-by-Doing-Plan-Navigation/Section3_Introduction_to_ROS_2/bumperbot_ws/build/bumperbot_bringup
[54.912s] Level 1:colcon.colcon_core.environment:create_environment_scripts_only(bumperbot_bringup)
[54.912s] Level 1:colcon.colcon_core.environment:checking '/home/joel/vsC/Self-Driving-and-ROS-2-Learn-by-Doing-Plan-Navigation/Section3_Introduction_to_ROS_2/bumperbot_ws/install/bumperbot_bringup' for CMake module files
[54.913s] Level 1:colcon.colcon_core.environment:checking '/home/joel/vsC/Self-Driving-and-ROS-2-Learn-by-Doing-Plan-Navigation/Section3_Introduction_to_ROS_2/bumperbot_ws/install/bumperbot_bringup' for CMake config files
[54.914s] Level 1:colcon.colcon_core.shell:create_environment_hook('bumperbot_bringup', 'cmake_prefix_path')
[54.915s] INFO:colcon.colcon_core.shell:Creating environment hook '/home/joel/vsC/Self-Driving-and-ROS-2-Learn-by-Doing-Plan-Navigation/Section3_Introduction_to_ROS_2/bumperbot_ws/install/bumperbot_bringup/share/bumperbot_bringup/hook/cmake_prefix_path.ps1'
[54.916s] DEBUG:colcon.colcon_core.event_handler.log_command:Invoked command in '/home/joel/vsC/Self-Driving-and-ROS-2-Learn-by-Doing-Plan-Navigation/Section3_Introduction_to_ROS_2/bumperbot_ws/build/bumperbot_bringup' returned '0': AMENT_PREFIX_PATH=/home/joel/vsC/Self-Driving-and-ROS-2-Learn-by-Doing-Plan-Navigation/Section3_Introduction_to_ROS_2/bumperbot_ws/install/bumperbot_mapping:/home/joel/vsC/Self-Driving-and-ROS-2-Learn-by-Doing-Plan-Navigation/Section3_Introduction_to_ROS_2/bumperbot_ws/install/bumperbot_localization:/home/joel/vsC/Self-Driving-and-ROS-2-Learn-by-Doing-Plan-Navigation/Section3_Introduction_to_ROS_2/bumperbot_ws/install/bumperbot_firmware:/home/joel/vsC/Self-Driving-and-ROS-2-Learn-by-Doing-Plan-Navigation/Section3_Introduction_to_ROS_2/bumperbot_ws/install/bumperbot_description:/home/joel/vsC/Self-Driving-and-ROS-2-Learn-by-Doing-Plan-Navigation/Section3_Introduction_to_ROS_2/bumperbot_ws/install/bumperbot_controller:${AMENT_PREFIX_PATH} CMAKE_PREFIX_PATH=/home/joel/vsC/Self-Driving-and-ROS-2-Learn-by-Doing-Plan-Navigation/Section3_Introduction_to_ROS_2/bumperbot_ws/install/bumperbot_mapping:/home/joel/vsC/Self-Driving-and-ROS-2-Learn-by-Doing-Plan-Navigation/Section3_Introduction_to_ROS_2/bumperbot_ws/install/bumperbot_localization:/home/joel/vsC/Self-Driving-and-ROS-2-Learn-by-Doing-Plan-Navigation/Section3_Introduction_to_ROS_2/bumperbot_ws/install/bumperbot_firmware:/home/joel/vsC/Self-Driving-and-ROS-2-Learn-by-Doing-Plan-Navigation/Section3_Introduction_to_ROS_2/bumperbot_ws/install/bumperbot_description:/home/joel/vsC/Self-Driving-and-ROS-2-Learn-by-Doing-Plan-Navigation/Section3_Introduction_to_ROS_2/bumperbot_ws/install/bumperbot_controller:/home/joel/ros2_jazzy/install/rosbag2:/home/joel/ros2_jazzy/install/rosbag2_storage_default_plugins:/home/joel/ros2_jazzy/install/rosbag2_storage_mcap:/home/joel/ros2_jazzy/install/rosbag2_compression_zstd:/home/joel/ros2_jazzy/install/mcap_vendor:/home/joel/ros2_jazzy/install/zstd_vendor:/home/joel/ros2_jazzy/install/rviz_visual_testing_framework:/home/joel/ros2_jazzy/install/rviz2:/home/joel/ros2_jazzy/install/rviz_default_plugins:/home/joel/ros2_jazzy/install/rviz_common:/home/joel/ros2_jazzy/install/rosbag2_py:/home/joel/ros2_jazzy/install/rosbag2_transport:/home/joel/ros2_jazzy/install/rosbag2_storage_sqlite3:/home/joel/ros2_jazzy/install/rosbag2_examples_cpp:/home/joel/ros2_jazzy/install/rosbag2_compression:/home/joel/ros2_jazzy/install/rosbag2_cpp:/home/joel/ros2_jazzy/install/rosbag2_storage:/home/joel/ros2_jazzy/install/image_common:/home/joel/ros2_jazzy/install/camera_info_manager:/home/joel/ros2_jazzy/install/camera_calibration_parsers:/home/joel/ros2_jazzy/install/yaml_cpp_vendor:/home/joel/ros2_jazzy/install/interactive_markers:/home/joel/ros2_jazzy/install/common_interfaces:/home/joel/ros2_jazzy/install/visualization_msgs:/home/joel/ros2_jazzy/install/mobile_robot:/home/joel/ros2_jazzy/install/dummy_robot_bringup:/home/joel/ros2_jazzy/install/robot_state_publisher:/home/joel/ros2_jazzy/install/kdl_parser:/home/joel/ros2_jazzy/install/urdf:/home/joel/ros2_jazzy/install/urdfdom:/home/joel/ros2_jazzy/install/urdf_parser_plugin:/home/joel/ros2_jazzy/install/urdfdom_headers:/home/joel/ros2_jazzy/install/turtlesim:/home/joel/ros2_jazzy/install/trajectory_msgs:/home/joel/ros2_jazzy/install/topic_statistics_demo:/home/joel/ros2_jazzy/install/pendulum_control:/home/joel/ros2_jazzy/install/tlsf_cpp:/home/joel/ros2_jazzy/install/geometry2:/home/joel/ros2_jazzy/install/tf2_sensor_msgs:/home/joel/ros2_jazzy/install/test_tf2:/home/joel/ros2_jazzy/install/tf2_kdl:/home/joel/ros2_jazzy/install/tf2_geometry_msgs:/home/joel/ros2_jazzy/install/tf2_eigen:/home/joel/ros2_jazzy/install/tf2_bullet:/home/joel/ros2_jazzy/install/tf2_ros:/home/joel/ros2_jazzy/install/tf2_py:/home/joel/ros2_jazzy/install/tf2_msgs:/home/joel/ros2_jazzy/install/tf2_eigen_kdl:/home/joel/ros2_jazzy/install/laser_geometry:/home/joel/ros2_jazzy/install/tf2:/home/joel/ros2_jazzy/install/test_tracetools:/home/joel/ros2_jazzy/install/rosbag2_test_common:/home/joel/ros2_jazzy/install/test_msgs:/home/joel/ros2_jazzy/install/test_communication:/home/joel/ros2_jazzy/install/stereo_msgs:/home/joel/ros2_jazzy/install/std_srvs:/home/joel/ros2_jazzy/install/shape_msgs:/home/joel/ros2_jazzy/install/quality_of_service_demo_cpp:/home/joel/ros2_jazzy/install/point_cloud_transport_py:/home/joel/ros2_jazzy/install/point_cloud_transport:/home/joel/ros2_jazzy/install/map_msgs:/home/joel/ros2_jazzy/install/intra_process_demo:/home/joel/ros2_jazzy/install/image_transport:/home/joel/ros2_jazzy/install/image_tools:/home/joel/ros2_jazzy/install/dummy_sensors:/home/joel/ros2_jazzy/install/sensor_msgs:/home/joel/ros2_jazzy/install/ros2cli_common_extensions:/home/joel/ros2_jazzy/install/dummy_map_server:/home/joel/ros2_jazzy/install/nav_msgs:/home/joel/ros2_jazzy/install/message_filters:/home/joel/ros2_jazzy/install/logging_demo:/home/joel/ros2_jazzy/install/lifecycle:/home/joel/ros2_jazzy/install/diagnostic_msgs:/home/joel/ros2_jazzy/install/geometry_msgs:/home/joel/ros2_jazzy/install/examples_rclcpp_wait_set:/home/joel/ros2_jazzy/install/examples_rclcpp_multithreaded_executor:/home/joel/ros2_jazzy/install/examples_rclcpp_minimal_subscriber:/home/joel/ros2_jazzy/install/examples_rclcpp_minimal_publisher:/home/joel/ros2_jazzy/install/examples_rclcpp_minimal_composition:/home/joel/ros2_jazzy/install/examples_rclcpp_cbg_executor:/home/joel/ros2_jazzy/install/demo_nodes_cpp_native:/home/joel/ros2_jazzy/install/demo_nodes_cpp:/home/joel/ros2_jazzy/install/composition:/home/joel/ros2_jazzy/install/actionlib_msgs:/home/joel/ros2_jazzy/install/std_msgs:/home/joel/ros2_jazzy/install/rqt_gui_cpp:/home/joel/ros2_jazzy/install/ros2lifecycle_test_fixtures:/home/joel/ros2_jazzy/install/rclcpp_lifecycle:/home/joel/ros2_jazzy/install/action_tutorials_cpp:/home/joel/ros2_jazzy/install/rclcpp_components:/home/joel/ros2_jazzy/install/examples_rclcpp_minimal_action_server:/home/joel/ros2_jazzy/install/examples_rclcpp_minimal_action_client:/home/joel/ros2_jazzy/install/rclcpp_action:/home/joel/ros2_jazzy/install/examples_rclcpp_minimal_timer:/home/joel/ros2_jazzy/install/examples_rclcpp_minimal_service:/home/joel/ros2_jazzy/install/examples_rclcpp_minimal_client:/home/joel/ros2_jazzy/install/examples_rclcpp_async_client:/home/joel/ros2_jazzy/install/rclcpp:/home/joel/ros2_jazzy/install/libstatistics_collector:/home/joel/ros2_jazzy/install/statistics_msgs:/home/joel/ros2_jazzy/install/sros2_cmake:/home/joel/ros2_jazzy/install/rqt_py_common:/home/joel/ros2_jazzy/install/ros_testing:/home/joel/ros2_jazzy/install/rclpy:/home/joel/ros2_jazzy/install/rosgraph_msgs:/home/joel/ros2_jazzy/install/rosbag2_interfaces:/home/joel/ros2_jazzy/install/ros2cli_test_interfaces:/home/joel/ros2_jazzy/install/rcl_lifecycle:/home/joel/ros2_jazzy/install/rcl_action:/home/joel/ros2_jazzy/install/rcl:/home/joel/ros2_jazzy/install/rmw_implementation:/home/joel/ros2_jazzy/install/rmw_fastrtps_dynamic_cpp:/home/joel/ros2_jazzy/install/rmw_fastrtps_cpp:/home/joel/ros2_jazzy/install/rmw_fastrtps_shared_cpp:/home/joel/ros2_jazzy/install/rmw_cyclonedds_cpp:/home/joel/ros2_jazzy/install/rmw_connextddsmicro:/home/joel/ros2_jazzy/install/rmw_connextdds:/home/joel/ros2_jazzy/install/rmw_connextdds_common:/home/joel/ros2_jazzy/install/rmw_dds_common:/home/joel/ros2_jazzy/install/composition_interfaces:/home/joel/ros2_jazzy/install/rcl_interfaces:/home/joel/ros2_jazzy/install/pendulum_msgs:/home/joel/ros2_jazzy/install/lifecycle_msgs:/home/joel/ros2_jazzy/install/example_interfaces:/home/joel/ros2_jazzy/install/action_tutorials_interfaces:/home/joel/ros2_jazzy/install/rosidl_default_runtime:/home/joel/ros2_jazzy/install/rosidl_default_generators:/home/joel/ros2_jazzy/install/action_msgs:/home/joel/ros2_jazzy/install/unique_identifier_msgs:/home/joel/ros2_jazzy/install/type_description_interfaces:/home/joel/ros2_jazzy/install/service_msgs:/home/joel/ros2_jazzy/install/builtin_interfaces:/home/joel/ros2_jazzy/install/rosidl_core_runtime:/home/joel/ros2_jazzy/install/rosidl_core_generators:/home/joel/ros2_jazzy/install/rosidl_generator_py:/home/joel/ros2_jazzy/install/ament_lint_common:/home/joel/ros2_jazzy/install/ament_cmake_uncrustify:/home/joel/ros2_jazzy/install/uncrustify_vendor:/home/joel/ros2_jazzy/install/tracetools:/home/joel/ros2_jazzy/install/tlsf:/home/joel/ros2_jazzy/install/qt_gui_core:/home/joel/ros2_jazzy/install/qt_gui_cpp:/home/joel/ros2_jazzy/install/pluginlib:/home/joel/ros2_jazzy/install/tinyxml2_vendor:/home/joel/ros2_jazzy/install/test_security:/home/joel/ros2_jazzy/install/test_rmw_implementation:/home/joel/ros2_jazzy/install/test_rclcpp:/home/joel/ros2_jazzy/install/test_quality_of_service:/home/joel/ros2_jazzy/install/test_launch_testing:/home/joel/ros2_jazzy/install/test_interface_files:/home/joel/ros2_jazzy/install/test_cli_remapping:/home/joel/ros2_jazzy/install/test_cli:/home/joel/ros2_jazzy/install/qt_gui_app:/home/joel/ros2_jazzy/install/qt_gui:/home/joel/ros2_jazzy/install/tango_icons_vendor:/home/joel/ros2_jazzy/install/sqlite3_vendor:/home/joel/ros2_jazzy/install/rcl_logging_spdlog:/home/joel/ros2_jazzy/install/spdlog_vendor:/home/joel/ros2_jazzy/install/shared_queues_vendor:/home/joel/ros2_jazzy/install/rviz_rendering_tests:/home/joel/ros2_jazzy/install/rviz_rendering:/home/joel/ros2_jazzy/install/rviz_ogre_vendor:/home/joel/ros2_jazzy/install/rviz_assimp_vendor:/home/joel/ros2_jazzy/install/rttest:/home/joel/ros2_jazzy/install/rti_connext_dds_cmake_module:/home/joel/ros2_jazzy/install/lttngpy:/home/joel/ros2_jazzy/install/rosidl_typesupport_tests:/home/joel/ros2_jazzy/install/rosidl_typesupport_introspection_tests:/home/joel/ros2_jazzy/install/rosidl_typesupport_cpp:/home/joel/ros2_jazzy/install/rosidl_typesupport_introspection_cpp:/home/joel/ros2_jazzy/install/rosidl_typesupport_c:/home/joel/ros2_jazzy/install/rosidl_typesupport_introspection_c:/home/joel/ros2_jazzy/install/rosidl_typesupport_fastrtps_c:/home/joel/ros2_jazzy/install/rosidl_typesupport_fastrtps_cpp:/home/joel/ros2_jazzy/install/rosidl_generator_cpp:/home/joel/ros2_jazzy/install/rosidl_runtime_cpp:/home/joel/ros2_jazzy/install/rosidl_dynamic_typesupport_fastrtps:/home/joel/ros2_jazzy/install/rcl_yaml_param_parser:/home/joel/ros2_jazzy/install/rmw:/home/joel/ros2_jazzy/install/rosidl_dynamic_typesupport:/home/joel/ros2_jazzy/install/rosidl_runtime_c:/home/joel/ros2_jazzy/install/rosidl_generator_c:/home/joel/ros2_jazzy/install/rosidl_typesupport_interface:/home/joel/ros2_jazzy/install/rosidl_generator_dds_idl:/home/joel/ros2_jazzy/install/rosidl_cmake:/home/joel/ros2_jazzy/install/rosidl_generator_type_description:/home/joel/ros2_jazzy/install/rosidl_parser:/home/joel/ros2_jazzy/install/rosidl_generator_tests:/home/joel/ros2_jazzy/install/rosidl_adapter:/home/joel/ros2_jazzy/install/rosbag2_tests:/home/joel/ros2_jazzy/install/rosbag2_test_msgdefs:/home/joel/ros2_jazzy/install/ros_environment:/home/joel/ros2_jazzy/install/rmw_implementation_cmake:/home/joel/ros2_jazzy/install/resource_retriever:/home/joel/ros2_jazzy/install/class_loader:/home/joel/ros2_jazzy/install/rcpputils:/home/joel/ros2_jazzy/install/rcl_logging_noop:/home/joel/ros2_jazzy/install/rcl_logging_interface:/home/joel/ros2_jazzy/install/rcutils:/home/joel/ros2_jazzy/install/qt_gui_py_common:/home/joel/ros2_jazzy/install/qt_dotgraph:/home/joel/ros2_jazzy/install/python_qt_binding:/home/joel/ros2_jazzy/install/python_orocos_kdl_vendor:/home/joel/ros2_jazzy/install/launch_testing_ament_cmake:/home/joel/ros2_jazzy/install/python_cmake_module:/home/joel/ros2_jazzy/install/pybind11_vendor:/home/joel/ros2_jazzy/install/performance_test_fixture:/home/joel/ros2_jazzy/install/osrf_testing_tools_cpp:/home/joel/ros2_jazzy/install/orocos_kdl_vendor:/home/joel/ros2_jazzy/install/mimick_vendor:/home/joel/ros2_jazzy/install/libyaml_vendor:/home/joel/ros2_jazzy/install/liblz4_vendor:/home/joel/ros2_jazzy/install/libcurl_vendor:/home/joel/ros2_jazzy/install/keyboard_handler:/home/joel/ros2_jazzy/install/iceoryx_introspection:/home/joel/ros2_jazzy/install/cyclonedds:/home/joel/ros2_jazzy/install/iceoryx_posh:/home/joel/ros2_jazzy/install/iceoryx_hoofs:/home/joel/ros2_jazzy/install/iceoryx_binding_c:/home/joel/ros2_jazzy/install/gz_math_vendor:/home/joel/ros2_jazzy/install/gz_utils_vendor:/home/joel/ros2_jazzy/install/gz_cmake_vendor:/home/joel/ros2_jazzy/install/ament_cmake_ros:/home/joel/ros2_jazzy/install/ament_cmake_auto:/home/joel/ros2_jazzy/install/ament_cmake_gmock:/home/joel/ros2_jazzy/install/gmock_vendor:/home/joel/ros2_jazzy/install/fastrtps:/home/joel/ros2_jazzy/install/fastcdr:/home/joel/ros2_jazzy/install/ament_cmake_gtest:/home/joel/ros2_jazzy/install/gtest_vendor:/home/joel/ros2_jazzy/install/ament_cmake_google_benchmark:/home/joel/ros2_jazzy/install/google_benchmark_vendor:/home/joel/ros2_jazzy/install/foonathan_memory_vendor:/home/joel/ros2_jazzy/install/fastrtps_cmake_module:/home/joel/ros2_jazzy/install/eigen3_cmake_module:/home/joel/ros2_jazzy/install/console_bridge_vendor:/home/joel/ros2_jazzy/install/ament_cmake_xmllint:/home/joel/ros2_jazzy/install/ament_cmake_pyflakes:/home/joel/ros2_jazzy/install/ament_cmake_pycodestyle:/home/joel/ros2_jazzy/install/ament_cmake_pep257:/home/joel/ros2_jazzy/install/ament_cmake_pclint:/home/joel/ros2_jazzy/install/ament_lint_auto:/home/joel/ros2_jazzy/install/ament_cmake:/home/joel/ros2_jazzy/install/ament_cmake_version:/home/joel/ros2_jazzy/install/ament_cmake_vendor_package:/home/joel/ros2_jazzy/install/ament_cmake_pytest:/home/joel/ros2_jazzy/install/ament_cmake_mypy:/home/joel/ros2_jazzy/install/ament_cmake_lint_cmake:/home/joel/ros2_jazzy/install/ament_cmake_flake8:/home/joel/ros2_jazzy/install/ament_cmake_cpplint:/home/joel/ros2_jazzy/install/ament_cmake_cppcheck:/home/joel/ros2_jazzy/install/ament_cmake_copyright:/home/joel/ros2_jazzy/install/ament_cmake_clang_tidy:/home/joel/ros2_jazzy/install/ament_cmake_clang_format:/home/joel/ros2_jazzy/install/ament_cmake_test:/home/joel/ros2_jazzy/install/ament_cmake_target_dependencies:/home/joel/ros2_jazzy/install/ament_cmake_python:/home/joel/ros2_jazzy/install/ament_cmake_export_dependencies:/home/joel/ros2_jazzy/install/ament_cmake_libraries:/home/joel/ros2_jazzy/install/ament_cmake_include_directories:/home/joel/ros2_jazzy/install/ament_cmake_gen_version_h:/home/joel/ros2_jazzy/install/ament_cmake_export_targets:/home/joel/ros2_jazzy/install/ament_cmake_export_link_flags:/home/joel/ros2_jazzy/install/ament_cmake_export_interfaces:/home/joel/ros2_jazzy/install/ament_cmake_export_libraries:/home/joel/ros2_jazzy/install/ament_cmake_export_include_directories:/home/joel/ros2_jazzy/install/ament_cmake_export_definitions:/home/joel/ros2_jazzy/install/ament_cmake_core:/home/joel/ros2_jazzy/install/ament_index_cpp:/opt/ros/jazzy/opt/gz_sim_vendor:/opt/ros/jazzy/opt/gz_sensors_vendor:/opt/ros/jazzy/opt/gz_physics_vendor:/opt/ros/jazzy/opt/sdformat_vendor:/opt/ros/jazzy/opt/gz_gui_vendor:/opt/ros/jazzy/opt/gz_transport_vendor:/opt/ros/jazzy/opt/gz_rendering_vendor:/opt/ros/jazzy/opt/gz_plugin_vendor:/opt/ros/jazzy/opt/gz_fuel_tools_vendor:/opt/ros/jazzy/opt/gz_msgs_vendor:/opt/ros/jazzy/opt/gz_common_vendor:/opt/ros/jazzy/opt/gz_math_vendor:/opt/ros/jazzy/opt/gz_utils_vendor:/opt/ros/jazzy/opt/gz_tools_vendor:/opt/ros/jazzy/opt/gz_ogre_next_vendor:/opt/ros/jazzy/opt/gz_dartsim_vendor:/opt/ros/jazzy/opt/gz_cmake_vendor:/home/joel/ros2_jazzy/install/rqt_bag_plugins:/home/joel/ros2_jazzy/install/rqt_bag:/home/joel/ros2_jazzy/install/rosbag2_examples_py:/home/joel/ros2_jazzy/install/launch_testing_examples:/home/joel/ros2_jazzy/install/ros2bag:/home/joel/ros2_jazzy/install/tracetools_test:/home/joel/ros2_jazzy/install/tracetools_launch:/home/joel/ros2_jazzy/install/topic_monitor:/home/joel/ros2_jazzy/install/tf2_tools:/home/joel/ros2_jazzy/install/examples_tf2_py:/home/joel/ros2_jazzy/install/tf2_ros_py:/home/joel/ros2_jazzy/install/examples_rclpy_pointcloud_publisher:/home/joel/ros2_jazzy/install/sensor_msgs_py:/home/joel/ros2_jazzy/install/quality_of_service_demo_py:/home/joel/ros2_jazzy/install/camera_info_manager_py:/home/joel/ros2_jazzy/install/rqt_plot:/home/joel/ros2_jazzy/install/ros2doctor:/home/joel/ros2_jazzy/install/lifecycle_py:/home/joel/ros2_jazzy/install/examples_rclpy_minimal_subscriber:/home/joel/ros2_jazzy/install/examples_rclpy_minimal_service:/home/joel/ros2_jazzy/install/examples_rclpy_minimal_publisher:/home/joel/ros2_jazzy/install/examples_rclpy_minimal_client:/home/joel/ros2_jazzy/install/examples_rclpy_executors:/home/joel/ros2_jazzy/install/demo_nodes_py:/home/joel/ros2_jazzy/install/rqt:/home/joel/ros2_jazzy/install/ros2component:/home/joel/ros2_jazzy/install/sros2:/home/joel/ros2_jazzy/install/rqt_topic:/home/joel/ros2_jazzy/install/rqt_srv:/home/joel/ros2_jazzy/install/rqt_shell:/home/joel/ros2_jazzy/install/rqt_service_caller:/home/joel/ros2_jazzy/install/rqt_reconfigure:/home/joel/ros2_jazzy/install/rqt_py_console:/home/joel/ros2_jazzy/install/rqt_publisher:/home/joel/ros2_jazzy/install/rqt_action:/home/joel/ros2_jazzy/install/rqt_msg:/home/joel/ros2_jazzy/install/rqt_console:/home/joel/ros2_jazzy/install/rqt_graph:/home/joel/ros2_jazzy/install/rqt_gui_py:/home/joel/ros2_jazzy/install/rqt_gui:/home/joel/ros2_jazzy/install/ros2trace:/home/joel/ros2_jazzy/install/ros2topic:/home/joel/ros2_jazzy/install/ros2test:/home/joel/ros2_jazzy/install/ros2param:/home/joel/ros2_jazzy/install/ros2lifecycle:/home/joel/ros2_jazzy/install/ros2service:/home/joel/ros2_jazzy/install/ros2run:/home/joel/ros2_jazzy/install/ros2launch:/home/joel/ros2_jazzy/install/ros2pkg:/home/joel/ros2_jazzy/install/ros2node:/home/joel/ros2_jazzy/install/ros2multicast:/home/joel/ros2_jazzy/install/ros2interface:/home/joel/ros2_jazzy/install/ros2action:/home/joel/ros2_jazzy/install/ros2cli:/home/joel/ros2_jazzy/install/launch_testing_ros:/home/joel/ros2_jazzy/install/launch_ros:/home/joel/ros2_jazzy/install/examples_rclpy_minimal_action_server:/home/joel/ros2_jazzy/install/examples_rclpy_minimal_action_client:/home/joel/ros2_jazzy/install/examples_rclpy_guard_conditions:/home/joel/ros2_jazzy/install/action_tutorials_py:/home/joel/ros2_jazzy/install/ament_uncrustify:/home/joel/ros2_jazzy/install/tracetools_trace:/home/joel/ros2_jazzy/install/tracetools_read:/home/joel/ros2_jazzy/install/test_tracetools_launch:/home/joel/ros2_jazzy/install/test_ros2trace:/home/joel/ros2_jazzy/install/test_launch_ros:/home/joel/ros2_jazzy/install/rpyutils:/home/joel/ros2_jazzy/install/rosidl_runtime_py:/home/joel/ros2_jazzy/install/rosidl_pycommon:/home/joel/ros2_jazzy/install/rosidl_cli:/home/joel/ros2_jazzy/install/launch_pytest:/home/joel/ros2_jazzy/install/launch_testing:/home/joel/ros2_jazzy/install/launch_yaml:/home/joel/ros2_jazzy/install/launch_xml:/home/joel/ros2_jazzy/install/launch:/home/joel/ros2_jazzy/install/osrf_pycommon:/home/joel/ros2_jazzy/install/domain_coordinator:/home/joel/ros2_jazzy/install/ament_xmllint:/home/joel/ros2_jazzy/install/ament_pyflakes:/home/joel/ros2_jazzy/install/ament_pycodestyle:/home/joel/ros2_jazzy/install/ament_pep257:/home/joel/ros2_jazzy/install/ament_pclint:/home/joel/ros2_jazzy/install/ament_package:/home/joel/ros2_jazzy/install/ament_mypy:/home/joel/ros2_jazzy/install/ament_lint_cmake:/home/joel/ros2_jazzy/install/ament_flake8:/home/joel/ros2_jazzy/install/ament_copyright:/home/joel/ros2_jazzy/install/ament_lint:/home/joel/ros2_jazzy/install/ament_index_python:/home/joel/ros2_jazzy/install/ament_cpplint:/home/joel/ros2_jazzy/install/ament_cppcheck:/home/joel/ros2_jazzy/install/ament_clang_tidy:/home/joel/ros2_jazzy/install/ament_clang_format:/opt/ros/jazzy DEBUGINFOD_URLS=https://debuginfod.ubuntu.com LD_LIBRARY_PATH=/home/joel/vsC/Self-Driving-and-ROS-2-Learn-by-Doing-Plan-Navigation/Section3_Introduction_to_ROS_2/bumperbot_ws/install/bumperbot_firmware/lib:${LD_LIBRARY_PATH} PATH=/home/joel/vsC/Self-Driving-and-ROS-2-Learn-by-Doing-Plan-Navigation/Section3_Introduction_to_ROS_2/bumperbot_ws/install/bumperbot_localization/bin:${PATH} PYTHONPATH=/home/joel/vsC/Self-Driving-and-ROS-2-Learn-by-Doing-Plan-Navigation/Section3_Introduction_to_ROS_2/bumperbot_ws/install/bumperbot_mapping/lib/python3.12/site-packages:/home/joel/vsC/Self-Driving-and-ROS-2-Learn-by-Doing-Plan-Navigation/Section3_Introduction_to_ROS_2/bumperbot_ws/install/bumperbot_localization/lib/python3.12/site-packages:/home/joel/vsC/Self-Driving-and-ROS-2-Learn-by-Doing-Plan-Navigation/Section3_Introduction_to_ROS_2/bumperbot_ws/install/bumperbot_firmware/lib/python3.12/site-packages:/home/joel/vsC/Self-Driving-and-ROS-2-Learn-by-Doing-Plan-Navigation/Section3_Introduction_to_ROS_2/bumperbot_ws/install/bumperbot_controller/lib/python3.12/site-packages:${PYTHONPATH} /usr/bin/cmake --install /home/joel/vsC/Self-Driving-and-ROS-2-Learn-by-Doing-Plan-Navigation/Section3_Introduction_to_ROS_2/bumperbot_ws/build/bumperbot_bringup
[54.916s] INFO:colcon.colcon_core.shell:Creating environment descriptor '/home/joel/vsC/Self-Driving-and-ROS-2-Learn-by-Doing-Plan-Navigation/Section3_Introduction_to_ROS_2/bumperbot_ws/install/bumperbot_bringup/share/bumperbot_bringup/hook/cmake_prefix_path.dsv'
[54.918s] INFO:colcon.colcon_core.shell:Creating environment hook '/home/joel/vsC/Self-Driving-and-ROS-2-Learn-by-Doing-Plan-Navigation/Section3_Introduction_to_ROS_2/bumperbot_ws/install/bumperbot_bringup/share/bumperbot_bringup/hook/cmake_prefix_path.sh'
[54.919s] Level 1:colcon.colcon_core.environment:checking '/home/joel/vsC/Self-Driving-and-ROS-2-Learn-by-Doing-Plan-Navigation/Section3_Introduction_to_ROS_2/bumperbot_ws/install/bumperbot_bringup/bin'
[54.919s] Level 1:colcon.colcon_core.environment:checking '/home/joel/vsC/Self-Driving-and-ROS-2-Learn-by-Doing-Plan-Navigation/Section3_Introduction_to_ROS_2/bumperbot_ws/install/bumperbot_bringup/lib/pkgconfig/bumperbot_bringup.pc'
[54.919s] Level 1:colcon.colcon_core.environment:checking '/home/joel/vsC/Self-Driving-and-ROS-2-Learn-by-Doing-Plan-Navigation/Section3_Introduction_to_ROS_2/bumperbot_ws/install/bumperbot_bringup/lib/python3.12/site-packages'
[54.920s] Level 1:colcon.colcon_core.environment:checking '/home/joel/vsC/Self-Driving-and-ROS-2-Learn-by-Doing-Plan-Navigation/Section3_Introduction_to_ROS_2/bumperbot_ws/install/bumperbot_bringup/bin'
[54.920s] INFO:colcon.colcon_core.shell:Creating package script '/home/joel/vsC/Self-Driving-and-ROS-2-Learn-by-Doing-Plan-Navigation/Section3_Introduction_to_ROS_2/bumperbot_ws/install/bumperbot_bringup/share/bumperbot_bringup/package.ps1'
[54.921s] INFO:colcon.colcon_core.shell:Creating package descriptor '/home/joel/vsC/Self-Driving-and-ROS-2-Learn-by-Doing-Plan-Navigation/Section3_Introduction_to_ROS_2/bumperbot_ws/install/bumperbot_bringup/share/bumperbot_bringup/package.dsv'
[54.922s] INFO:colcon.colcon_core.shell:Creating package script '/home/joel/vsC/Self-Driving-and-ROS-2-Learn-by-Doing-Plan-Navigation/Section3_Introduction_to_ROS_2/bumperbot_ws/install/bumperbot_bringup/share/bumperbot_bringup/package.sh'
[54.923s] INFO:colcon.colcon_core.shell:Creating package script '/home/joel/vsC/Self-Driving-and-ROS-2-Learn-by-Doing-Plan-Navigation/Section3_Introduction_to_ROS_2/bumperbot_ws/install/bumperbot_bringup/share/bumperbot_bringup/package.bash'
[54.924s] INFO:colcon.colcon_core.shell:Creating package script '/home/joel/vsC/Self-Driving-and-ROS-2-Learn-by-Doing-Plan-Navigation/Section3_Introduction_to_ROS_2/bumperbot_ws/install/bumperbot_bringup/share/bumperbot_bringup/package.zsh'
[54.924s] Level 1:colcon.colcon_core.environment:create_file_with_runtime_dependencies(/home/joel/vsC/Self-Driving-and-ROS-2-Learn-by-Doing-Plan-Navigation/Section3_Introduction_to_ROS_2/bumperbot_ws/install/bumperbot_bringup/share/colcon-core/packages/bumperbot_bringup)
[54.925s] Level 1:colcon.colcon_core.environment:create_environment_scripts_only(bumperbot_bringup)
[54.926s] Level 1:colcon.colcon_core.environment:checking '/home/joel/vsC/Self-Driving-and-ROS-2-Learn-by-Doing-Plan-Navigation/Section3_Introduction_to_ROS_2/bumperbot_ws/install/bumperbot_bringup' for CMake module files
[54.927s] Level 1:colcon.colcon_core.environment:checking '/home/joel/vsC/Self-Driving-and-ROS-2-Learn-by-Doing-Plan-Navigation/Section3_Introduction_to_ROS_2/bumperbot_ws/install/bumperbot_bringup' for CMake config files
[54.927s] Level 1:colcon.colcon_core.shell:create_environment_hook('bumperbot_bringup', 'cmake_prefix_path')
[54.928s] INFO:colcon.colcon_core.shell:Creating environment hook '/home/joel/vsC/Self-Driving-and-ROS-2-Learn-by-Doing-Plan-Navigation/Section3_Introduction_to_ROS_2/bumperbot_ws/install/bumperbot_bringup/share/bumperbot_bringup/hook/cmake_prefix_path.ps1'
[54.929s] INFO:colcon.colcon_core.shell:Creating environment descriptor '/home/joel/vsC/Self-Driving-and-ROS-2-Learn-by-Doing-Plan-Navigation/Section3_Introduction_to_ROS_2/bumperbot_ws/install/bumperbot_bringup/share/bumperbot_bringup/hook/cmake_prefix_path.dsv'
[54.929s] INFO:colcon.colcon_core.shell:Creating environment hook '/home/joel/vsC/Self-Driving-and-ROS-2-Learn-by-Doing-Plan-Navigation/Section3_Introduction_to_ROS_2/bumperbot_ws/install/bumperbot_bringup/share/bumperbot_bringup/hook/cmake_prefix_path.sh'
[54.930s] Level 1:colcon.colcon_core.environment:checking '/home/joel/vsC/Self-Driving-and-ROS-2-Learn-by-Doing-Plan-Navigation/Section3_Introduction_to_ROS_2/bumperbot_ws/install/bumperbot_bringup/bin'
[54.931s] Level 1:colcon.colcon_core.environment:checking '/home/joel/vsC/Self-Driving-and-ROS-2-Learn-by-Doing-Plan-Navigation/Section3_Introduction_to_ROS_2/bumperbot_ws/install/bumperbot_bringup/lib/pkgconfig/bumperbot_bringup.pc'
[54.931s] Level 1:colcon.colcon_core.environment:checking '/home/joel/vsC/Self-Driving-and-ROS-2-Learn-by-Doing-Plan-Navigation/Section3_Introduction_to_ROS_2/bumperbot_ws/install/bumperbot_bringup/lib/python3.12/site-packages'
[54.931s] Level 1:colcon.colcon_core.environment:checking '/home/joel/vsC/Self-Driving-and-ROS-2-Learn-by-Doing-Plan-Navigation/Section3_Introduction_to_ROS_2/bumperbot_ws/install/bumperbot_bringup/bin'
[54.933s] INFO:colcon.colcon_core.shell:Creating package script '/home/joel/vsC/Self-Driving-and-ROS-2-Learn-by-Doing-Plan-Navigation/Section3_Introduction_to_ROS_2/bumperbot_ws/install/bumperbot_bringup/share/bumperbot_bringup/package.ps1'
[54.936s] INFO:colcon.colcon_core.shell:Creating package descriptor '/home/joel/vsC/Self-Driving-and-ROS-2-Learn-by-Doing-Plan-Navigation/Section3_Introduction_to_ROS_2/bumperbot_ws/install/bumperbot_bringup/share/bumperbot_bringup/package.dsv'
[54.941s] INFO:colcon.colcon_core.shell:Creating package script '/home/joel/vsC/Self-Driving-and-ROS-2-Learn-by-Doing-Plan-Navigation/Section3_Introduction_to_ROS_2/bumperbot_ws/install/bumperbot_bringup/share/bumperbot_bringup/package.sh'
[54.947s] INFO:colcon.colcon_core.shell:Creating package script '/home/joel/vsC/Self-Driving-and-ROS-2-Learn-by-Doing-Plan-Navigation/Section3_Introduction_to_ROS_2/bumperbot_ws/install/bumperbot_bringup/share/bumperbot_bringup/package.bash'
[54.949s] INFO:colcon.colcon_core.shell:Creating package script '/home/joel/vsC/Self-Driving-and-ROS-2-Learn-by-Doing-Plan-Navigation/Section3_Introduction_to_ROS_2/bumperbot_ws/install/bumperbot_bringup/share/bumperbot_bringup/package.zsh'
[54.953s] Level 1:colcon.colcon_core.environment:create_file_with_runtime_dependencies(/home/joel/vsC/Self-Driving-and-ROS-2-Learn-by-Doing-Plan-Navigation/Section3_Introduction_to_ROS_2/bumperbot_ws/install/bumperbot_bringup/share/colcon-core/packages/bumperbot_bringup)
[79.142s] DEBUG:colcon.colcon_core.event_handler.log_command:Invoked command in '/home/joel/vsC/Self-Driving-and-ROS-2-Learn-by-Doing-Plan-Navigation/Section3_Introduction_to_ROS_2/bumperbot_ws/build/bumperbot_cpp_examples' returned '0': AMENT_PREFIX_PATH=/home/joel/vsC/Self-Driving-and-ROS-2-Learn-by-Doing-Plan-Navigation/Section3_Introduction_to_ROS_2/bumperbot_ws/install/bumperbot_msgs:${AMENT_PREFIX_PATH} CMAKE_PREFIX_PATH=/home/joel/vsC/Self-Driving-and-ROS-2-Learn-by-Doing-Plan-Navigation/Section3_Introduction_to_ROS_2/bumperbot_ws/install/bumperbot_msgs:/home/joel/ros2_jazzy/install/rosbag2:/home/joel/ros2_jazzy/install/rosbag2_storage_default_plugins:/home/joel/ros2_jazzy/install/rosbag2_storage_mcap:/home/joel/ros2_jazzy/install/rosbag2_compression_zstd:/home/joel/ros2_jazzy/install/mcap_vendor:/home/joel/ros2_jazzy/install/zstd_vendor:/home/joel/ros2_jazzy/install/rviz_visual_testing_framework:/home/joel/ros2_jazzy/install/rviz2:/home/joel/ros2_jazzy/install/rviz_default_plugins:/home/joel/ros2_jazzy/install/rviz_common:/home/joel/ros2_jazzy/install/rosbag2_py:/home/joel/ros2_jazzy/install/rosbag2_transport:/home/joel/ros2_jazzy/install/rosbag2_storage_sqlite3:/home/joel/ros2_jazzy/install/rosbag2_examples_cpp:/home/joel/ros2_jazzy/install/rosbag2_compression:/home/joel/ros2_jazzy/install/rosbag2_cpp:/home/joel/ros2_jazzy/install/rosbag2_storage:/home/joel/ros2_jazzy/install/image_common:/home/joel/ros2_jazzy/install/camera_info_manager:/home/joel/ros2_jazzy/install/camera_calibration_parsers:/home/joel/ros2_jazzy/install/yaml_cpp_vendor:/home/joel/ros2_jazzy/install/interactive_markers:/home/joel/ros2_jazzy/install/common_interfaces:/home/joel/ros2_jazzy/install/visualization_msgs:/home/joel/ros2_jazzy/install/mobile_robot:/home/joel/ros2_jazzy/install/dummy_robot_bringup:/home/joel/ros2_jazzy/install/robot_state_publisher:/home/joel/ros2_jazzy/install/kdl_parser:/home/joel/ros2_jazzy/install/urdf:/home/joel/ros2_jazzy/install/urdfdom:/home/joel/ros2_jazzy/install/urdf_parser_plugin:/home/joel/ros2_jazzy/install/urdfdom_headers:/home/joel/ros2_jazzy/install/turtlesim:/home/joel/ros2_jazzy/install/trajectory_msgs:/home/joel/ros2_jazzy/install/topic_statistics_demo:/home/joel/ros2_jazzy/install/pendulum_control:/home/joel/ros2_jazzy/install/tlsf_cpp:/home/joel/ros2_jazzy/install/geometry2:/home/joel/ros2_jazzy/install/tf2_sensor_msgs:/home/joel/ros2_jazzy/install/test_tf2:/home/joel/ros2_jazzy/install/tf2_kdl:/home/joel/ros2_jazzy/install/tf2_geometry_msgs:/home/joel/ros2_jazzy/install/tf2_eigen:/home/joel/ros2_jazzy/install/tf2_bullet:/home/joel/ros2_jazzy/install/tf2_ros:/home/joel/ros2_jazzy/install/tf2_py:/home/joel/ros2_jazzy/install/tf2_msgs:/home/joel/ros2_jazzy/install/tf2_eigen_kdl:/home/joel/ros2_jazzy/install/laser_geometry:/home/joel/ros2_jazzy/install/tf2:/home/joel/ros2_jazzy/install/test_tracetools:/home/joel/ros2_jazzy/install/rosbag2_test_common:/home/joel/ros2_jazzy/install/test_msgs:/home/joel/ros2_jazzy/install/test_communication:/home/joel/ros2_jazzy/install/stereo_msgs:/home/joel/ros2_jazzy/install/std_srvs:/home/joel/ros2_jazzy/install/shape_msgs:/home/joel/ros2_jazzy/install/quality_of_service_demo_cpp:/home/joel/ros2_jazzy/install/point_cloud_transport_py:/home/joel/ros2_jazzy/install/point_cloud_transport:/home/joel/ros2_jazzy/install/map_msgs:/home/joel/ros2_jazzy/install/intra_process_demo:/home/joel/ros2_jazzy/install/image_transport:/home/joel/ros2_jazzy/install/image_tools:/home/joel/ros2_jazzy/install/dummy_sensors:/home/joel/ros2_jazzy/install/sensor_msgs:/home/joel/ros2_jazzy/install/ros2cli_common_extensions:/home/joel/ros2_jazzy/install/dummy_map_server:/home/joel/ros2_jazzy/install/nav_msgs:/home/joel/ros2_jazzy/install/message_filters:/home/joel/ros2_jazzy/install/logging_demo:/home/joel/ros2_jazzy/install/lifecycle:/home/joel/ros2_jazzy/install/diagnostic_msgs:/home/joel/ros2_jazzy/install/geometry_msgs:/home/joel/ros2_jazzy/install/examples_rclcpp_wait_set:/home/joel/ros2_jazzy/install/examples_rclcpp_multithreaded_executor:/home/joel/ros2_jazzy/install/examples_rclcpp_minimal_subscriber:/home/joel/ros2_jazzy/install/examples_rclcpp_minimal_publisher:/home/joel/ros2_jazzy/install/examples_rclcpp_minimal_composition:/home/joel/ros2_jazzy/install/examples_rclcpp_cbg_executor:/home/joel/ros2_jazzy/install/demo_nodes_cpp_native:/home/joel/ros2_jazzy/install/demo_nodes_cpp:/home/joel/ros2_jazzy/install/composition:/home/joel/ros2_jazzy/install/actionlib_msgs:/home/joel/ros2_jazzy/install/std_msgs:/home/joel/ros2_jazzy/install/rqt_gui_cpp:/home/joel/ros2_jazzy/install/ros2lifecycle_test_fixtures:/home/joel/ros2_jazzy/install/rclcpp_lifecycle:/home/joel/ros2_jazzy/install/action_tutorials_cpp:/home/joel/ros2_jazzy/install/rclcpp_components:/home/joel/ros2_jazzy/install/examples_rclcpp_minimal_action_server:/home/joel/ros2_jazzy/install/examples_rclcpp_minimal_action_client:/home/joel/ros2_jazzy/install/rclcpp_action:/home/joel/ros2_jazzy/install/examples_rclcpp_minimal_timer:/home/joel/ros2_jazzy/install/examples_rclcpp_minimal_service:/home/joel/ros2_jazzy/install/examples_rclcpp_minimal_client:/home/joel/ros2_jazzy/install/examples_rclcpp_async_client:/home/joel/ros2_jazzy/install/rclcpp:/home/joel/ros2_jazzy/install/libstatistics_collector:/home/joel/ros2_jazzy/install/statistics_msgs:/home/joel/ros2_jazzy/install/sros2_cmake:/home/joel/ros2_jazzy/install/rqt_py_common:/home/joel/ros2_jazzy/install/ros_testing:/home/joel/ros2_jazzy/install/rclpy:/home/joel/ros2_jazzy/install/rosgraph_msgs:/home/joel/ros2_jazzy/install/rosbag2_interfaces:/home/joel/ros2_jazzy/install/ros2cli_test_interfaces:/home/joel/ros2_jazzy/install/rcl_lifecycle:/home/joel/ros2_jazzy/install/rcl_action:/home/joel/ros2_jazzy/install/rcl:/home/joel/ros2_jazzy/install/rmw_implementation:/home/joel/ros2_jazzy/install/rmw_fastrtps_dynamic_cpp:/home/joel/ros2_jazzy/install/rmw_fastrtps_cpp:/home/joel/ros2_jazzy/install/rmw_fastrtps_shared_cpp:/home/joel/ros2_jazzy/install/rmw_cyclonedds_cpp:/home/joel/ros2_jazzy/install/rmw_connextddsmicro:/home/joel/ros2_jazzy/install/rmw_connextdds:/home/joel/ros2_jazzy/install/rmw_connextdds_common:/home/joel/ros2_jazzy/install/rmw_dds_common:/home/joel/ros2_jazzy/install/composition_interfaces:/home/joel/ros2_jazzy/install/rcl_interfaces:/home/joel/ros2_jazzy/install/pendulum_msgs:/home/joel/ros2_jazzy/install/lifecycle_msgs:/home/joel/ros2_jazzy/install/example_interfaces:/home/joel/ros2_jazzy/install/action_tutorials_interfaces:/home/joel/ros2_jazzy/install/rosidl_default_runtime:/home/joel/ros2_jazzy/install/rosidl_default_generators:/home/joel/ros2_jazzy/install/action_msgs:/home/joel/ros2_jazzy/install/unique_identifier_msgs:/home/joel/ros2_jazzy/install/type_description_interfaces:/home/joel/ros2_jazzy/install/service_msgs:/home/joel/ros2_jazzy/install/builtin_interfaces:/home/joel/ros2_jazzy/install/rosidl_core_runtime:/home/joel/ros2_jazzy/install/rosidl_core_generators:/home/joel/ros2_jazzy/install/rosidl_generator_py:/home/joel/ros2_jazzy/install/ament_lint_common:/home/joel/ros2_jazzy/install/ament_cmake_uncrustify:/home/joel/ros2_jazzy/install/uncrustify_vendor:/home/joel/ros2_jazzy/install/tracetools:/home/joel/ros2_jazzy/install/tlsf:/home/joel/ros2_jazzy/install/qt_gui_core:/home/joel/ros2_jazzy/install/qt_gui_cpp:/home/joel/ros2_jazzy/install/pluginlib:/home/joel/ros2_jazzy/install/tinyxml2_vendor:/home/joel/ros2_jazzy/install/test_security:/home/joel/ros2_jazzy/install/test_rmw_implementation:/home/joel/ros2_jazzy/install/test_rclcpp:/home/joel/ros2_jazzy/install/test_quality_of_service:/home/joel/ros2_jazzy/install/test_launch_testing:/home/joel/ros2_jazzy/install/test_interface_files:/home/joel/ros2_jazzy/install/test_cli_remapping:/home/joel/ros2_jazzy/install/test_cli:/home/joel/ros2_jazzy/install/qt_gui_app:/home/joel/ros2_jazzy/install/qt_gui:/home/joel/ros2_jazzy/install/tango_icons_vendor:/home/joel/ros2_jazzy/install/sqlite3_vendor:/home/joel/ros2_jazzy/install/rcl_logging_spdlog:/home/joel/ros2_jazzy/install/spdlog_vendor:/home/joel/ros2_jazzy/install/shared_queues_vendor:/home/joel/ros2_jazzy/install/rviz_rendering_tests:/home/joel/ros2_jazzy/install/rviz_rendering:/home/joel/ros2_jazzy/install/rviz_ogre_vendor:/home/joel/ros2_jazzy/install/rviz_assimp_vendor:/home/joel/ros2_jazzy/install/rttest:/home/joel/ros2_jazzy/install/rti_connext_dds_cmake_module:/home/joel/ros2_jazzy/install/lttngpy:/home/joel/ros2_jazzy/install/rosidl_typesupport_tests:/home/joel/ros2_jazzy/install/rosidl_typesupport_introspection_tests:/home/joel/ros2_jazzy/install/rosidl_typesupport_cpp:/home/joel/ros2_jazzy/install/rosidl_typesupport_introspection_cpp:/home/joel/ros2_jazzy/install/rosidl_typesupport_c:/home/joel/ros2_jazzy/install/rosidl_typesupport_introspection_c:/home/joel/ros2_jazzy/install/rosidl_typesupport_fastrtps_c:/home/joel/ros2_jazzy/install/rosidl_typesupport_fastrtps_cpp:/home/joel/ros2_jazzy/install/rosidl_generator_cpp:/home/joel/ros2_jazzy/install/rosidl_runtime_cpp:/home/joel/ros2_jazzy/install/rosidl_dynamic_typesupport_fastrtps:/home/joel/ros2_jazzy/install/rcl_yaml_param_parser:/home/joel/ros2_jazzy/install/rmw:/home/joel/ros2_jazzy/install/rosidl_dynamic_typesupport:/home/joel/ros2_jazzy/install/rosidl_runtime_c:/home/joel/ros2_jazzy/install/rosidl_generator_c:/home/joel/ros2_jazzy/install/rosidl_typesupport_interface:/home/joel/ros2_jazzy/install/rosidl_generator_dds_idl:/home/joel/ros2_jazzy/install/rosidl_cmake:/home/joel/ros2_jazzy/install/rosidl_generator_type_description:/home/joel/ros2_jazzy/install/rosidl_parser:/home/joel/ros2_jazzy/install/rosidl_generator_tests:/home/joel/ros2_jazzy/install/rosidl_adapter:/home/joel/ros2_jazzy/install/rosbag2_tests:/home/joel/ros2_jazzy/install/rosbag2_test_msgdefs:/home/joel/ros2_jazzy/install/ros_environment:/home/joel/ros2_jazzy/install/rmw_implementation_cmake:/home/joel/ros2_jazzy/install/resource_retriever:/home/joel/ros2_jazzy/install/class_loader:/home/joel/ros2_jazzy/install/rcpputils:/home/joel/ros2_jazzy/install/rcl_logging_noop:/home/joel/ros2_jazzy/install/rcl_logging_interface:/home/joel/ros2_jazzy/install/rcutils:/home/joel/ros2_jazzy/install/qt_gui_py_common:/home/joel/ros2_jazzy/install/qt_dotgraph:/home/joel/ros2_jazzy/install/python_qt_binding:/home/joel/ros2_jazzy/install/python_orocos_kdl_vendor:/home/joel/ros2_jazzy/install/launch_testing_ament_cmake:/home/joel/ros2_jazzy/install/python_cmake_module:/home/joel/ros2_jazzy/install/pybind11_vendor:/home/joel/ros2_jazzy/install/performance_test_fixture:/home/joel/ros2_jazzy/install/osrf_testing_tools_cpp:/home/joel/ros2_jazzy/install/orocos_kdl_vendor:/home/joel/ros2_jazzy/install/mimick_vendor:/home/joel/ros2_jazzy/install/libyaml_vendor:/home/joel/ros2_jazzy/install/liblz4_vendor:/home/joel/ros2_jazzy/install/libcurl_vendor:/home/joel/ros2_jazzy/install/keyboard_handler:/home/joel/ros2_jazzy/install/iceoryx_introspection:/home/joel/ros2_jazzy/install/cyclonedds:/home/joel/ros2_jazzy/install/iceoryx_posh:/home/joel/ros2_jazzy/install/iceoryx_hoofs:/home/joel/ros2_jazzy/install/iceoryx_binding_c:/home/joel/ros2_jazzy/install/gz_math_vendor:/home/joel/ros2_jazzy/install/gz_utils_vendor:/home/joel/ros2_jazzy/install/gz_cmake_vendor:/home/joel/ros2_jazzy/install/ament_cmake_ros:/home/joel/ros2_jazzy/install/ament_cmake_auto:/home/joel/ros2_jazzy/install/ament_cmake_gmock:/home/joel/ros2_jazzy/install/gmock_vendor:/home/joel/ros2_jazzy/install/fastrtps:/home/joel/ros2_jazzy/install/fastcdr:/home/joel/ros2_jazzy/install/ament_cmake_gtest:/home/joel/ros2_jazzy/install/gtest_vendor:/home/joel/ros2_jazzy/install/ament_cmake_google_benchmark:/home/joel/ros2_jazzy/install/google_benchmark_vendor:/home/joel/ros2_jazzy/install/foonathan_memory_vendor:/home/joel/ros2_jazzy/install/fastrtps_cmake_module:/home/joel/ros2_jazzy/install/eigen3_cmake_module:/home/joel/ros2_jazzy/install/console_bridge_vendor:/home/joel/ros2_jazzy/install/ament_cmake_xmllint:/home/joel/ros2_jazzy/install/ament_cmake_pyflakes:/home/joel/ros2_jazzy/install/ament_cmake_pycodestyle:/home/joel/ros2_jazzy/install/ament_cmake_pep257:/home/joel/ros2_jazzy/install/ament_cmake_pclint:/home/joel/ros2_jazzy/install/ament_lint_auto:/home/joel/ros2_jazzy/install/ament_cmake:/home/joel/ros2_jazzy/install/ament_cmake_version:/home/joel/ros2_jazzy/install/ament_cmake_vendor_package:/home/joel/ros2_jazzy/install/ament_cmake_pytest:/home/joel/ros2_jazzy/install/ament_cmake_mypy:/home/joel/ros2_jazzy/install/ament_cmake_lint_cmake:/home/joel/ros2_jazzy/install/ament_cmake_flake8:/home/joel/ros2_jazzy/install/ament_cmake_cpplint:/home/joel/ros2_jazzy/install/ament_cmake_cppcheck:/home/joel/ros2_jazzy/install/ament_cmake_copyright:/home/joel/ros2_jazzy/install/ament_cmake_clang_tidy:/home/joel/ros2_jazzy/install/ament_cmake_clang_format:/home/joel/ros2_jazzy/install/ament_cmake_test:/home/joel/ros2_jazzy/install/ament_cmake_target_dependencies:/home/joel/ros2_jazzy/install/ament_cmake_python:/home/joel/ros2_jazzy/install/ament_cmake_export_dependencies:/home/joel/ros2_jazzy/install/ament_cmake_libraries:/home/joel/ros2_jazzy/install/ament_cmake_include_directories:/home/joel/ros2_jazzy/install/ament_cmake_gen_version_h:/home/joel/ros2_jazzy/install/ament_cmake_export_targets:/home/joel/ros2_jazzy/install/ament_cmake_export_link_flags:/home/joel/ros2_jazzy/install/ament_cmake_export_interfaces:/home/joel/ros2_jazzy/install/ament_cmake_export_libraries:/home/joel/ros2_jazzy/install/ament_cmake_export_include_directories:/home/joel/ros2_jazzy/install/ament_cmake_export_definitions:/home/joel/ros2_jazzy/install/ament_cmake_core:/home/joel/ros2_jazzy/install/ament_index_cpp:/opt/ros/jazzy/opt/gz_sim_vendor:/opt/ros/jazzy/opt/gz_sensors_vendor:/opt/ros/jazzy/opt/gz_physics_vendor:/opt/ros/jazzy/opt/sdformat_vendor:/opt/ros/jazzy/opt/gz_gui_vendor:/opt/ros/jazzy/opt/gz_transport_vendor:/opt/ros/jazzy/opt/gz_rendering_vendor:/opt/ros/jazzy/opt/gz_plugin_vendor:/opt/ros/jazzy/opt/gz_fuel_tools_vendor:/opt/ros/jazzy/opt/gz_msgs_vendor:/opt/ros/jazzy/opt/gz_common_vendor:/opt/ros/jazzy/opt/gz_math_vendor:/opt/ros/jazzy/opt/gz_utils_vendor:/opt/ros/jazzy/opt/gz_tools_vendor:/opt/ros/jazzy/opt/gz_ogre_next_vendor:/opt/ros/jazzy/opt/gz_dartsim_vendor:/opt/ros/jazzy/opt/gz_cmake_vendor:/home/joel/ros2_jazzy/install/rqt_bag_plugins:/home/joel/ros2_jazzy/install/rqt_bag:/home/joel/ros2_jazzy/install/rosbag2_examples_py:/home/joel/ros2_jazzy/install/launch_testing_examples:/home/joel/ros2_jazzy/install/ros2bag:/home/joel/ros2_jazzy/install/tracetools_test:/home/joel/ros2_jazzy/install/tracetools_launch:/home/joel/ros2_jazzy/install/topic_monitor:/home/joel/ros2_jazzy/install/tf2_tools:/home/joel/ros2_jazzy/install/examples_tf2_py:/home/joel/ros2_jazzy/install/tf2_ros_py:/home/joel/ros2_jazzy/install/examples_rclpy_pointcloud_publisher:/home/joel/ros2_jazzy/install/sensor_msgs_py:/home/joel/ros2_jazzy/install/quality_of_service_demo_py:/home/joel/ros2_jazzy/install/camera_info_manager_py:/home/joel/ros2_jazzy/install/rqt_plot:/home/joel/ros2_jazzy/install/ros2doctor:/home/joel/ros2_jazzy/install/lifecycle_py:/home/joel/ros2_jazzy/install/examples_rclpy_minimal_subscriber:/home/joel/ros2_jazzy/install/examples_rclpy_minimal_service:/home/joel/ros2_jazzy/install/examples_rclpy_minimal_publisher:/home/joel/ros2_jazzy/install/examples_rclpy_minimal_client:/home/joel/ros2_jazzy/install/examples_rclpy_executors:/home/joel/ros2_jazzy/install/demo_nodes_py:/home/joel/ros2_jazzy/install/rqt:/home/joel/ros2_jazzy/install/ros2component:/home/joel/ros2_jazzy/install/sros2:/home/joel/ros2_jazzy/install/rqt_topic:/home/joel/ros2_jazzy/install/rqt_srv:/home/joel/ros2_jazzy/install/rqt_shell:/home/joel/ros2_jazzy/install/rqt_service_caller:/home/joel/ros2_jazzy/install/rqt_reconfigure:/home/joel/ros2_jazzy/install/rqt_py_console:/home/joel/ros2_jazzy/install/rqt_publisher:/home/joel/ros2_jazzy/install/rqt_action:/home/joel/ros2_jazzy/install/rqt_msg:/home/joel/ros2_jazzy/install/rqt_console:/home/joel/ros2_jazzy/install/rqt_graph:/home/joel/ros2_jazzy/install/rqt_gui_py:/home/joel/ros2_jazzy/install/rqt_gui:/home/joel/ros2_jazzy/install/ros2trace:/home/joel/ros2_jazzy/install/ros2topic:/home/joel/ros2_jazzy/install/ros2test:/home/joel/ros2_jazzy/install/ros2param:/home/joel/ros2_jazzy/install/ros2lifecycle:/home/joel/ros2_jazzy/install/ros2service:/home/joel/ros2_jazzy/install/ros2run:/home/joel/ros2_jazzy/install/ros2launch:/home/joel/ros2_jazzy/install/ros2pkg:/home/joel/ros2_jazzy/install/ros2node:/home/joel/ros2_jazzy/install/ros2multicast:/home/joel/ros2_jazzy/install/ros2interface:/home/joel/ros2_jazzy/install/ros2action:/home/joel/ros2_jazzy/install/ros2cli:/home/joel/ros2_jazzy/install/launch_testing_ros:/home/joel/ros2_jazzy/install/launch_ros:/home/joel/ros2_jazzy/install/examples_rclpy_minimal_action_server:/home/joel/ros2_jazzy/install/examples_rclpy_minimal_action_client:/home/joel/ros2_jazzy/install/examples_rclpy_guard_conditions:/home/joel/ros2_jazzy/install/action_tutorials_py:/home/joel/ros2_jazzy/install/ament_uncrustify:/home/joel/ros2_jazzy/install/tracetools_trace:/home/joel/ros2_jazzy/install/tracetools_read:/home/joel/ros2_jazzy/install/test_tracetools_launch:/home/joel/ros2_jazzy/install/test_ros2trace:/home/joel/ros2_jazzy/install/test_launch_ros:/home/joel/ros2_jazzy/install/rpyutils:/home/joel/ros2_jazzy/install/rosidl_runtime_py:/home/joel/ros2_jazzy/install/rosidl_pycommon:/home/joel/ros2_jazzy/install/rosidl_cli:/home/joel/ros2_jazzy/install/launch_pytest:/home/joel/ros2_jazzy/install/launch_testing:/home/joel/ros2_jazzy/install/launch_yaml:/home/joel/ros2_jazzy/install/launch_xml:/home/joel/ros2_jazzy/install/launch:/home/joel/ros2_jazzy/install/osrf_pycommon:/home/joel/ros2_jazzy/install/domain_coordinator:/home/joel/ros2_jazzy/install/ament_xmllint:/home/joel/ros2_jazzy/install/ament_pyflakes:/home/joel/ros2_jazzy/install/ament_pycodestyle:/home/joel/ros2_jazzy/install/ament_pep257:/home/joel/ros2_jazzy/install/ament_pclint:/home/joel/ros2_jazzy/install/ament_package:/home/joel/ros2_jazzy/install/ament_mypy:/home/joel/ros2_jazzy/install/ament_lint_cmake:/home/joel/ros2_jazzy/install/ament_flake8:/home/joel/ros2_jazzy/install/ament_copyright:/home/joel/ros2_jazzy/install/ament_lint:/home/joel/ros2_jazzy/install/ament_index_python:/home/joel/ros2_jazzy/install/ament_cpplint:/home/joel/ros2_jazzy/install/ament_cppcheck:/home/joel/ros2_jazzy/install/ament_clang_tidy:/home/joel/ros2_jazzy/install/ament_clang_format:/opt/ros/jazzy DEBUGINFOD_URLS=https://debuginfod.ubuntu.com LD_LIBRARY_PATH=/home/joel/vsC/Self-Driving-and-ROS-2-Learn-by-Doing-Plan-Navigation/Section3_Introduction_to_ROS_2/bumperbot_ws/install/bumperbot_msgs/lib:${LD_LIBRARY_PATH} PYTHONPATH=/home/joel/vsC/Self-Driving-and-ROS-2-Learn-by-Doing-Plan-Navigation/Section3_Introduction_to_ROS_2/bumperbot_ws/install/bumperbot_msgs/lib/python3.12/site-packages:${PYTHONPATH} /usr/bin/cmake --build /home/joel/vsC/Self-Driving-and-ROS-2-Learn-by-Doing-Plan-Navigation/Section3_Introduction_to_ROS_2/bumperbot_ws/build/bumperbot_cpp_examples -- -j8 -l8
[79.143s] DEBUG:colcon.colcon_core.event_handler.log_command:Invoking command in '/home/joel/vsC/Self-Driving-and-ROS-2-Learn-by-Doing-Plan-Navigation/Section3_Introduction_to_ROS_2/bumperbot_ws/build/bumperbot_cpp_examples': AMENT_PREFIX_PATH=/home/joel/vsC/Self-Driving-and-ROS-2-Learn-by-Doing-Plan-Navigation/Section3_Introduction_to_ROS_2/bumperbot_ws/install/bumperbot_msgs:${AMENT_PREFIX_PATH} CMAKE_PREFIX_PATH=/home/joel/vsC/Self-Driving-and-ROS-2-Learn-by-Doing-Plan-Navigation/Section3_Introduction_to_ROS_2/bumperbot_ws/install/bumperbot_msgs:/home/joel/ros2_jazzy/install/rosbag2:/home/joel/ros2_jazzy/install/rosbag2_storage_default_plugins:/home/joel/ros2_jazzy/install/rosbag2_storage_mcap:/home/joel/ros2_jazzy/install/rosbag2_compression_zstd:/home/joel/ros2_jazzy/install/mcap_vendor:/home/joel/ros2_jazzy/install/zstd_vendor:/home/joel/ros2_jazzy/install/rviz_visual_testing_framework:/home/joel/ros2_jazzy/install/rviz2:/home/joel/ros2_jazzy/install/rviz_default_plugins:/home/joel/ros2_jazzy/install/rviz_common:/home/joel/ros2_jazzy/install/rosbag2_py:/home/joel/ros2_jazzy/install/rosbag2_transport:/home/joel/ros2_jazzy/install/rosbag2_storage_sqlite3:/home/joel/ros2_jazzy/install/rosbag2_examples_cpp:/home/joel/ros2_jazzy/install/rosbag2_compression:/home/joel/ros2_jazzy/install/rosbag2_cpp:/home/joel/ros2_jazzy/install/rosbag2_storage:/home/joel/ros2_jazzy/install/image_common:/home/joel/ros2_jazzy/install/camera_info_manager:/home/joel/ros2_jazzy/install/camera_calibration_parsers:/home/joel/ros2_jazzy/install/yaml_cpp_vendor:/home/joel/ros2_jazzy/install/interactive_markers:/home/joel/ros2_jazzy/install/common_interfaces:/home/joel/ros2_jazzy/install/visualization_msgs:/home/joel/ros2_jazzy/install/mobile_robot:/home/joel/ros2_jazzy/install/dummy_robot_bringup:/home/joel/ros2_jazzy/install/robot_state_publisher:/home/joel/ros2_jazzy/install/kdl_parser:/home/joel/ros2_jazzy/install/urdf:/home/joel/ros2_jazzy/install/urdfdom:/home/joel/ros2_jazzy/install/urdf_parser_plugin:/home/joel/ros2_jazzy/install/urdfdom_headers:/home/joel/ros2_jazzy/install/turtlesim:/home/joel/ros2_jazzy/install/trajectory_msgs:/home/joel/ros2_jazzy/install/topic_statistics_demo:/home/joel/ros2_jazzy/install/pendulum_control:/home/joel/ros2_jazzy/install/tlsf_cpp:/home/joel/ros2_jazzy/install/geometry2:/home/joel/ros2_jazzy/install/tf2_sensor_msgs:/home/joel/ros2_jazzy/install/test_tf2:/home/joel/ros2_jazzy/install/tf2_kdl:/home/joel/ros2_jazzy/install/tf2_geometry_msgs:/home/joel/ros2_jazzy/install/tf2_eigen:/home/joel/ros2_jazzy/install/tf2_bullet:/home/joel/ros2_jazzy/install/tf2_ros:/home/joel/ros2_jazzy/install/tf2_py:/home/joel/ros2_jazzy/install/tf2_msgs:/home/joel/ros2_jazzy/install/tf2_eigen_kdl:/home/joel/ros2_jazzy/install/laser_geometry:/home/joel/ros2_jazzy/install/tf2:/home/joel/ros2_jazzy/install/test_tracetools:/home/joel/ros2_jazzy/install/rosbag2_test_common:/home/joel/ros2_jazzy/install/test_msgs:/home/joel/ros2_jazzy/install/test_communication:/home/joel/ros2_jazzy/install/stereo_msgs:/home/joel/ros2_jazzy/install/std_srvs:/home/joel/ros2_jazzy/install/shape_msgs:/home/joel/ros2_jazzy/install/quality_of_service_demo_cpp:/home/joel/ros2_jazzy/install/point_cloud_transport_py:/home/joel/ros2_jazzy/install/point_cloud_transport:/home/joel/ros2_jazzy/install/map_msgs:/home/joel/ros2_jazzy/install/intra_process_demo:/home/joel/ros2_jazzy/install/image_transport:/home/joel/ros2_jazzy/install/image_tools:/home/joel/ros2_jazzy/install/dummy_sensors:/home/joel/ros2_jazzy/install/sensor_msgs:/home/joel/ros2_jazzy/install/ros2cli_common_extensions:/home/joel/ros2_jazzy/install/dummy_map_server:/home/joel/ros2_jazzy/install/nav_msgs:/home/joel/ros2_jazzy/install/message_filters:/home/joel/ros2_jazzy/install/logging_demo:/home/joel/ros2_jazzy/install/lifecycle:/home/joel/ros2_jazzy/install/diagnostic_msgs:/home/joel/ros2_jazzy/install/geometry_msgs:/home/joel/ros2_jazzy/install/examples_rclcpp_wait_set:/home/joel/ros2_jazzy/install/examples_rclcpp_multithreaded_executor:/home/joel/ros2_jazzy/install/examples_rclcpp_minimal_subscriber:/home/joel/ros2_jazzy/install/examples_rclcpp_minimal_publisher:/home/joel/ros2_jazzy/install/examples_rclcpp_minimal_composition:/home/joel/ros2_jazzy/install/examples_rclcpp_cbg_executor:/home/joel/ros2_jazzy/install/demo_nodes_cpp_native:/home/joel/ros2_jazzy/install/demo_nodes_cpp:/home/joel/ros2_jazzy/install/composition:/home/joel/ros2_jazzy/install/actionlib_msgs:/home/joel/ros2_jazzy/install/std_msgs:/home/joel/ros2_jazzy/install/rqt_gui_cpp:/home/joel/ros2_jazzy/install/ros2lifecycle_test_fixtures:/home/joel/ros2_jazzy/install/rclcpp_lifecycle:/home/joel/ros2_jazzy/install/action_tutorials_cpp:/home/joel/ros2_jazzy/install/rclcpp_components:/home/joel/ros2_jazzy/install/examples_rclcpp_minimal_action_server:/home/joel/ros2_jazzy/install/examples_rclcpp_minimal_action_client:/home/joel/ros2_jazzy/install/rclcpp_action:/home/joel/ros2_jazzy/install/examples_rclcpp_minimal_timer:/home/joel/ros2_jazzy/install/examples_rclcpp_minimal_service:/home/joel/ros2_jazzy/install/examples_rclcpp_minimal_client:/home/joel/ros2_jazzy/install/examples_rclcpp_async_client:/home/joel/ros2_jazzy/install/rclcpp:/home/joel/ros2_jazzy/install/libstatistics_collector:/home/joel/ros2_jazzy/install/statistics_msgs:/home/joel/ros2_jazzy/install/sros2_cmake:/home/joel/ros2_jazzy/install/rqt_py_common:/home/joel/ros2_jazzy/install/ros_testing:/home/joel/ros2_jazzy/install/rclpy:/home/joel/ros2_jazzy/install/rosgraph_msgs:/home/joel/ros2_jazzy/install/rosbag2_interfaces:/home/joel/ros2_jazzy/install/ros2cli_test_interfaces:/home/joel/ros2_jazzy/install/rcl_lifecycle:/home/joel/ros2_jazzy/install/rcl_action:/home/joel/ros2_jazzy/install/rcl:/home/joel/ros2_jazzy/install/rmw_implementation:/home/joel/ros2_jazzy/install/rmw_fastrtps_dynamic_cpp:/home/joel/ros2_jazzy/install/rmw_fastrtps_cpp:/home/joel/ros2_jazzy/install/rmw_fastrtps_shared_cpp:/home/joel/ros2_jazzy/install/rmw_cyclonedds_cpp:/home/joel/ros2_jazzy/install/rmw_connextddsmicro:/home/joel/ros2_jazzy/install/rmw_connextdds:/home/joel/ros2_jazzy/install/rmw_connextdds_common:/home/joel/ros2_jazzy/install/rmw_dds_common:/home/joel/ros2_jazzy/install/composition_interfaces:/home/joel/ros2_jazzy/install/rcl_interfaces:/home/joel/ros2_jazzy/install/pendulum_msgs:/home/joel/ros2_jazzy/install/lifecycle_msgs:/home/joel/ros2_jazzy/install/example_interfaces:/home/joel/ros2_jazzy/install/action_tutorials_interfaces:/home/joel/ros2_jazzy/install/rosidl_default_runtime:/home/joel/ros2_jazzy/install/rosidl_default_generators:/home/joel/ros2_jazzy/install/action_msgs:/home/joel/ros2_jazzy/install/unique_identifier_msgs:/home/joel/ros2_jazzy/install/type_description_interfaces:/home/joel/ros2_jazzy/install/service_msgs:/home/joel/ros2_jazzy/install/builtin_interfaces:/home/joel/ros2_jazzy/install/rosidl_core_runtime:/home/joel/ros2_jazzy/install/rosidl_core_generators:/home/joel/ros2_jazzy/install/rosidl_generator_py:/home/joel/ros2_jazzy/install/ament_lint_common:/home/joel/ros2_jazzy/install/ament_cmake_uncrustify:/home/joel/ros2_jazzy/install/uncrustify_vendor:/home/joel/ros2_jazzy/install/tracetools:/home/joel/ros2_jazzy/install/tlsf:/home/joel/ros2_jazzy/install/qt_gui_core:/home/joel/ros2_jazzy/install/qt_gui_cpp:/home/joel/ros2_jazzy/install/pluginlib:/home/joel/ros2_jazzy/install/tinyxml2_vendor:/home/joel/ros2_jazzy/install/test_security:/home/joel/ros2_jazzy/install/test_rmw_implementation:/home/joel/ros2_jazzy/install/test_rclcpp:/home/joel/ros2_jazzy/install/test_quality_of_service:/home/joel/ros2_jazzy/install/test_launch_testing:/home/joel/ros2_jazzy/install/test_interface_files:/home/joel/ros2_jazzy/install/test_cli_remapping:/home/joel/ros2_jazzy/install/test_cli:/home/joel/ros2_jazzy/install/qt_gui_app:/home/joel/ros2_jazzy/install/qt_gui:/home/joel/ros2_jazzy/install/tango_icons_vendor:/home/joel/ros2_jazzy/install/sqlite3_vendor:/home/joel/ros2_jazzy/install/rcl_logging_spdlog:/home/joel/ros2_jazzy/install/spdlog_vendor:/home/joel/ros2_jazzy/install/shared_queues_vendor:/home/joel/ros2_jazzy/install/rviz_rendering_tests:/home/joel/ros2_jazzy/install/rviz_rendering:/home/joel/ros2_jazzy/install/rviz_ogre_vendor:/home/joel/ros2_jazzy/install/rviz_assimp_vendor:/home/joel/ros2_jazzy/install/rttest:/home/joel/ros2_jazzy/install/rti_connext_dds_cmake_module:/home/joel/ros2_jazzy/install/lttngpy:/home/joel/ros2_jazzy/install/rosidl_typesupport_tests:/home/joel/ros2_jazzy/install/rosidl_typesupport_introspection_tests:/home/joel/ros2_jazzy/install/rosidl_typesupport_cpp:/home/joel/ros2_jazzy/install/rosidl_typesupport_introspection_cpp:/home/joel/ros2_jazzy/install/rosidl_typesupport_c:/home/joel/ros2_jazzy/install/rosidl_typesupport_introspection_c:/home/joel/ros2_jazzy/install/rosidl_typesupport_fastrtps_c:/home/joel/ros2_jazzy/install/rosidl_typesupport_fastrtps_cpp:/home/joel/ros2_jazzy/install/rosidl_generator_cpp:/home/joel/ros2_jazzy/install/rosidl_runtime_cpp:/home/joel/ros2_jazzy/install/rosidl_dynamic_typesupport_fastrtps:/home/joel/ros2_jazzy/install/rcl_yaml_param_parser:/home/joel/ros2_jazzy/install/rmw:/home/joel/ros2_jazzy/install/rosidl_dynamic_typesupport:/home/joel/ros2_jazzy/install/rosidl_runtime_c:/home/joel/ros2_jazzy/install/rosidl_generator_c:/home/joel/ros2_jazzy/install/rosidl_typesupport_interface:/home/joel/ros2_jazzy/install/rosidl_generator_dds_idl:/home/joel/ros2_jazzy/install/rosidl_cmake:/home/joel/ros2_jazzy/install/rosidl_generator_type_description:/home/joel/ros2_jazzy/install/rosidl_parser:/home/joel/ros2_jazzy/install/rosidl_generator_tests:/home/joel/ros2_jazzy/install/rosidl_adapter:/home/joel/ros2_jazzy/install/rosbag2_tests:/home/joel/ros2_jazzy/install/rosbag2_test_msgdefs:/home/joel/ros2_jazzy/install/ros_environment:/home/joel/ros2_jazzy/install/rmw_implementation_cmake:/home/joel/ros2_jazzy/install/resource_retriever:/home/joel/ros2_jazzy/install/class_loader:/home/joel/ros2_jazzy/install/rcpputils:/home/joel/ros2_jazzy/install/rcl_logging_noop:/home/joel/ros2_jazzy/install/rcl_logging_interface:/home/joel/ros2_jazzy/install/rcutils:/home/joel/ros2_jazzy/install/qt_gui_py_common:/home/joel/ros2_jazzy/install/qt_dotgraph:/home/joel/ros2_jazzy/install/python_qt_binding:/home/joel/ros2_jazzy/install/python_orocos_kdl_vendor:/home/joel/ros2_jazzy/install/launch_testing_ament_cmake:/home/joel/ros2_jazzy/install/python_cmake_module:/home/joel/ros2_jazzy/install/pybind11_vendor:/home/joel/ros2_jazzy/install/performance_test_fixture:/home/joel/ros2_jazzy/install/osrf_testing_tools_cpp:/home/joel/ros2_jazzy/install/orocos_kdl_vendor:/home/joel/ros2_jazzy/install/mimick_vendor:/home/joel/ros2_jazzy/install/libyaml_vendor:/home/joel/ros2_jazzy/install/liblz4_vendor:/home/joel/ros2_jazzy/install/libcurl_vendor:/home/joel/ros2_jazzy/install/keyboard_handler:/home/joel/ros2_jazzy/install/iceoryx_introspection:/home/joel/ros2_jazzy/install/cyclonedds:/home/joel/ros2_jazzy/install/iceoryx_posh:/home/joel/ros2_jazzy/install/iceoryx_hoofs:/home/joel/ros2_jazzy/install/iceoryx_binding_c:/home/joel/ros2_jazzy/install/gz_math_vendor:/home/joel/ros2_jazzy/install/gz_utils_vendor:/home/joel/ros2_jazzy/install/gz_cmake_vendor:/home/joel/ros2_jazzy/install/ament_cmake_ros:/home/joel/ros2_jazzy/install/ament_cmake_auto:/home/joel/ros2_jazzy/install/ament_cmake_gmock:/home/joel/ros2_jazzy/install/gmock_vendor:/home/joel/ros2_jazzy/install/fastrtps:/home/joel/ros2_jazzy/install/fastcdr:/home/joel/ros2_jazzy/install/ament_cmake_gtest:/home/joel/ros2_jazzy/install/gtest_vendor:/home/joel/ros2_jazzy/install/ament_cmake_google_benchmark:/home/joel/ros2_jazzy/install/google_benchmark_vendor:/home/joel/ros2_jazzy/install/foonathan_memory_vendor:/home/joel/ros2_jazzy/install/fastrtps_cmake_module:/home/joel/ros2_jazzy/install/eigen3_cmake_module:/home/joel/ros2_jazzy/install/console_bridge_vendor:/home/joel/ros2_jazzy/install/ament_cmake_xmllint:/home/joel/ros2_jazzy/install/ament_cmake_pyflakes:/home/joel/ros2_jazzy/install/ament_cmake_pycodestyle:/home/joel/ros2_jazzy/install/ament_cmake_pep257:/home/joel/ros2_jazzy/install/ament_cmake_pclint:/home/joel/ros2_jazzy/install/ament_lint_auto:/home/joel/ros2_jazzy/install/ament_cmake:/home/joel/ros2_jazzy/install/ament_cmake_version:/home/joel/ros2_jazzy/install/ament_cmake_vendor_package:/home/joel/ros2_jazzy/install/ament_cmake_pytest:/home/joel/ros2_jazzy/install/ament_cmake_mypy:/home/joel/ros2_jazzy/install/ament_cmake_lint_cmake:/home/joel/ros2_jazzy/install/ament_cmake_flake8:/home/joel/ros2_jazzy/install/ament_cmake_cpplint:/home/joel/ros2_jazzy/install/ament_cmake_cppcheck:/home/joel/ros2_jazzy/install/ament_cmake_copyright:/home/joel/ros2_jazzy/install/ament_cmake_clang_tidy:/home/joel/ros2_jazzy/install/ament_cmake_clang_format:/home/joel/ros2_jazzy/install/ament_cmake_test:/home/joel/ros2_jazzy/install/ament_cmake_target_dependencies:/home/joel/ros2_jazzy/install/ament_cmake_python:/home/joel/ros2_jazzy/install/ament_cmake_export_dependencies:/home/joel/ros2_jazzy/install/ament_cmake_libraries:/home/joel/ros2_jazzy/install/ament_cmake_include_directories:/home/joel/ros2_jazzy/install/ament_cmake_gen_version_h:/home/joel/ros2_jazzy/install/ament_cmake_export_targets:/home/joel/ros2_jazzy/install/ament_cmake_export_link_flags:/home/joel/ros2_jazzy/install/ament_cmake_export_interfaces:/home/joel/ros2_jazzy/install/ament_cmake_export_libraries:/home/joel/ros2_jazzy/install/ament_cmake_export_include_directories:/home/joel/ros2_jazzy/install/ament_cmake_export_definitions:/home/joel/ros2_jazzy/install/ament_cmake_core:/home/joel/ros2_jazzy/install/ament_index_cpp:/opt/ros/jazzy/opt/gz_sim_vendor:/opt/ros/jazzy/opt/gz_sensors_vendor:/opt/ros/jazzy/opt/gz_physics_vendor:/opt/ros/jazzy/opt/sdformat_vendor:/opt/ros/jazzy/opt/gz_gui_vendor:/opt/ros/jazzy/opt/gz_transport_vendor:/opt/ros/jazzy/opt/gz_rendering_vendor:/opt/ros/jazzy/opt/gz_plugin_vendor:/opt/ros/jazzy/opt/gz_fuel_tools_vendor:/opt/ros/jazzy/opt/gz_msgs_vendor:/opt/ros/jazzy/opt/gz_common_vendor:/opt/ros/jazzy/opt/gz_math_vendor:/opt/ros/jazzy/opt/gz_utils_vendor:/opt/ros/jazzy/opt/gz_tools_vendor:/opt/ros/jazzy/opt/gz_ogre_next_vendor:/opt/ros/jazzy/opt/gz_dartsim_vendor:/opt/ros/jazzy/opt/gz_cmake_vendor:/home/joel/ros2_jazzy/install/rqt_bag_plugins:/home/joel/ros2_jazzy/install/rqt_bag:/home/joel/ros2_jazzy/install/rosbag2_examples_py:/home/joel/ros2_jazzy/install/launch_testing_examples:/home/joel/ros2_jazzy/install/ros2bag:/home/joel/ros2_jazzy/install/tracetools_test:/home/joel/ros2_jazzy/install/tracetools_launch:/home/joel/ros2_jazzy/install/topic_monitor:/home/joel/ros2_jazzy/install/tf2_tools:/home/joel/ros2_jazzy/install/examples_tf2_py:/home/joel/ros2_jazzy/install/tf2_ros_py:/home/joel/ros2_jazzy/install/examples_rclpy_pointcloud_publisher:/home/joel/ros2_jazzy/install/sensor_msgs_py:/home/joel/ros2_jazzy/install/quality_of_service_demo_py:/home/joel/ros2_jazzy/install/camera_info_manager_py:/home/joel/ros2_jazzy/install/rqt_plot:/home/joel/ros2_jazzy/install/ros2doctor:/home/joel/ros2_jazzy/install/lifecycle_py:/home/joel/ros2_jazzy/install/examples_rclpy_minimal_subscriber:/home/joel/ros2_jazzy/install/examples_rclpy_minimal_service:/home/joel/ros2_jazzy/install/examples_rclpy_minimal_publisher:/home/joel/ros2_jazzy/install/examples_rclpy_minimal_client:/home/joel/ros2_jazzy/install/examples_rclpy_executors:/home/joel/ros2_jazzy/install/demo_nodes_py:/home/joel/ros2_jazzy/install/rqt:/home/joel/ros2_jazzy/install/ros2component:/home/joel/ros2_jazzy/install/sros2:/home/joel/ros2_jazzy/install/rqt_topic:/home/joel/ros2_jazzy/install/rqt_srv:/home/joel/ros2_jazzy/install/rqt_shell:/home/joel/ros2_jazzy/install/rqt_service_caller:/home/joel/ros2_jazzy/install/rqt_reconfigure:/home/joel/ros2_jazzy/install/rqt_py_console:/home/joel/ros2_jazzy/install/rqt_publisher:/home/joel/ros2_jazzy/install/rqt_action:/home/joel/ros2_jazzy/install/rqt_msg:/home/joel/ros2_jazzy/install/rqt_console:/home/joel/ros2_jazzy/install/rqt_graph:/home/joel/ros2_jazzy/install/rqt_gui_py:/home/joel/ros2_jazzy/install/rqt_gui:/home/joel/ros2_jazzy/install/ros2trace:/home/joel/ros2_jazzy/install/ros2topic:/home/joel/ros2_jazzy/install/ros2test:/home/joel/ros2_jazzy/install/ros2param:/home/joel/ros2_jazzy/install/ros2lifecycle:/home/joel/ros2_jazzy/install/ros2service:/home/joel/ros2_jazzy/install/ros2run:/home/joel/ros2_jazzy/install/ros2launch:/home/joel/ros2_jazzy/install/ros2pkg:/home/joel/ros2_jazzy/install/ros2node:/home/joel/ros2_jazzy/install/ros2multicast:/home/joel/ros2_jazzy/install/ros2interface:/home/joel/ros2_jazzy/install/ros2action:/home/joel/ros2_jazzy/install/ros2cli:/home/joel/ros2_jazzy/install/launch_testing_ros:/home/joel/ros2_jazzy/install/launch_ros:/home/joel/ros2_jazzy/install/examples_rclpy_minimal_action_server:/home/joel/ros2_jazzy/install/examples_rclpy_minimal_action_client:/home/joel/ros2_jazzy/install/examples_rclpy_guard_conditions:/home/joel/ros2_jazzy/install/action_tutorials_py:/home/joel/ros2_jazzy/install/ament_uncrustify:/home/joel/ros2_jazzy/install/tracetools_trace:/home/joel/ros2_jazzy/install/tracetools_read:/home/joel/ros2_jazzy/install/test_tracetools_launch:/home/joel/ros2_jazzy/install/test_ros2trace:/home/joel/ros2_jazzy/install/test_launch_ros:/home/joel/ros2_jazzy/install/rpyutils:/home/joel/ros2_jazzy/install/rosidl_runtime_py:/home/joel/ros2_jazzy/install/rosidl_pycommon:/home/joel/ros2_jazzy/install/rosidl_cli:/home/joel/ros2_jazzy/install/launch_pytest:/home/joel/ros2_jazzy/install/launch_testing:/home/joel/ros2_jazzy/install/launch_yaml:/home/joel/ros2_jazzy/install/launch_xml:/home/joel/ros2_jazzy/install/launch:/home/joel/ros2_jazzy/install/osrf_pycommon:/home/joel/ros2_jazzy/install/domain_coordinator:/home/joel/ros2_jazzy/install/ament_xmllint:/home/joel/ros2_jazzy/install/ament_pyflakes:/home/joel/ros2_jazzy/install/ament_pycodestyle:/home/joel/ros2_jazzy/install/ament_pep257:/home/joel/ros2_jazzy/install/ament_pclint:/home/joel/ros2_jazzy/install/ament_package:/home/joel/ros2_jazzy/install/ament_mypy:/home/joel/ros2_jazzy/install/ament_lint_cmake:/home/joel/ros2_jazzy/install/ament_flake8:/home/joel/ros2_jazzy/install/ament_copyright:/home/joel/ros2_jazzy/install/ament_lint:/home/joel/ros2_jazzy/install/ament_index_python:/home/joel/ros2_jazzy/install/ament_cpplint:/home/joel/ros2_jazzy/install/ament_cppcheck:/home/joel/ros2_jazzy/install/ament_clang_tidy:/home/joel/ros2_jazzy/install/ament_clang_format:/opt/ros/jazzy DEBUGINFOD_URLS=https://debuginfod.ubuntu.com LD_LIBRARY_PATH=/home/joel/vsC/Self-Driving-and-ROS-2-Learn-by-Doing-Plan-Navigation/Section3_Introduction_to_ROS_2/bumperbot_ws/install/bumperbot_msgs/lib:${LD_LIBRARY_PATH} PYTHONPATH=/home/joel/vsC/Self-Driving-and-ROS-2-Learn-by-Doing-Plan-Navigation/Section3_Introduction_to_ROS_2/bumperbot_ws/install/bumperbot_msgs/lib/python3.12/site-packages:${PYTHONPATH} /usr/bin/cmake --install /home/joel/vsC/Self-Driving-and-ROS-2-Learn-by-Doing-Plan-Navigation/Section3_Introduction_to_ROS_2/bumperbot_ws/build/bumperbot_cpp_examples
[79.193s] Level 1:colcon.colcon_core.environment:create_environment_scripts_only(bumperbot_cpp_examples)
[79.193s] Level 1:colcon.colcon_core.environment:checking '/home/joel/vsC/Self-Driving-and-ROS-2-Learn-by-Doing-Plan-Navigation/Section3_Introduction_to_ROS_2/bumperbot_ws/install/bumperbot_cpp_examples' for CMake module files
[79.194s] DEBUG:colcon.colcon_core.event_handler.log_command:Invoked command in '/home/joel/vsC/Self-Driving-and-ROS-2-Learn-by-Doing-Plan-Navigation/Section3_Introduction_to_ROS_2/bumperbot_ws/build/bumperbot_cpp_examples' returned '0': AMENT_PREFIX_PATH=/home/joel/vsC/Self-Driving-and-ROS-2-Learn-by-Doing-Plan-Navigation/Section3_Introduction_to_ROS_2/bumperbot_ws/install/bumperbot_msgs:${AMENT_PREFIX_PATH} CMAKE_PREFIX_PATH=/home/joel/vsC/Self-Driving-and-ROS-2-Learn-by-Doing-Plan-Navigation/Section3_Introduction_to_ROS_2/bumperbot_ws/install/bumperbot_msgs:/home/joel/ros2_jazzy/install/rosbag2:/home/joel/ros2_jazzy/install/rosbag2_storage_default_plugins:/home/joel/ros2_jazzy/install/rosbag2_storage_mcap:/home/joel/ros2_jazzy/install/rosbag2_compression_zstd:/home/joel/ros2_jazzy/install/mcap_vendor:/home/joel/ros2_jazzy/install/zstd_vendor:/home/joel/ros2_jazzy/install/rviz_visual_testing_framework:/home/joel/ros2_jazzy/install/rviz2:/home/joel/ros2_jazzy/install/rviz_default_plugins:/home/joel/ros2_jazzy/install/rviz_common:/home/joel/ros2_jazzy/install/rosbag2_py:/home/joel/ros2_jazzy/install/rosbag2_transport:/home/joel/ros2_jazzy/install/rosbag2_storage_sqlite3:/home/joel/ros2_jazzy/install/rosbag2_examples_cpp:/home/joel/ros2_jazzy/install/rosbag2_compression:/home/joel/ros2_jazzy/install/rosbag2_cpp:/home/joel/ros2_jazzy/install/rosbag2_storage:/home/joel/ros2_jazzy/install/image_common:/home/joel/ros2_jazzy/install/camera_info_manager:/home/joel/ros2_jazzy/install/camera_calibration_parsers:/home/joel/ros2_jazzy/install/yaml_cpp_vendor:/home/joel/ros2_jazzy/install/interactive_markers:/home/joel/ros2_jazzy/install/common_interfaces:/home/joel/ros2_jazzy/install/visualization_msgs:/home/joel/ros2_jazzy/install/mobile_robot:/home/joel/ros2_jazzy/install/dummy_robot_bringup:/home/joel/ros2_jazzy/install/robot_state_publisher:/home/joel/ros2_jazzy/install/kdl_parser:/home/joel/ros2_jazzy/install/urdf:/home/joel/ros2_jazzy/install/urdfdom:/home/joel/ros2_jazzy/install/urdf_parser_plugin:/home/joel/ros2_jazzy/install/urdfdom_headers:/home/joel/ros2_jazzy/install/turtlesim:/home/joel/ros2_jazzy/install/trajectory_msgs:/home/joel/ros2_jazzy/install/topic_statistics_demo:/home/joel/ros2_jazzy/install/pendulum_control:/home/joel/ros2_jazzy/install/tlsf_cpp:/home/joel/ros2_jazzy/install/geometry2:/home/joel/ros2_jazzy/install/tf2_sensor_msgs:/home/joel/ros2_jazzy/install/test_tf2:/home/joel/ros2_jazzy/install/tf2_kdl:/home/joel/ros2_jazzy/install/tf2_geometry_msgs:/home/joel/ros2_jazzy/install/tf2_eigen:/home/joel/ros2_jazzy/install/tf2_bullet:/home/joel/ros2_jazzy/install/tf2_ros:/home/joel/ros2_jazzy/install/tf2_py:/home/joel/ros2_jazzy/install/tf2_msgs:/home/joel/ros2_jazzy/install/tf2_eigen_kdl:/home/joel/ros2_jazzy/install/laser_geometry:/home/joel/ros2_jazzy/install/tf2:/home/joel/ros2_jazzy/install/test_tracetools:/home/joel/ros2_jazzy/install/rosbag2_test_common:/home/joel/ros2_jazzy/install/test_msgs:/home/joel/ros2_jazzy/install/test_communication:/home/joel/ros2_jazzy/install/stereo_msgs:/home/joel/ros2_jazzy/install/std_srvs:/home/joel/ros2_jazzy/install/shape_msgs:/home/joel/ros2_jazzy/install/quality_of_service_demo_cpp:/home/joel/ros2_jazzy/install/point_cloud_transport_py:/home/joel/ros2_jazzy/install/point_cloud_transport:/home/joel/ros2_jazzy/install/map_msgs:/home/joel/ros2_jazzy/install/intra_process_demo:/home/joel/ros2_jazzy/install/image_transport:/home/joel/ros2_jazzy/install/image_tools:/home/joel/ros2_jazzy/install/dummy_sensors:/home/joel/ros2_jazzy/install/sensor_msgs:/home/joel/ros2_jazzy/install/ros2cli_common_extensions:/home/joel/ros2_jazzy/install/dummy_map_server:/home/joel/ros2_jazzy/install/nav_msgs:/home/joel/ros2_jazzy/install/message_filters:/home/joel/ros2_jazzy/install/logging_demo:/home/joel/ros2_jazzy/install/lifecycle:/home/joel/ros2_jazzy/install/diagnostic_msgs:/home/joel/ros2_jazzy/install/geometry_msgs:/home/joel/ros2_jazzy/install/examples_rclcpp_wait_set:/home/joel/ros2_jazzy/install/examples_rclcpp_multithreaded_executor:/home/joel/ros2_jazzy/install/examples_rclcpp_minimal_subscriber:/home/joel/ros2_jazzy/install/examples_rclcpp_minimal_publisher:/home/joel/ros2_jazzy/install/examples_rclcpp_minimal_composition:/home/joel/ros2_jazzy/install/examples_rclcpp_cbg_executor:/home/joel/ros2_jazzy/install/demo_nodes_cpp_native:/home/joel/ros2_jazzy/install/demo_nodes_cpp:/home/joel/ros2_jazzy/install/composition:/home/joel/ros2_jazzy/install/actionlib_msgs:/home/joel/ros2_jazzy/install/std_msgs:/home/joel/ros2_jazzy/install/rqt_gui_cpp:/home/joel/ros2_jazzy/install/ros2lifecycle_test_fixtures:/home/joel/ros2_jazzy/install/rclcpp_lifecycle:/home/joel/ros2_jazzy/install/action_tutorials_cpp:/home/joel/ros2_jazzy/install/rclcpp_components:/home/joel/ros2_jazzy/install/examples_rclcpp_minimal_action_server:/home/joel/ros2_jazzy/install/examples_rclcpp_minimal_action_client:/home/joel/ros2_jazzy/install/rclcpp_action:/home/joel/ros2_jazzy/install/examples_rclcpp_minimal_timer:/home/joel/ros2_jazzy/install/examples_rclcpp_minimal_service:/home/joel/ros2_jazzy/install/examples_rclcpp_minimal_client:/home/joel/ros2_jazzy/install/examples_rclcpp_async_client:/home/joel/ros2_jazzy/install/rclcpp:/home/joel/ros2_jazzy/install/libstatistics_collector:/home/joel/ros2_jazzy/install/statistics_msgs:/home/joel/ros2_jazzy/install/sros2_cmake:/home/joel/ros2_jazzy/install/rqt_py_common:/home/joel/ros2_jazzy/install/ros_testing:/home/joel/ros2_jazzy/install/rclpy:/home/joel/ros2_jazzy/install/rosgraph_msgs:/home/joel/ros2_jazzy/install/rosbag2_interfaces:/home/joel/ros2_jazzy/install/ros2cli_test_interfaces:/home/joel/ros2_jazzy/install/rcl_lifecycle:/home/joel/ros2_jazzy/install/rcl_action:/home/joel/ros2_jazzy/install/rcl:/home/joel/ros2_jazzy/install/rmw_implementation:/home/joel/ros2_jazzy/install/rmw_fastrtps_dynamic_cpp:/home/joel/ros2_jazzy/install/rmw_fastrtps_cpp:/home/joel/ros2_jazzy/install/rmw_fastrtps_shared_cpp:/home/joel/ros2_jazzy/install/rmw_cyclonedds_cpp:/home/joel/ros2_jazzy/install/rmw_connextddsmicro:/home/joel/ros2_jazzy/install/rmw_connextdds:/home/joel/ros2_jazzy/install/rmw_connextdds_common:/home/joel/ros2_jazzy/install/rmw_dds_common:/home/joel/ros2_jazzy/install/composition_interfaces:/home/joel/ros2_jazzy/install/rcl_interfaces:/home/joel/ros2_jazzy/install/pendulum_msgs:/home/joel/ros2_jazzy/install/lifecycle_msgs:/home/joel/ros2_jazzy/install/example_interfaces:/home/joel/ros2_jazzy/install/action_tutorials_interfaces:/home/joel/ros2_jazzy/install/rosidl_default_runtime:/home/joel/ros2_jazzy/install/rosidl_default_generators:/home/joel/ros2_jazzy/install/action_msgs:/home/joel/ros2_jazzy/install/unique_identifier_msgs:/home/joel/ros2_jazzy/install/type_description_interfaces:/home/joel/ros2_jazzy/install/service_msgs:/home/joel/ros2_jazzy/install/builtin_interfaces:/home/joel/ros2_jazzy/install/rosidl_core_runtime:/home/joel/ros2_jazzy/install/rosidl_core_generators:/home/joel/ros2_jazzy/install/rosidl_generator_py:/home/joel/ros2_jazzy/install/ament_lint_common:/home/joel/ros2_jazzy/install/ament_cmake_uncrustify:/home/joel/ros2_jazzy/install/uncrustify_vendor:/home/joel/ros2_jazzy/install/tracetools:/home/joel/ros2_jazzy/install/tlsf:/home/joel/ros2_jazzy/install/qt_gui_core:/home/joel/ros2_jazzy/install/qt_gui_cpp:/home/joel/ros2_jazzy/install/pluginlib:/home/joel/ros2_jazzy/install/tinyxml2_vendor:/home/joel/ros2_jazzy/install/test_security:/home/joel/ros2_jazzy/install/test_rmw_implementation:/home/joel/ros2_jazzy/install/test_rclcpp:/home/joel/ros2_jazzy/install/test_quality_of_service:/home/joel/ros2_jazzy/install/test_launch_testing:/home/joel/ros2_jazzy/install/test_interface_files:/home/joel/ros2_jazzy/install/test_cli_remapping:/home/joel/ros2_jazzy/install/test_cli:/home/joel/ros2_jazzy/install/qt_gui_app:/home/joel/ros2_jazzy/install/qt_gui:/home/joel/ros2_jazzy/install/tango_icons_vendor:/home/joel/ros2_jazzy/install/sqlite3_vendor:/home/joel/ros2_jazzy/install/rcl_logging_spdlog:/home/joel/ros2_jazzy/install/spdlog_vendor:/home/joel/ros2_jazzy/install/shared_queues_vendor:/home/joel/ros2_jazzy/install/rviz_rendering_tests:/home/joel/ros2_jazzy/install/rviz_rendering:/home/joel/ros2_jazzy/install/rviz_ogre_vendor:/home/joel/ros2_jazzy/install/rviz_assimp_vendor:/home/joel/ros2_jazzy/install/rttest:/home/joel/ros2_jazzy/install/rti_connext_dds_cmake_module:/home/joel/ros2_jazzy/install/lttngpy:/home/joel/ros2_jazzy/install/rosidl_typesupport_tests:/home/joel/ros2_jazzy/install/rosidl_typesupport_introspection_tests:/home/joel/ros2_jazzy/install/rosidl_typesupport_cpp:/home/joel/ros2_jazzy/install/rosidl_typesupport_introspection_cpp:/home/joel/ros2_jazzy/install/rosidl_typesupport_c:/home/joel/ros2_jazzy/install/rosidl_typesupport_introspection_c:/home/joel/ros2_jazzy/install/rosidl_typesupport_fastrtps_c:/home/joel/ros2_jazzy/install/rosidl_typesupport_fastrtps_cpp:/home/joel/ros2_jazzy/install/rosidl_generator_cpp:/home/joel/ros2_jazzy/install/rosidl_runtime_cpp:/home/joel/ros2_jazzy/install/rosidl_dynamic_typesupport_fastrtps:/home/joel/ros2_jazzy/install/rcl_yaml_param_parser:/home/joel/ros2_jazzy/install/rmw:/home/joel/ros2_jazzy/install/rosidl_dynamic_typesupport:/home/joel/ros2_jazzy/install/rosidl_runtime_c:/home/joel/ros2_jazzy/install/rosidl_generator_c:/home/joel/ros2_jazzy/install/rosidl_typesupport_interface:/home/joel/ros2_jazzy/install/rosidl_generator_dds_idl:/home/joel/ros2_jazzy/install/rosidl_cmake:/home/joel/ros2_jazzy/install/rosidl_generator_type_description:/home/joel/ros2_jazzy/install/rosidl_parser:/home/joel/ros2_jazzy/install/rosidl_generator_tests:/home/joel/ros2_jazzy/install/rosidl_adapter:/home/joel/ros2_jazzy/install/rosbag2_tests:/home/joel/ros2_jazzy/install/rosbag2_test_msgdefs:/home/joel/ros2_jazzy/install/ros_environment:/home/joel/ros2_jazzy/install/rmw_implementation_cmake:/home/joel/ros2_jazzy/install/resource_retriever:/home/joel/ros2_jazzy/install/class_loader:/home/joel/ros2_jazzy/install/rcpputils:/home/joel/ros2_jazzy/install/rcl_logging_noop:/home/joel/ros2_jazzy/install/rcl_logging_interface:/home/joel/ros2_jazzy/install/rcutils:/home/joel/ros2_jazzy/install/qt_gui_py_common:/home/joel/ros2_jazzy/install/qt_dotgraph:/home/joel/ros2_jazzy/install/python_qt_binding:/home/joel/ros2_jazzy/install/python_orocos_kdl_vendor:/home/joel/ros2_jazzy/install/launch_testing_ament_cmake:/home/joel/ros2_jazzy/install/python_cmake_module:/home/joel/ros2_jazzy/install/pybind11_vendor:/home/joel/ros2_jazzy/install/performance_test_fixture:/home/joel/ros2_jazzy/install/osrf_testing_tools_cpp:/home/joel/ros2_jazzy/install/orocos_kdl_vendor:/home/joel/ros2_jazzy/install/mimick_vendor:/home/joel/ros2_jazzy/install/libyaml_vendor:/home/joel/ros2_jazzy/install/liblz4_vendor:/home/joel/ros2_jazzy/install/libcurl_vendor:/home/joel/ros2_jazzy/install/keyboard_handler:/home/joel/ros2_jazzy/install/iceoryx_introspection:/home/joel/ros2_jazzy/install/cyclonedds:/home/joel/ros2_jazzy/install/iceoryx_posh:/home/joel/ros2_jazzy/install/iceoryx_hoofs:/home/joel/ros2_jazzy/install/iceoryx_binding_c:/home/joel/ros2_jazzy/install/gz_math_vendor:/home/joel/ros2_jazzy/install/gz_utils_vendor:/home/joel/ros2_jazzy/install/gz_cmake_vendor:/home/joel/ros2_jazzy/install/ament_cmake_ros:/home/joel/ros2_jazzy/install/ament_cmake_auto:/home/joel/ros2_jazzy/install/ament_cmake_gmock:/home/joel/ros2_jazzy/install/gmock_vendor:/home/joel/ros2_jazzy/install/fastrtps:/home/joel/ros2_jazzy/install/fastcdr:/home/joel/ros2_jazzy/install/ament_cmake_gtest:/home/joel/ros2_jazzy/install/gtest_vendor:/home/joel/ros2_jazzy/install/ament_cmake_google_benchmark:/home/joel/ros2_jazzy/install/google_benchmark_vendor:/home/joel/ros2_jazzy/install/foonathan_memory_vendor:/home/joel/ros2_jazzy/install/fastrtps_cmake_module:/home/joel/ros2_jazzy/install/eigen3_cmake_module:/home/joel/ros2_jazzy/install/console_bridge_vendor:/home/joel/ros2_jazzy/install/ament_cmake_xmllint:/home/joel/ros2_jazzy/install/ament_cmake_pyflakes:/home/joel/ros2_jazzy/install/ament_cmake_pycodestyle:/home/joel/ros2_jazzy/install/ament_cmake_pep257:/home/joel/ros2_jazzy/install/ament_cmake_pclint:/home/joel/ros2_jazzy/install/ament_lint_auto:/home/joel/ros2_jazzy/install/ament_cmake:/home/joel/ros2_jazzy/install/ament_cmake_version:/home/joel/ros2_jazzy/install/ament_cmake_vendor_package:/home/joel/ros2_jazzy/install/ament_cmake_pytest:/home/joel/ros2_jazzy/install/ament_cmake_mypy:/home/joel/ros2_jazzy/install/ament_cmake_lint_cmake:/home/joel/ros2_jazzy/install/ament_cmake_flake8:/home/joel/ros2_jazzy/install/ament_cmake_cpplint:/home/joel/ros2_jazzy/install/ament_cmake_cppcheck:/home/joel/ros2_jazzy/install/ament_cmake_copyright:/home/joel/ros2_jazzy/install/ament_cmake_clang_tidy:/home/joel/ros2_jazzy/install/ament_cmake_clang_format:/home/joel/ros2_jazzy/install/ament_cmake_test:/home/joel/ros2_jazzy/install/ament_cmake_target_dependencies:/home/joel/ros2_jazzy/install/ament_cmake_python:/home/joel/ros2_jazzy/install/ament_cmake_export_dependencies:/home/joel/ros2_jazzy/install/ament_cmake_libraries:/home/joel/ros2_jazzy/install/ament_cmake_include_directories:/home/joel/ros2_jazzy/install/ament_cmake_gen_version_h:/home/joel/ros2_jazzy/install/ament_cmake_export_targets:/home/joel/ros2_jazzy/install/ament_cmake_export_link_flags:/home/joel/ros2_jazzy/install/ament_cmake_export_interfaces:/home/joel/ros2_jazzy/install/ament_cmake_export_libraries:/home/joel/ros2_jazzy/install/ament_cmake_export_include_directories:/home/joel/ros2_jazzy/install/ament_cmake_export_definitions:/home/joel/ros2_jazzy/install/ament_cmake_core:/home/joel/ros2_jazzy/install/ament_index_cpp:/opt/ros/jazzy/opt/gz_sim_vendor:/opt/ros/jazzy/opt/gz_sensors_vendor:/opt/ros/jazzy/opt/gz_physics_vendor:/opt/ros/jazzy/opt/sdformat_vendor:/opt/ros/jazzy/opt/gz_gui_vendor:/opt/ros/jazzy/opt/gz_transport_vendor:/opt/ros/jazzy/opt/gz_rendering_vendor:/opt/ros/jazzy/opt/gz_plugin_vendor:/opt/ros/jazzy/opt/gz_fuel_tools_vendor:/opt/ros/jazzy/opt/gz_msgs_vendor:/opt/ros/jazzy/opt/gz_common_vendor:/opt/ros/jazzy/opt/gz_math_vendor:/opt/ros/jazzy/opt/gz_utils_vendor:/opt/ros/jazzy/opt/gz_tools_vendor:/opt/ros/jazzy/opt/gz_ogre_next_vendor:/opt/ros/jazzy/opt/gz_dartsim_vendor:/opt/ros/jazzy/opt/gz_cmake_vendor:/home/joel/ros2_jazzy/install/rqt_bag_plugins:/home/joel/ros2_jazzy/install/rqt_bag:/home/joel/ros2_jazzy/install/rosbag2_examples_py:/home/joel/ros2_jazzy/install/launch_testing_examples:/home/joel/ros2_jazzy/install/ros2bag:/home/joel/ros2_jazzy/install/tracetools_test:/home/joel/ros2_jazzy/install/tracetools_launch:/home/joel/ros2_jazzy/install/topic_monitor:/home/joel/ros2_jazzy/install/tf2_tools:/home/joel/ros2_jazzy/install/examples_tf2_py:/home/joel/ros2_jazzy/install/tf2_ros_py:/home/joel/ros2_jazzy/install/examples_rclpy_pointcloud_publisher:/home/joel/ros2_jazzy/install/sensor_msgs_py:/home/joel/ros2_jazzy/install/quality_of_service_demo_py:/home/joel/ros2_jazzy/install/camera_info_manager_py:/home/joel/ros2_jazzy/install/rqt_plot:/home/joel/ros2_jazzy/install/ros2doctor:/home/joel/ros2_jazzy/install/lifecycle_py:/home/joel/ros2_jazzy/install/examples_rclpy_minimal_subscriber:/home/joel/ros2_jazzy/install/examples_rclpy_minimal_service:/home/joel/ros2_jazzy/install/examples_rclpy_minimal_publisher:/home/joel/ros2_jazzy/install/examples_rclpy_minimal_client:/home/joel/ros2_jazzy/install/examples_rclpy_executors:/home/joel/ros2_jazzy/install/demo_nodes_py:/home/joel/ros2_jazzy/install/rqt:/home/joel/ros2_jazzy/install/ros2component:/home/joel/ros2_jazzy/install/sros2:/home/joel/ros2_jazzy/install/rqt_topic:/home/joel/ros2_jazzy/install/rqt_srv:/home/joel/ros2_jazzy/install/rqt_shell:/home/joel/ros2_jazzy/install/rqt_service_caller:/home/joel/ros2_jazzy/install/rqt_reconfigure:/home/joel/ros2_jazzy/install/rqt_py_console:/home/joel/ros2_jazzy/install/rqt_publisher:/home/joel/ros2_jazzy/install/rqt_action:/home/joel/ros2_jazzy/install/rqt_msg:/home/joel/ros2_jazzy/install/rqt_console:/home/joel/ros2_jazzy/install/rqt_graph:/home/joel/ros2_jazzy/install/rqt_gui_py:/home/joel/ros2_jazzy/install/rqt_gui:/home/joel/ros2_jazzy/install/ros2trace:/home/joel/ros2_jazzy/install/ros2topic:/home/joel/ros2_jazzy/install/ros2test:/home/joel/ros2_jazzy/install/ros2param:/home/joel/ros2_jazzy/install/ros2lifecycle:/home/joel/ros2_jazzy/install/ros2service:/home/joel/ros2_jazzy/install/ros2run:/home/joel/ros2_jazzy/install/ros2launch:/home/joel/ros2_jazzy/install/ros2pkg:/home/joel/ros2_jazzy/install/ros2node:/home/joel/ros2_jazzy/install/ros2multicast:/home/joel/ros2_jazzy/install/ros2interface:/home/joel/ros2_jazzy/install/ros2action:/home/joel/ros2_jazzy/install/ros2cli:/home/joel/ros2_jazzy/install/launch_testing_ros:/home/joel/ros2_jazzy/install/launch_ros:/home/joel/ros2_jazzy/install/examples_rclpy_minimal_action_server:/home/joel/ros2_jazzy/install/examples_rclpy_minimal_action_client:/home/joel/ros2_jazzy/install/examples_rclpy_guard_conditions:/home/joel/ros2_jazzy/install/action_tutorials_py:/home/joel/ros2_jazzy/install/ament_uncrustify:/home/joel/ros2_jazzy/install/tracetools_trace:/home/joel/ros2_jazzy/install/tracetools_read:/home/joel/ros2_jazzy/install/test_tracetools_launch:/home/joel/ros2_jazzy/install/test_ros2trace:/home/joel/ros2_jazzy/install/test_launch_ros:/home/joel/ros2_jazzy/install/rpyutils:/home/joel/ros2_jazzy/install/rosidl_runtime_py:/home/joel/ros2_jazzy/install/rosidl_pycommon:/home/joel/ros2_jazzy/install/rosidl_cli:/home/joel/ros2_jazzy/install/launch_pytest:/home/joel/ros2_jazzy/install/launch_testing:/home/joel/ros2_jazzy/install/launch_yaml:/home/joel/ros2_jazzy/install/launch_xml:/home/joel/ros2_jazzy/install/launch:/home/joel/ros2_jazzy/install/osrf_pycommon:/home/joel/ros2_jazzy/install/domain_coordinator:/home/joel/ros2_jazzy/install/ament_xmllint:/home/joel/ros2_jazzy/install/ament_pyflakes:/home/joel/ros2_jazzy/install/ament_pycodestyle:/home/joel/ros2_jazzy/install/ament_pep257:/home/joel/ros2_jazzy/install/ament_pclint:/home/joel/ros2_jazzy/install/ament_package:/home/joel/ros2_jazzy/install/ament_mypy:/home/joel/ros2_jazzy/install/ament_lint_cmake:/home/joel/ros2_jazzy/install/ament_flake8:/home/joel/ros2_jazzy/install/ament_copyright:/home/joel/ros2_jazzy/install/ament_lint:/home/joel/ros2_jazzy/install/ament_index_python:/home/joel/ros2_jazzy/install/ament_cpplint:/home/joel/ros2_jazzy/install/ament_cppcheck:/home/joel/ros2_jazzy/install/ament_clang_tidy:/home/joel/ros2_jazzy/install/ament_clang_format:/opt/ros/jazzy DEBUGINFOD_URLS=https://debuginfod.ubuntu.com LD_LIBRARY_PATH=/home/joel/vsC/Self-Driving-and-ROS-2-Learn-by-Doing-Plan-Navigation/Section3_Introduction_to_ROS_2/bumperbot_ws/install/bumperbot_msgs/lib:${LD_LIBRARY_PATH} PYTHONPATH=/home/joel/vsC/Self-Driving-and-ROS-2-Learn-by-Doing-Plan-Navigation/Section3_Introduction_to_ROS_2/bumperbot_ws/install/bumperbot_msgs/lib/python3.12/site-packages:${PYTHONPATH} /usr/bin/cmake --install /home/joel/vsC/Self-Driving-and-ROS-2-Learn-by-Doing-Plan-Navigation/Section3_Introduction_to_ROS_2/bumperbot_ws/build/bumperbot_cpp_examples
[79.194s] Level 1:colcon.colcon_core.environment:checking '/home/joel/vsC/Self-Driving-and-ROS-2-Learn-by-Doing-Plan-Navigation/Section3_Introduction_to_ROS_2/bumperbot_ws/install/bumperbot_cpp_examples' for CMake config files
[79.195s] Level 1:colcon.colcon_core.shell:create_environment_hook('bumperbot_cpp_examples', 'cmake_prefix_path')
[79.195s] INFO:colcon.colcon_core.shell:Creating environment hook '/home/joel/vsC/Self-Driving-and-ROS-2-Learn-by-Doing-Plan-Navigation/Section3_Introduction_to_ROS_2/bumperbot_ws/install/bumperbot_cpp_examples/share/bumperbot_cpp_examples/hook/cmake_prefix_path.ps1'
[79.195s] INFO:colcon.colcon_core.shell:Creating environment descriptor '/home/joel/vsC/Self-Driving-and-ROS-2-Learn-by-Doing-Plan-Navigation/Section3_Introduction_to_ROS_2/bumperbot_ws/install/bumperbot_cpp_examples/share/bumperbot_cpp_examples/hook/cmake_prefix_path.dsv'
[79.195s] INFO:colcon.colcon_core.shell:Creating environment hook '/home/joel/vsC/Self-Driving-and-ROS-2-Learn-by-Doing-Plan-Navigation/Section3_Introduction_to_ROS_2/bumperbot_ws/install/bumperbot_cpp_examples/share/bumperbot_cpp_examples/hook/cmake_prefix_path.sh'
[79.196s] Level 1:colcon.colcon_core.environment:checking '/home/joel/vsC/Self-Driving-and-ROS-2-Learn-by-Doing-Plan-Navigation/Section3_Introduction_to_ROS_2/bumperbot_ws/install/bumperbot_cpp_examples/lib'
[79.196s] Level 1:colcon.colcon_core.shell:create_environment_hook('bumperbot_cpp_examples', 'ld_library_path_lib')
[79.196s] INFO:colcon.colcon_core.shell:Creating environment hook '/home/joel/vsC/Self-Driving-and-ROS-2-Learn-by-Doing-Plan-Navigation/Section3_Introduction_to_ROS_2/bumperbot_ws/install/bumperbot_cpp_examples/share/bumperbot_cpp_examples/hook/ld_library_path_lib.ps1'
[79.197s] INFO:colcon.colcon_core.shell:Creating environment descriptor '/home/joel/vsC/Self-Driving-and-ROS-2-Learn-by-Doing-Plan-Navigation/Section3_Introduction_to_ROS_2/bumperbot_ws/install/bumperbot_cpp_examples/share/bumperbot_cpp_examples/hook/ld_library_path_lib.dsv'
[79.197s] INFO:colcon.colcon_core.shell:Creating environment hook '/home/joel/vsC/Self-Driving-and-ROS-2-Learn-by-Doing-Plan-Navigation/Section3_Introduction_to_ROS_2/bumperbot_ws/install/bumperbot_cpp_examples/share/bumperbot_cpp_examples/hook/ld_library_path_lib.sh'
[79.197s] Level 1:colcon.colcon_core.environment:checking '/home/joel/vsC/Self-Driving-and-ROS-2-Learn-by-Doing-Plan-Navigation/Section3_Introduction_to_ROS_2/bumperbot_ws/install/bumperbot_cpp_examples/bin'
[79.197s] Level 1:colcon.colcon_core.environment:checking '/home/joel/vsC/Self-Driving-and-ROS-2-Learn-by-Doing-Plan-Navigation/Section3_Introduction_to_ROS_2/bumperbot_ws/install/bumperbot_cpp_examples/lib/pkgconfig/bumperbot_cpp_examples.pc'
[79.197s] Level 1:colcon.colcon_core.environment:checking '/home/joel/vsC/Self-Driving-and-ROS-2-Learn-by-Doing-Plan-Navigation/Section3_Introduction_to_ROS_2/bumperbot_ws/install/bumperbot_cpp_examples/lib/python3.12/site-packages'
[79.198s] Level 1:colcon.colcon_core.environment:checking '/home/joel/vsC/Self-Driving-and-ROS-2-Learn-by-Doing-Plan-Navigation/Section3_Introduction_to_ROS_2/bumperbot_ws/install/bumperbot_cpp_examples/bin'
[79.198s] INFO:colcon.colcon_core.shell:Creating package script '/home/joel/vsC/Self-Driving-and-ROS-2-Learn-by-Doing-Plan-Navigation/Section3_Introduction_to_ROS_2/bumperbot_ws/install/bumperbot_cpp_examples/share/bumperbot_cpp_examples/package.ps1'
[79.198s] INFO:colcon.colcon_core.shell:Creating package descriptor '/home/joel/vsC/Self-Driving-and-ROS-2-Learn-by-Doing-Plan-Navigation/Section3_Introduction_to_ROS_2/bumperbot_ws/install/bumperbot_cpp_examples/share/bumperbot_cpp_examples/package.dsv'
[79.199s] INFO:colcon.colcon_core.shell:Creating package script '/home/joel/vsC/Self-Driving-and-ROS-2-Learn-by-Doing-Plan-Navigation/Section3_Introduction_to_ROS_2/bumperbot_ws/install/bumperbot_cpp_examples/share/bumperbot_cpp_examples/package.sh'
[79.199s] INFO:colcon.colcon_core.shell:Creating package script '/home/joel/vsC/Self-Driving-and-ROS-2-Learn-by-Doing-Plan-Navigation/Section3_Introduction_to_ROS_2/bumperbot_ws/install/bumperbot_cpp_examples/share/bumperbot_cpp_examples/package.bash'
[79.199s] INFO:colcon.colcon_core.shell:Creating package script '/home/joel/vsC/Self-Driving-and-ROS-2-Learn-by-Doing-Plan-Navigation/Section3_Introduction_to_ROS_2/bumperbot_ws/install/bumperbot_cpp_examples/share/bumperbot_cpp_examples/package.zsh'
[79.199s] Level 1:colcon.colcon_core.environment:create_file_with_runtime_dependencies(/home/joel/vsC/Self-Driving-and-ROS-2-Learn-by-Doing-Plan-Navigation/Section3_Introduction_to_ROS_2/bumperbot_ws/install/bumperbot_cpp_examples/share/colcon-core/packages/bumperbot_cpp_examples)
[79.200s] Level 1:colcon.colcon_core.environment:create_environment_scripts_only(bumperbot_cpp_examples)
[79.200s] Level 1:colcon.colcon_core.environment:checking '/home/joel/vsC/Self-Driving-and-ROS-2-Learn-by-Doing-Plan-Navigation/Section3_Introduction_to_ROS_2/bumperbot_ws/install/bumperbot_cpp_examples' for CMake module files
[79.201s] Level 1:colcon.colcon_core.environment:checking '/home/joel/vsC/Self-Driving-and-ROS-2-Learn-by-Doing-Plan-Navigation/Section3_Introduction_to_ROS_2/bumperbot_ws/install/bumperbot_cpp_examples' for CMake config files
[79.201s] Level 1:colcon.colcon_core.shell:create_environment_hook('bumperbot_cpp_examples', 'cmake_prefix_path')
[79.201s] INFO:colcon.colcon_core.shell:Creating environment hook '/home/joel/vsC/Self-Driving-and-ROS-2-Learn-by-Doing-Plan-Navigation/Section3_Introduction_to_ROS_2/bumperbot_ws/install/bumperbot_cpp_examples/share/bumperbot_cpp_examples/hook/cmake_prefix_path.ps1'
[79.201s] INFO:colcon.colcon_core.shell:Creating environment descriptor '/home/joel/vsC/Self-Driving-and-ROS-2-Learn-by-Doing-Plan-Navigation/Section3_Introduction_to_ROS_2/bumperbot_ws/install/bumperbot_cpp_examples/share/bumperbot_cpp_examples/hook/cmake_prefix_path.dsv'
[79.202s] INFO:colcon.colcon_core.shell:Creating environment hook '/home/joel/vsC/Self-Driving-and-ROS-2-Learn-by-Doing-Plan-Navigation/Section3_Introduction_to_ROS_2/bumperbot_ws/install/bumperbot_cpp_examples/share/bumperbot_cpp_examples/hook/cmake_prefix_path.sh'
[79.202s] Level 1:colcon.colcon_core.environment:checking '/home/joel/vsC/Self-Driving-and-ROS-2-Learn-by-Doing-Plan-Navigation/Section3_Introduction_to_ROS_2/bumperbot_ws/install/bumperbot_cpp_examples/lib'
[79.202s] Level 1:colcon.colcon_core.shell:create_environment_hook('bumperbot_cpp_examples', 'ld_library_path_lib')
[79.202s] INFO:colcon.colcon_core.shell:Creating environment hook '/home/joel/vsC/Self-Driving-and-ROS-2-Learn-by-Doing-Plan-Navigation/Section3_Introduction_to_ROS_2/bumperbot_ws/install/bumperbot_cpp_examples/share/bumperbot_cpp_examples/hook/ld_library_path_lib.ps1'
[79.203s] INFO:colcon.colcon_core.shell:Creating environment descriptor '/home/joel/vsC/Self-Driving-and-ROS-2-Learn-by-Doing-Plan-Navigation/Section3_Introduction_to_ROS_2/bumperbot_ws/install/bumperbot_cpp_examples/share/bumperbot_cpp_examples/hook/ld_library_path_lib.dsv'
[79.203s] INFO:colcon.colcon_core.shell:Creating environment hook '/home/joel/vsC/Self-Driving-and-ROS-2-Learn-by-Doing-Plan-Navigation/Section3_Introduction_to_ROS_2/bumperbot_ws/install/bumperbot_cpp_examples/share/bumperbot_cpp_examples/hook/ld_library_path_lib.sh'
[79.203s] Level 1:colcon.colcon_core.environment:checking '/home/joel/vsC/Self-Driving-and-ROS-2-Learn-by-Doing-Plan-Navigation/Section3_Introduction_to_ROS_2/bumperbot_ws/install/bumperbot_cpp_examples/bin'
[79.203s] Level 1:colcon.colcon_core.environment:checking '/home/joel/vsC/Self-Driving-and-ROS-2-Learn-by-Doing-Plan-Navigation/Section3_Introduction_to_ROS_2/bumperbot_ws/install/bumperbot_cpp_examples/lib/pkgconfig/bumperbot_cpp_examples.pc'
[79.204s] Level 1:colcon.colcon_core.environment:checking '/home/joel/vsC/Self-Driving-and-ROS-2-Learn-by-Doing-Plan-Navigation/Section3_Introduction_to_ROS_2/bumperbot_ws/install/bumperbot_cpp_examples/lib/python3.12/site-packages'
[79.204s] Level 1:colcon.colcon_core.environment:checking '/home/joel/vsC/Self-Driving-and-ROS-2-Learn-by-Doing-Plan-Navigation/Section3_Introduction_to_ROS_2/bumperbot_ws/install/bumperbot_cpp_examples/bin'
[79.204s] INFO:colcon.colcon_core.shell:Creating package script '/home/joel/vsC/Self-Driving-and-ROS-2-Learn-by-Doing-Plan-Navigation/Section3_Introduction_to_ROS_2/bumperbot_ws/install/bumperbot_cpp_examples/share/bumperbot_cpp_examples/package.ps1'
[79.204s] INFO:colcon.colcon_core.shell:Creating package descriptor '/home/joel/vsC/Self-Driving-and-ROS-2-Learn-by-Doing-Plan-Navigation/Section3_Introduction_to_ROS_2/bumperbot_ws/install/bumperbot_cpp_examples/share/bumperbot_cpp_examples/package.dsv'
[79.205s] INFO:colcon.colcon_core.shell:Creating package script '/home/joel/vsC/Self-Driving-and-ROS-2-Learn-by-Doing-Plan-Navigation/Section3_Introduction_to_ROS_2/bumperbot_ws/install/bumperbot_cpp_examples/share/bumperbot_cpp_examples/package.sh'
[79.205s] INFO:colcon.colcon_core.shell:Creating package script '/home/joel/vsC/Self-Driving-and-ROS-2-Learn-by-Doing-Plan-Navigation/Section3_Introduction_to_ROS_2/bumperbot_ws/install/bumperbot_cpp_examples/share/bumperbot_cpp_examples/package.bash'
[79.206s] INFO:colcon.colcon_core.shell:Creating package script '/home/joel/vsC/Self-Driving-and-ROS-2-Learn-by-Doing-Plan-Navigation/Section3_Introduction_to_ROS_2/bumperbot_ws/install/bumperbot_cpp_examples/share/bumperbot_cpp_examples/package.zsh'
[79.206s] Level 1:colcon.colcon_core.environment:create_file_with_runtime_dependencies(/home/joel/vsC/Self-Driving-and-ROS-2-Learn-by-Doing-Plan-Navigation/Section3_Introduction_to_ROS_2/bumperbot_ws/install/bumperbot_cpp_examples/share/colcon-core/packages/bumperbot_cpp_examples)
[79.207s] DEBUG:colcon.colcon_parallel_executor.executor.parallel:closing loop
[79.208s] DEBUG:colcon.colcon_parallel_executor.executor.parallel:loop closed
[79.208s] DEBUG:colcon.colcon_parallel_executor.executor.parallel:run_until_complete finished with '0'
[79.208s] DEBUG:colcon.colcon_core.event_reactor:joining thread
[79.246s] INFO:colcon.colcon_core.plugin_system:Skipping extension 'colcon_notification.desktop_notification.terminal_notifier': Not used on non-Darwin systems
[79.246s] INFO:colcon.colcon_core.plugin_system:Skipping extension 'colcon_notification.desktop_notification.win32': Not used on non-Windows systems
[79.246s] INFO:colcon.colcon_notification.desktop_notification:Sending desktop notification using 'notify2'
[79.324s] DEBUG:colcon.colcon_core.event_reactor:joined thread
[79.325s] INFO:colcon.colcon_core.shell:Creating prefix script '/home/joel/vsC/Self-Driving-and-ROS-2-Learn-by-Doing-Plan-Navigation/Section3_Introduction_to_ROS_2/bumperbot_ws/install/local_setup.ps1'
[79.327s] INFO:colcon.colcon_core.shell:Creating prefix util module '/home/joel/vsC/Self-Driving-and-ROS-2-Learn-by-Doing-Plan-Navigation/Section3_Introduction_to_ROS_2/bumperbot_ws/install/_local_setup_util_ps1.py'
[79.329s] INFO:colcon.colcon_core.shell:Creating prefix chain script '/home/joel/vsC/Self-Driving-and-ROS-2-Learn-by-Doing-Plan-Navigation/Section3_Introduction_to_ROS_2/bumperbot_ws/install/setup.ps1'
[79.355s] INFO:colcon.colcon_core.shell:Creating prefix script '/home/joel/vsC/Self-Driving-and-ROS-2-Learn-by-Doing-Plan-Navigation/Section3_Introduction_to_ROS_2/bumperbot_ws/install/local_setup.sh'
[79.356s] INFO:colcon.colcon_core.shell:Creating prefix util module '/home/joel/vsC/Self-Driving-and-ROS-2-Learn-by-Doing-Plan-Navigation/Section3_Introduction_to_ROS_2/bumperbot_ws/install/_local_setup_util_sh.py'
[79.357s] INFO:colcon.colcon_core.shell:Creating prefix chain script '/home/joel/vsC/Self-Driving-and-ROS-2-Learn-by-Doing-Plan-Navigation/Section3_Introduction_to_ROS_2/bumperbot_ws/install/setup.sh'
[79.376s] INFO:colcon.colcon_core.shell:Creating prefix script '/home/joel/vsC/Self-Driving-and-ROS-2-Learn-by-Doing-Plan-Navigation/Section3_Introduction_to_ROS_2/bumperbot_ws/install/local_setup.bash'
[79.376s] INFO:colcon.colcon_core.shell:Creating prefix chain script '/home/joel/vsC/Self-Driving-and-ROS-2-Learn-by-Doing-Plan-Navigation/Section3_Introduction_to_ROS_2/bumperbot_ws/install/setup.bash'
[79.390s] INFO:colcon.colcon_core.shell:Creating prefix script '/home/joel/vsC/Self-Driving-and-ROS-2-Learn-by-Doing-Plan-Navigation/Section3_Introduction_to_ROS_2/bumperbot_ws/install/local_setup.zsh'
[79.391s] INFO:colcon.colcon_core.shell:Creating prefix chain script '/home/joel/vsC/Self-Driving-and-ROS-2-Learn-by-Doing-Plan-Navigation/Section3_Introduction_to_ROS_2/bumperbot_ws/install/setup.zsh'
